cliente_id,produto_id,decisao_em,cliente_patrimonio,cliente_perfil,perfil_calculado,horizonte_anos,tolerancia_perda,num_posicoes,pct_rf,pct_rv,pct_fundos,pct_previdencia,pct_estruturados,pct_cambio,top_emissor_pct,emissor_alvo_match,produto_categoria,produto_risco,produto_rentabilidade_ano,produto_perfil_minimo,produto_taxa_admin,produto_tributacao,produto_liquidez_meses,aprovado
synth-cli-0000,fundo-mm-4,2026-05-23,2485222.73,AGRESSIVO,AGRESSIVO,14,41.6,3,0.5474,0.0,0.0,0.189,0.0,0.2375,0.5474,0,FUNDOS,3,12.89,MODERADO,2.27,TRIBUTADO,1.604,1
synth-cli-0000,rf-pub-1,2026-02-21,2485222.73,AGRESSIVO,AGRESSIVO,14,41.6,3,0.5474,0.0,0.0,0.189,0.0,0.2375,0.5474,0,RENDA_FIXA,3,12.55,MODERADO,0.0,INCENTIVADO,36.0,1
synth-cli-0000,rf-cdb-3,2026-01-12,2485222.73,AGRESSIVO,AGRESSIVO,14,41.6,3,0.5474,0.0,0.0,0.189,0.0,0.2375,0.5474,0,RENDA_FIXA,1,13.62,CONSERVADOR,0.0,TRIBUTADO,0.042,1
synth-cli-0000,rf-cdb-1,2026-04-27,2485222.73,AGRESSIVO,AGRESSIVO,14,41.6,3,0.5474,0.0,0.0,0.189,0.0,0.2375,0.5474,1,RENDA_FIXA,1,11.46,CONSERVADOR,0.0,TRIBUTADO,0.056,0
synth-cli-0000,firf-2,2026-01-27,2485222.73,AGRESSIVO,AGRESSIVO,14,41.6,3,0.5474,0.0,0.0,0.189,0.0,0.2375,0.5474,0,FUNDOS,2,11.76,CONSERVADOR,0.78,TRIBUTADO,1.0,1
synth-cli-0000,rv-ivvb11,2026-03-03,2485222.73,AGRESSIVO,AGRESSIVO,14,41.6,3,0.5474,0.0,0.0,0.189,0.0,0.2375,0.5474,0,RENDA_VARIAVEL,4,17.47,ARROJADO,0.0,ISENTO,0.067,1
synth-cli-0000,fundo-mm-1,2026-05-04,2485222.73,AGRESSIVO,AGRESSIVO,14,41.6,3,0.5474,0.0,0.0,0.189,0.0,0.2375,0.5474,0,FUNDOS,4,15.74,ARROJADO,1.01,TRIBUTADO,1.806,0
synth-cli-0000,rv-itsa4,2026-02-17,2485222.73,AGRESSIVO,AGRESSIVO,14,41.6,3,0.5474,0.0,0.0,0.189,0.0,0.2375,0.5474,0,RENDA_VARIAVEL,4,15.45,ARROJADO,0.0,TRIBUTADO,0.067,1
synth-cli-0000,cambio-1,2026-05-21,2485222.73,AGRESSIVO,AGRESSIVO,14,41.6,3,0.5474,0.0,0.0,0.189,0.0,0.2375,0.5474,0,CAMBIO,4,10.47,ARROJADO,1.77,TRIBUTADO,1.0,0
synth-cli-0000,firf-0,2026-01-25,2485222.73,AGRESSIVO,AGRESSIVO,14,41.6,3,0.5474,0.0,0.0,0.189,0.0,0.2375,0.5474,0,FUNDOS,2,12.61,CONSERVADOR,0.86,TRIBUTADO,1.0,1
synth-cli-0000,rv-bpac11,2026-03-22,2485222.73,AGRESSIVO,AGRESSIVO,14,41.6,3,0.5474,0.0,0.0,0.189,0.0,0.2375,0.5474,0,RENDA_VARIAVEL,4,19.32,ARROJADO,0.0,ISENTO,0.067,1
synth-cli-0001,rv-btlg11,2026-03-20,12582149.9,CONSERVADOR,CONSERVADOR,3,8.2,3,0.3649,0.0,0.0563,0.3117,0.0,0.0,0.3649,0,RENDA_VARIAVEL,3,11.31,MODERADO,0.0,ISENTO,0.067,0
synth-cli-0001,rv-itsa4,2026-05-07,12582149.9,CONSERVADOR,CONSERVADOR,3,8.2,3,0.3649,0.0,0.0563,0.3117,0.0,0.0,0.3649,0,RENDA_VARIAVEL,4,15.45,ARROJADO,0.0,TRIBUTADO,0.067,0
synth-cli-0001,fundo-mm-2,2026-05-24,12582149.9,CONSERVADOR,CONSERVADOR,3,8.2,3,0.3649,0.0,0.0563,0.3117,0.0,0.0,0.3649,0,FUNDOS,3,15.29,MODERADO,1.51,TRIBUTADO,1.155,0
synth-cli-0001,rf-cdb-3,2026-04-01,12582149.9,CONSERVADOR,CONSERVADOR,3,8.2,3,0.3649,0.0,0.0563,0.3117,0.0,0.0,0.3649,0,RENDA_FIXA,1,13.62,CONSERVADOR,0.0,TRIBUTADO,0.042,1
synth-cli-0001,rf-pub-0,2026-03-20,12582149.9,CONSERVADOR,CONSERVADOR,3,8.2,3,0.3649,0.0,0.0563,0.3117,0.0,0.0,0.3649,0,RENDA_FIXA,1,6.5,CONSERVADOR,0.0,TRIBUTADO,0.033,1
synth-cli-0001,prev-1,2026-02-10,12582149.9,CONSERVADOR,CONSERVADOR,3,8.2,3,0.3649,0.0,0.0563,0.3117,0.0,0.0,0.3649,0,PREVIDENCIA,3,10.58,MODERADO,0.86,INCENTIVADO,0.167,0
synth-cli-0001,prev-2,2026-02-07,12582149.9,CONSERVADOR,CONSERVADOR,3,8.2,3,0.3649,0.0,0.0563,0.3117,0.0,0.0,0.3649,0,PREVIDENCIA,2,10.47,MODERADO,0.87,INCENTIVADO,0.167,0
synth-cli-0001,firf-1,2026-03-18,12582149.9,CONSERVADOR,CONSERVADOR,3,8.2,3,0.3649,0.0,0.0563,0.3117,0.0,0.0,0.3649,0,FUNDOS,2,12.07,CONSERVADOR,0.99,TRIBUTADO,1.0,0
synth-cli-0001,fundo-mm-1,2026-05-19,12582149.9,CONSERVADOR,CONSERVADOR,3,8.2,3,0.3649,0.0,0.0563,0.3117,0.0,0.0,0.3649,0,FUNDOS,4,15.74,ARROJADO,1.01,TRIBUTADO,1.806,0
synth-cli-0001,firf-0,2026-01-15,12582149.9,CONSERVADOR,CONSERVADOR,3,8.2,3,0.3649,0.0,0.0563,0.3117,0.0,0.0,0.3649,0,FUNDOS,2,12.61,CONSERVADOR,0.86,TRIBUTADO,1.0,1
synth-cli-0001,rf-isento-2,2026-05-08,12582149.9,CONSERVADOR,CONSERVADOR,3,8.2,3,0.3649,0.0,0.0563,0.3117,0.0,0.0,0.3649,0,RENDA_FIXA,1,11.97,CONSERVADOR,0.0,ISENTO,24.0,1
synth-cli-0001,prev-0,2026-03-03,12582149.9,CONSERVADOR,CONSERVADOR,3,8.2,3,0.3649,0.0,0.0563,0.3117,0.0,0.0,0.3649,0,PREVIDENCIA,2,10.09,CONSERVADOR,0.96,INCENTIVADO,0.167,0
synth-cli-0001,rv-knri11,2026-05-07,12582149.9,CONSERVADOR,CONSERVADOR,3,8.2,3,0.3649,0.0,0.0563,0.3117,0.0,0.0,0.3649,0,RENDA_VARIAVEL,3,11.32,MODERADO,0.0,ISENTO,0.067,0
synth-cli-0001,fundo-mm-3,2026-03-26,12582149.9,CONSERVADOR,CONSERVADOR,3,8.2,3,0.3649,0.0,0.0563,0.3117,0.0,0.0,0.3649,0,FUNDOS,4,16.33,ARROJADO,1.5,TRIBUTADO,1.093,0
synth-cli-0001,fundo-mm-0,2026-04-27,12582149.9,CONSERVADOR,CONSERVADOR,3,8.2,3,0.3649,0.0,0.0563,0.3117,0.0,0.0,0.3649,0,FUNDOS,3,14.68,MODERADO,1.33,TRIBUTADO,1.589,0
synth-cli-0001,rv-ivvb11,2026-05-27,12582149.9,CONSERVADOR,CONSERVADOR,3,8.2,3,0.3649,0.0,0.0563,0.3117,0.0,0.0,0.3649,0,RENDA_VARIAVEL,4,17.47,ARROJADO,0.0,ISENTO,0.067,0
synth-cli-0001,rf-isento-0,2026-05-21,12582149.9,CONSERVADOR,CONSERVADOR,3,8.2,3,0.3649,0.0,0.0563,0.3117,0.0,0.0,0.3649,1,RENDA_FIXA,1,11.04,CONSERVADOR,0.0,ISENTO,24.0,0
synth-cli-0001,rv-bpac11,2026-05-13,12582149.9,CONSERVADOR,CONSERVADOR,3,8.2,3,0.3649,0.0,0.0563,0.3117,0.0,0.0,0.3649,0,RENDA_VARIAVEL,4,19.32,ARROJADO,0.0,ISENTO,0.067,0
synth-cli-0001,coe-1,2026-01-25,12582149.9,CONSERVADOR,CONSERVADOR,3,8.2,3,0.3649,0.0,0.0563,0.3117,0.0,0.0,0.3649,0,ESTRUTURADOS,5,22.09,ARROJADO,0.0,TRIBUTADO,36.0,0
synth-cli-0001,rf-pub-1,2026-04-14,12582149.9,CONSERVADOR,CONSERVADOR,3,8.2,3,0.3649,0.0,0.0563,0.3117,0.0,0.0,0.3649,0,RENDA_FIXA,3,12.55,MODERADO,0.0,INCENTIVADO,36.0,0
synth-cli-0001,fundo-mm-4,2026-01-28,12582149.9,CONSERVADOR,CONSERVADOR,3,8.2,3,0.3649,0.0,0.0563,0.3117,0.0,0.0,0.3649,0,FUNDOS,3,12.89,MODERADO,2.27,TRIBUTADO,1.604,0
synth-cli-0001,cambio-0,2026-05-01,12582149.9,CONSERVADOR,CONSERVADOR,3,8.2,3,0.3649,0.0,0.0563,0.3117,0.0,0.0,0.3649,0,CAMBIO,4,11.55,ARROJADO,1.87,TRIBUTADO,1.0,0
synth-cli-0002,rf-cdb-1,2026-03-03,3887349.16,CONSERVADOR,CONSERVADOR,4,5.1,3,0.4415,0.0,0.1263,0.3149,0.0,0.0,0.4415,0,RENDA_FIXA,1,11.46,CONSERVADOR,0.0,TRIBUTADO,0.056,1
synth-cli-0002,rf-isento-1,2026-03-03,3887349.16,CONSERVADOR,CONSERVADOR,4,5.1,3,0.4415,0.0,0.1263,0.3149,0.0,0.0,0.4415,0,RENDA_FIXA,1,11.3,CONSERVADOR,0.0,ISENTO,24.0,0
synth-cli-0002,firf-0,2026-04-25,3887349.16,CONSERVADOR,CONSERVADOR,4,5.1,3,0.4415,0.0,0.1263,0.3149,0.0,0.0,0.4415,0,FUNDOS,2,12.61,CONSERVADOR,0.86,TRIBUTADO,1.0,0
synth-cli-0002,cambio-1,2026-02-16,3887349.16,CONSERVADOR,CONSERVADOR,4,5.1,3,0.4415,0.0,0.1263,0.3149,0.0,0.0,0.4415,0,CAMBIO,4,10.47,ARROJADO,1.77,TRIBUTADO,1.0,0
synth-cli-0002,rf-isento-2,2026-04-13,3887349.16,CONSERVADOR,CONSERVADOR,4,5.1,3,0.4415,0.0,0.1263,0.3149,0.0,0.0,0.4415,0,RENDA_FIXA,1,11.97,CONSERVADOR,0.0,ISENTO,24.0,1
synth-cli-0002,firf-1,2026-02-18,3887349.16,CONSERVADOR,CONSERVADOR,4,5.1,3,0.4415,0.0,0.1263,0.3149,0.0,0.0,0.4415,0,FUNDOS,2,12.07,CONSERVADOR,0.99,TRIBUTADO,1.0,0
synth-cli-0002,firf-2,2026-05-08,3887349.16,CONSERVADOR,CONSERVADOR,4,5.1,3,0.4415,0.0,0.1263,0.3149,0.0,0.0,0.4415,0,FUNDOS,2,11.76,CONSERVADOR,0.78,TRIBUTADO,1.0,0
synth-cli-0002,rf-cdb-4,2026-05-03,3887349.16,CONSERVADOR,CONSERVADOR,4,5.1,3,0.4415,0.0,0.1263,0.3149,0.0,0.0,0.4415,0,RENDA_FIXA,1,11.98,CONSERVADOR,0.0,TRIBUTADO,0.036,1
synth-cli-0002,prev-2,2026-04-14,3887349.16,CONSERVADOR,CONSERVADOR,4,5.1,3,0.4415,0.0,0.1263,0.3149,0.0,0.0,0.4415,0,PREVIDENCIA,2,10.47,MODERADO,0.87,INCENTIVADO,0.167,0
synth-cli-0002,coe-1,2026-02-11,3887349.16,CONSERVADOR,CONSERVADOR,4,5.1,3,0.4415,0.0,0.1263,0.3149,0.0,0.0,0.4415,0,ESTRUTURADOS,5,22.09,ARROJADO,0.0,TRIBUTADO,36.0,0
synth-cli-0002,rf-pub-2,2026-01-25,3887349.16,CONSERVADOR,CONSERVADOR,4,5.1,3,0.4415,0.0,0.1263,0.3149,0.0,0.0,0.4415,0,RENDA_FIXA,3,13.26,MODERADO,0.0,INCENTIVADO,36.0,0
synth-cli-0002,rv-knri11,2026-03-20,3887349.16,CONSERVADOR,CONSERVADOR,4,5.1,3,0.4415,0.0,0.1263,0.3149,0.0,0.0,0.4415,0,RENDA_VARIAVEL,3,11.32,MODERADO,0.0,ISENTO,0.067,0
synth-cli-0002,coe-0,2026-04-20,3887349.16,CONSERVADOR,CONSERVADOR,4,5.1,3,0.4415,0.0,0.1263,0.3149,0.0,0.0,0.4415,0,ESTRUTURADOS,5,19.22,ARROJADO,0.0,TRIBUTADO,36.0,0
synth-cli-0002,fundo-mm-1,2026-01-27,3887349.16,CONSERVADOR,CONSERVADOR,4,5.1,3,0.4415,0.0,0.1263,0.3149,0.0,0.0,0.4415,0,FUNDOS,4,15.74,ARROJADO,1.01,TRIBUTADO,1.806,0
synth-cli-0002,fundo-mm-3,2026-03-05,3887349.16,CONSERVADOR,CONSERVADOR,4,5.1,3,0.4415,0.0,0.1263,0.3149,0.0,0.0,0.4415,0,FUNDOS,4,16.33,ARROJADO,1.5,TRIBUTADO,1.093,0
synth-cli-0002,rf-cdb-2,2026-01-04,3887349.16,CONSERVADOR,CONSERVADOR,4,5.1,3,0.4415,0.0,0.1263,0.3149,0.0,0.0,0.4415,0,RENDA_FIXA,1,13.08,CONSERVADOR,0.0,TRIBUTADO,0.101,0
synth-cli-0002,rf-cdb-3,2026-02-28,3887349.16,CONSERVADOR,CONSERVADOR,4,5.1,3,0.4415,0.0,0.1263,0.3149,0.0,0.0,0.4415,0,RENDA_FIXA,1,13.62,CONSERVADOR,0.0,TRIBUTADO,0.042,1
synth-cli-0002,rf-pub-1,2026-03-01,3887349.16,CONSERVADOR,CONSERVADOR,4,5.1,3,0.4415,0.0,0.1263,0.3149,0.0,0.0,0.4415,0,RENDA_FIXA,3,12.55,MODERADO,0.0,INCENTIVADO,36.0,0
synth-cli-0002,rv-bpac11,2026-01-10,3887349.16,CONSERVADOR,CONSERVADOR,4,5.1,3,0.4415,0.0,0.1263,0.3149,0.0,0.0,0.4415,0,RENDA_VARIAVEL,4,19.32,ARROJADO,0.0,ISENTO,0.067,0
synth-cli-0002,fundo-mm-2,2026-01-11,3887349.16,CONSERVADOR,CONSERVADOR,4,5.1,3,0.4415,0.0,0.1263,0.3149,0.0,0.0,0.4415,0,FUNDOS,3,15.29,MODERADO,1.51,TRIBUTADO,1.155,0
synth-cli-0003,rv-knri11,2026-05-02,4509291.43,MODERADO,MODERADO,5,14.9,4,0.4363,0.0751,0.2484,0.1046,0.0,0.0,0.4363,0,RENDA_VARIAVEL,3,11.32,MODERADO,0.0,ISENTO,0.067,0
synth-cli-0003,firf-1,2026-05-09,4509291.43,MODERADO,MODERADO,5,14.9,4,0.4363,0.0751,0.2484,0.1046,0.0,0.0,0.4363,0,FUNDOS,2,12.07,CONSERVADOR,0.99,TRIBUTADO,1.0,1
synth-cli-0003,rf-pub-1,2026-01-03,4509291.43,MODERADO,MODERADO,5,14.9,4,0.4363,0.0751,0.2484,0.1046,0.0,0.0,0.4363,0,RENDA_FIXA,3,12.55,MODERADO,0.0,INCENTIVADO,36.0,1
synth-cli-0003,coe-1,2026-03-22,4509291.43,MODERADO,MODERADO,5,14.9,4,0.4363,0.0751,0.2484,0.1046,0.0,0.0,0.4363,0,ESTRUTURADOS,5,22.09,ARROJADO,0.0,TRIBUTADO,36.0,0
synth-cli-0003,cambio-0,2026-03-28,4509291.43,MODERADO,MODERADO,5,14.9,4,0.4363,0.0751,0.2484,0.1046,0.0,0.0,0.4363,0,CAMBIO,4,11.55,ARROJADO,1.87,TRIBUTADO,1.0,0
synth-cli-0003,firf-0,2026-04-08,4509291.43,MODERADO,MODERADO,5,14.9,4,0.4363,0.0751,0.2484,0.1046,0.0,0.0,0.4363,0,FUNDOS,2,12.61,CONSERVADOR,0.86,TRIBUTADO,1.0,0
synth-cli-0003,prev-0,2026-05-23,4509291.43,MODERADO,MODERADO,5,14.9,4,0.4363,0.0751,0.2484,0.1046,0.0,0.0,0.4363,0,PREVIDENCIA,2,10.09,CONSERVADOR,0.96,INCENTIVADO,0.167,0
synth-cli-0003,rf-isento-0,2026-05-03,4509291.43,MODERADO,MODERADO,5,14.9,4,0.4363,0.0751,0.2484,0.1046,0.0,0.0,0.4363,0,RENDA_FIXA,1,11.04,CONSERVADOR,0.0,ISENTO,24.0,0
synth-cli-0003,prev-2,2026-05-15,4509291.43,MODERADO,MODERADO,5,14.9,4,0.4363,0.0751,0.2484,0.1046,0.0,0.0,0.4363,0,PREVIDENCIA,2,10.47,MODERADO,0.87,INCENTIVADO,0.167,1
synth-cli-0003,fundo-mm-4,2026-05-10,4509291.43,MODERADO,MODERADO,5,14.9,4,0.4363,0.0751,0.2484,0.1046,0.0,0.0,0.4363,0,FUNDOS,3,12.89,MODERADO,2.27,TRIBUTADO,1.604,1
synth-cli-0003,rv-bpac11,2026-04-24,4509291.43,MODERADO,MODERADO,5,14.9,4,0.4363,0.0751,0.2484,0.1046,0.0,0.0,0.4363,0,RENDA_VARIAVEL,4,19.32,ARROJADO,0.0,ISENTO,0.067,0
synth-cli-0003,rf-cdb-4,2026-03-22,4509291.43,MODERADO,MODERADO,5,14.9,4,0.4363,0.0751,0.2484,0.1046,0.0,0.0,0.4363,0,RENDA_FIXA,1,11.98,CONSERVADOR,0.0,TRIBUTADO,0.036,1
synth-cli-0003,rf-cdb-0,2026-05-09,4509291.43,MODERADO,MODERADO,5,14.9,4,0.4363,0.0751,0.2484,0.1046,0.0,0.0,0.4363,0,RENDA_FIXA,1,12.74,CONSERVADOR,0.0,TRIBUTADO,0.036,1
synth-cli-0003,fundo-mm-1,2026-03-13,4509291.43,MODERADO,MODERADO,5,14.9,4,0.4363,0.0751,0.2484,0.1046,0.0,0.0,0.4363,0,FUNDOS,4,15.74,ARROJADO,1.01,TRIBUTADO,1.806,0
synth-cli-0004,cambio-1,2026-04-17,2051953.04,MODERADO,MODERADO,4,12.3,3,0.4307,0.1516,0.0,0.1111,0.0,0.0,0.4307,0,CAMBIO,4,10.47,ARROJADO,1.77,TRIBUTADO,1.0,0
synth-cli-0004,firf-1,2026-05-28,2051953.04,MODERADO,MODERADO,4,12.3,3,0.4307,0.1516,0.0,0.1111,0.0,0.0,0.4307,0,FUNDOS,2,12.07,CONSERVADOR,0.99,TRIBUTADO,1.0,0
synth-cli-0004,rf-isento-0,2026-02-14,2051953.04,MODERADO,MODERADO,4,12.3,3,0.4307,0.1516,0.0,0.1111,0.0,0.0,0.4307,0,RENDA_FIXA,1,11.04,CONSERVADOR,0.0,ISENTO,24.0,1
synth-cli-0004,rf-pub-2,2026-05-11,2051953.04,MODERADO,MODERADO,4,12.3,3,0.4307,0.1516,0.0,0.1111,0.0,0.0,0.4307,0,RENDA_FIXA,3,13.26,MODERADO,0.0,INCENTIVADO,36.0,1
synth-cli-0004,rf-cdb-4,2026-02-07,2051953.04,MODERADO,MODERADO,4,12.3,3,0.4307,0.1516,0.0,0.1111,0.0,0.0,0.4307,0,RENDA_FIXA,1,11.98,CONSERVADOR,0.0,TRIBUTADO,0.036,0
synth-cli-0004,rf-isento-2,2026-02-28,2051953.04,MODERADO,MODERADO,4,12.3,3,0.4307,0.1516,0.0,0.1111,0.0,0.0,0.4307,0,RENDA_FIXA,1,11.97,CONSERVADOR,0.0,ISENTO,24.0,0
synth-cli-0004,fundo-mm-1,2026-05-05,2051953.04,MODERADO,MODERADO,4,12.3,3,0.4307,0.1516,0.0,0.1111,0.0,0.0,0.4307,0,FUNDOS,4,15.74,ARROJADO,1.01,TRIBUTADO,1.806,0
synth-cli-0004,rv-itsa4,2026-02-21,2051953.04,MODERADO,MODERADO,4,12.3,3,0.4307,0.1516,0.0,0.1111,0.0,0.0,0.4307,0,RENDA_VARIAVEL,4,15.45,ARROJADO,0.0,TRIBUTADO,0.067,0
synth-cli-0005,rf-isento-2,2026-03-05,1662699.44,CONSERVADOR,CONSERVADOR,5,6.3,2,0.0,0.0,0.1023,0.6552,0.0,0.0,0.6552,0,RENDA_FIXA,1,11.97,CONSERVADOR,0.0,ISENTO,24.0,1
synth-cli-0005,rf-cdb-2,2026-05-20,1662699.44,CONSERVADOR,CONSERVADOR,5,6.3,2,0.0,0.0,0.1023,0.6552,0.0,0.0,0.6552,0,RENDA_FIXA,1,13.08,CONSERVADOR,0.0,TRIBUTADO,0.101,1
synth-cli-0005,firf-1,2026-05-20,1662699.44,CONSERVADOR,CONSERVADOR,5,6.3,2,0.0,0.0,0.1023,0.6552,0.0,0.0,0.6552,0,FUNDOS,2,12.07,CONSERVADOR,0.99,TRIBUTADO,1.0,0
synth-cli-0005,coe-1,2026-02-08,1662699.44,CONSERVADOR,CONSERVADOR,5,6.3,2,0.0,0.0,0.1023,0.6552,0.0,0.0,0.6552,0,ESTRUTURADOS,5,22.09,ARROJADO,0.0,TRIBUTADO,36.0,0
synth-cli-0005,rv-knri11,2026-03-03,1662699.44,CONSERVADOR,CONSERVADOR,5,6.3,2,0.0,0.0,0.1023,0.6552,0.0,0.0,0.6552,0,RENDA_VARIAVEL,3,11.32,MODERADO,0.0,ISENTO,0.067,0
synth-cli-0005,rf-cdb-3,2026-04-05,1662699.44,CONSERVADOR,CONSERVADOR,5,6.3,2,0.0,0.0,0.1023,0.6552,0.0,0.0,0.6552,0,RENDA_FIXA,1,13.62,CONSERVADOR,0.0,TRIBUTADO,0.042,1
synth-cli-0005,rf-pub-0,2026-03-06,1662699.44,CONSERVADOR,CONSERVADOR,5,6.3,2,0.0,0.0,0.1023,0.6552,0.0,0.0,0.6552,0,RENDA_FIXA,1,6.5,CONSERVADOR,0.0,TRIBUTADO,0.033,0
synth-cli-0005,cambio-1,2026-04-16,1662699.44,CONSERVADOR,CONSERVADOR,5,6.3,2,0.0,0.0,0.1023,0.6552,0.0,0.0,0.6552,0,CAMBIO,4,10.47,ARROJADO,1.77,TRIBUTADO,1.0,0
synth-cli-0005,rf-cdb-4,2026-02-08,1662699.44,CONSERVADOR,CONSERVADOR,5,6.3,2,0.0,0.0,0.1023,0.6552,0.0,0.0,0.6552,0,RENDA_FIXA,1,11.98,CONSERVADOR,0.0,TRIBUTADO,0.036,1
synth-cli-0005,rf-cdb-0,2026-03-14,1662699.44,CONSERVADOR,CONSERVADOR,5,6.3,2,0.0,0.0,0.1023,0.6552,0.0,0.0,0.6552,0,RENDA_FIXA,1,12.74,CONSERVADOR,0.0,TRIBUTADO,0.036,1
synth-cli-0005,prev-2,2026-02-25,1662699.44,CONSERVADOR,CONSERVADOR,5,6.3,2,0.0,0.0,0.1023,0.6552,0.0,0.0,0.6552,0,PREVIDENCIA,2,10.47,MODERADO,0.87,INCENTIVADO,0.167,0
synth-cli-0005,fundo-mm-2,2026-02-15,1662699.44,CONSERVADOR,CONSERVADOR,5,6.3,2,0.0,0.0,0.1023,0.6552,0.0,0.0,0.6552,0,FUNDOS,3,15.29,MODERADO,1.51,TRIBUTADO,1.155,0
synth-cli-0005,rv-bpac11,2026-04-23,1662699.44,CONSERVADOR,CONSERVADOR,5,6.3,2,0.0,0.0,0.1023,0.6552,0.0,0.0,0.6552,0,RENDA_VARIAVEL,4,19.32,ARROJADO,0.0,ISENTO,0.067,0
synth-cli-0006,coe-0,2026-01-08,981028.32,MODERADO,MODERADO,4,18.4,4,0.4333,0.1517,0.1357,0.2213,0.0,0.0,0.4333,0,ESTRUTURADOS,5,19.22,ARROJADO,0.0,TRIBUTADO,36.0,0
synth-cli-0006,fundo-mm-3,2026-04-24,981028.32,MODERADO,MODERADO,4,18.4,4,0.4333,0.1517,0.1357,0.2213,0.0,0.0,0.4333,0,FUNDOS,4,16.33,ARROJADO,1.5,TRIBUTADO,1.093,0
synth-cli-0006,coe-1,2026-04-17,981028.32,MODERADO,MODERADO,4,18.4,4,0.4333,0.1517,0.1357,0.2213,0.0,0.0,0.4333,0,ESTRUTURADOS,5,22.09,ARROJADO,0.0,TRIBUTADO,36.0,0
synth-cli-0006,rf-pub-2,2026-01-07,981028.32,MODERADO,MODERADO,4,18.4,4,0.4333,0.1517,0.1357,0.2213,0.0,0.0,0.4333,0,RENDA_FIXA,3,13.26,MODERADO,0.0,INCENTIVADO,36.0,0
synth-cli-0006,fundo-mm-2,2026-03-15,981028.32,MODERADO,MODERADO,4,18.4,4,0.4333,0.1517,0.1357,0.2213,0.0,0.0,0.4333,0,FUNDOS,3,15.29,MODERADO,1.51,TRIBUTADO,1.155,1
synth-cli-0006,fundo-mm-1,2026-03-20,981028.32,MODERADO,MODERADO,4,18.4,4,0.4333,0.1517,0.1357,0.2213,0.0,0.0,0.4333,0,FUNDOS,4,15.74,ARROJADO,1.01,TRIBUTADO,1.806,0
synth-cli-0006,prev-0,2026-05-05,981028.32,MODERADO,MODERADO,4,18.4,4,0.4333,0.1517,0.1357,0.2213,0.0,0.0,0.4333,0,PREVIDENCIA,2,10.09,CONSERVADOR,0.96,INCENTIVADO,0.167,0
synth-cli-0006,rf-cdb-1,2026-05-04,981028.32,MODERADO,MODERADO,4,18.4,4,0.4333,0.1517,0.1357,0.2213,0.0,0.0,0.4333,0,RENDA_FIXA,1,11.46,CONSERVADOR,0.0,TRIBUTADO,0.056,1
synth-cli-0006,rv-bpac11,2026-05-23,981028.32,MODERADO,MODERADO,4,18.4,4,0.4333,0.1517,0.1357,0.2213,0.0,0.0,0.4333,0,RENDA_VARIAVEL,4,19.32,ARROJADO,0.0,ISENTO,0.067,0
synth-cli-0006,prev-1,2026-04-14,981028.32,MODERADO,MODERADO,4,18.4,4,0.4333,0.1517,0.1357,0.2213,0.0,0.0,0.4333,0,PREVIDENCIA,3,10.58,MODERADO,0.86,INCENTIVADO,0.167,0
synth-cli-0006,rf-isento-2,2026-02-15,981028.32,MODERADO,MODERADO,4,18.4,4,0.4333,0.1517,0.1357,0.2213,0.0,0.0,0.4333,0,RENDA_FIXA,1,11.97,CONSERVADOR,0.0,ISENTO,24.0,1
synth-cli-0006,rv-itsa4,2026-03-23,981028.32,MODERADO,MODERADO,4,18.4,4,0.4333,0.1517,0.1357,0.2213,0.0,0.0,0.4333,0,RENDA_VARIAVEL,4,15.45,ARROJADO,0.0,TRIBUTADO,0.067,0
synth-cli-0006,firf-2,2026-02-23,981028.32,MODERADO,MODERADO,4,18.4,4,0.4333,0.1517,0.1357,0.2213,0.0,0.0,0.4333,0,FUNDOS,2,11.76,CONSERVADOR,0.78,TRIBUTADO,1.0,0
synth-cli-0006,firf-1,2026-03-03,981028.32,MODERADO,MODERADO,4,18.4,4,0.4333,0.1517,0.1357,0.2213,0.0,0.0,0.4333,0,FUNDOS,2,12.07,CONSERVADOR,0.99,TRIBUTADO,1.0,0
synth-cli-0006,firf-0,2026-04-24,981028.32,MODERADO,MODERADO,4,18.4,4,0.4333,0.1517,0.1357,0.2213,0.0,0.0,0.4333,0,FUNDOS,2,12.61,CONSERVADOR,0.86,TRIBUTADO,1.0,1
synth-cli-0006,rv-knri11,2026-04-18,981028.32,MODERADO,MODERADO,4,18.4,4,0.4333,0.1517,0.1357,0.2213,0.0,0.0,0.4333,0,RENDA_VARIAVEL,3,11.32,MODERADO,0.0,ISENTO,0.067,0
synth-cli-0006,rf-isento-0,2026-02-11,981028.32,MODERADO,MODERADO,4,18.4,4,0.4333,0.1517,0.1357,0.2213,0.0,0.0,0.4333,1,RENDA_FIXA,1,11.04,CONSERVADOR,0.0,ISENTO,24.0,0
synth-cli-0006,fundo-mm-4,2026-02-06,981028.32,MODERADO,MODERADO,4,18.4,4,0.4333,0.1517,0.1357,0.2213,0.0,0.0,0.4333,0,FUNDOS,3,12.89,MODERADO,2.27,TRIBUTADO,1.604,0
synth-cli-0007,rf-pub-0,2026-05-25,1004466.88,ARROJADO,ARROJADO,14,31.7,6,0.1749,0.3308,0.2131,0.0559,0.059,0.0521,0.3308,0,RENDA_FIXA,1,6.5,CONSERVADOR,0.0,TRIBUTADO,0.033,1
synth-cli-0007,prev-0,2026-04-16,1004466.88,ARROJADO,ARROJADO,14,31.7,6,0.1749,0.3308,0.2131,0.0559,0.059,0.0521,0.3308,0,PREVIDENCIA,2,10.09,CONSERVADOR,0.96,INCENTIVADO,0.167,1
synth-cli-0007,rv-btlg11,2026-04-08,1004466.88,ARROJADO,ARROJADO,14,31.7,6,0.1749,0.3308,0.2131,0.0559,0.059,0.0521,0.3308,0,RENDA_VARIAVEL,3,11.31,MODERADO,0.0,ISENTO,0.067,1
synth-cli-0007,rf-cdb-1,2026-04-15,1004466.88,ARROJADO,ARROJADO,14,31.7,6,0.1749,0.3308,0.2131,0.0559,0.059,0.0521,0.3308,0,RENDA_FIXA,1,11.46,CONSERVADOR,0.0,TRIBUTADO,0.056,1
synth-cli-0007,fundo-mm-2,2026-02-18,1004466.88,ARROJADO,ARROJADO,14,31.7,6,0.1749,0.3308,0.2131,0.0559,0.059,0.0521,0.3308,0,FUNDOS,3,15.29,MODERADO,1.51,TRIBUTADO,1.155,0
synth-cli-0007,rf-isento-1,2026-05-27,1004466.88,ARROJADO,ARROJADO,14,31.7,6,0.1749,0.3308,0.2131,0.0559,0.059,0.0521,0.3308,0,RENDA_FIXA,1,11.3,CONSERVADOR,0.0,ISENTO,24.0,1
synth-cli-0007,prev-1,2026-03-02,1004466.88,ARROJADO,ARROJADO,14,31.7,6,0.1749,0.3308,0.2131,0.0559,0.059,0.0521,0.3308,0,PREVIDENCIA,3,10.58,MODERADO,0.86,INCENTIVADO,0.167,1
synth-cli-0007,rv-knri11,2026-01-22,1004466.88,ARROJADO,ARROJADO,14,31.7,6,0.1749,0.3308,0.2131,0.0559,0.059,0.0521,0.3308,0,RENDA_VARIAVEL,3,11.32,MODERADO,0.0,ISENTO,0.067,1
synth-cli-0007,fundo-mm-3,2026-01-02,1004466.88,ARROJADO,ARROJADO,14,31.7,6,0.1749,0.3308,0.2131,0.0559,0.059,0.0521,0.3308,0,FUNDOS,4,16.33,ARROJADO,1.5,TRIBUTADO,1.093,1
synth-cli-0007,cambio-0,2026-02-06,1004466.88,ARROJADO,ARROJADO,14,31.7,6,0.1749,0.3308,0.2131,0.0559,0.059,0.0521,0.3308,0,CAMBIO,4,11.55,ARROJADO,1.87,TRIBUTADO,1.0,1
synth-cli-0007,rv-ivvb11,2026-05-19,1004466.88,ARROJADO,ARROJADO,14,31.7,6,0.1749,0.3308,0.2131,0.0559,0.059,0.0521,0.3308,0,RENDA_VARIAVEL,4,17.47,ARROJADO,0.0,ISENTO,0.067,0
synth-cli-0007,cambio-1,2026-02-15,1004466.88,ARROJADO,ARROJADO,14,31.7,6,0.1749,0.3308,0.2131,0.0559,0.059,0.0521,0.3308,0,CAMBIO,4,10.47,ARROJADO,1.77,TRIBUTADO,1.0,0
synth-cli-0008,cambio-0,2026-04-17,3020004.07,CONSERVADOR,CONSERVADOR,4,6.2,2,0.6345,0.0,0.0,0.3293,0.0,0.0,0.6345,0,CAMBIO,4,11.55,ARROJADO,1.87,TRIBUTADO,1.0,0
synth-cli-0008,rf-cdb-1,2026-05-24,3020004.07,CONSERVADOR,CONSERVADOR,4,6.2,2,0.6345,0.0,0.0,0.3293,0.0,0.0,0.6345,0,RENDA_FIXA,1,11.46,CONSERVADOR,0.0,TRIBUTADO,0.056,1
synth-cli-0008,rf-cdb-2,2026-05-03,3020004.07,CONSERVADOR,CONSERVADOR,4,6.2,2,0.6345,0.0,0.0,0.3293,0.0,0.0,0.6345,0,RENDA_FIXA,1,13.08,CONSERVADOR,0.0,TRIBUTADO,0.101,0
synth-cli-0008,prev-0,2026-05-26,3020004.07,CONSERVADOR,CONSERVADOR,4,6.2,2,0.6345,0.0,0.0,0.3293,0.0,0.0,0.6345,0,PREVIDENCIA,2,10.09,CONSERVADOR,0.96,INCENTIVADO,0.167,0
synth-cli-0008,rf-isento-1,2026-03-09,3020004.07,CONSERVADOR,CONSERVADOR,4,6.2,2,0.6345,0.0,0.0,0.3293,0.0,0.0,0.6345,0,RENDA_FIXA,1,11.3,CONSERVADOR,0.0,ISENTO,24.0,1
synth-cli-0008,rf-isento-2,2026-05-12,3020004.07,CONSERVADOR,CONSERVADOR,4,6.2,2,0.6345,0.0,0.0,0.3293,0.0,0.0,0.6345,0,RENDA_FIXA,1,11.97,CONSERVADOR,0.0,ISENTO,24.0,1
synth-cli-0008,fundo-mm-0,2026-05-19,3020004.07,CONSERVADOR,CONSERVADOR,4,6.2,2,0.6345,0.0,0.0,0.3293,0.0,0.0,0.6345,0,FUNDOS,3,14.68,MODERADO,1.33,TRIBUTADO,1.589,0
synth-cli-0008,fundo-mm-1,2026-04-16,3020004.07,CONSERVADOR,CONSERVADOR,4,6.2,2,0.6345,0.0,0.0,0.3293,0.0,0.0,0.6345,0,FUNDOS,4,15.74,ARROJADO,1.01,TRIBUTADO,1.806,0
synth-cli-0008,coe-1,2026-05-08,3020004.07,CONSERVADOR,CONSERVADOR,4,6.2,2,0.6345,0.0,0.0,0.3293,0.0,0.0,0.6345,0,ESTRUTURADOS,5,22.09,ARROJADO,0.0,TRIBUTADO,36.0,0
synth-cli-0008,fundo-mm-2,2026-02-01,3020004.07,CONSERVADOR,CONSERVADOR,4,6.2,2,0.6345,0.0,0.0,0.3293,0.0,0.0,0.6345,0,FUNDOS,3,15.29,MODERADO,1.51,TRIBUTADO,1.155,0
synth-cli-0008,firf-1,2026-04-21,3020004.07,CONSERVADOR,CONSERVADOR,4,6.2,2,0.6345,0.0,0.0,0.3293,0.0,0.0,0.6345,0,FUNDOS,2,12.07,CONSERVADOR,0.99,TRIBUTADO,1.0,0
synth-cli-0008,rv-btlg11,2026-02-26,3020004.07,CONSERVADOR,CONSERVADOR,4,6.2,2,0.6345,0.0,0.0,0.3293,0.0,0.0,0.6345,0,RENDA_VARIAVEL,3,11.31,MODERADO,0.0,ISENTO,0.067,0
synth-cli-0008,prev-2,2026-04-14,3020004.07,CONSERVADOR,CONSERVADOR,4,6.2,2,0.6345,0.0,0.0,0.3293,0.0,0.0,0.6345,0,PREVIDENCIA,2,10.47,MODERADO,0.87,INCENTIVADO,0.167,0
synth-cli-0008,fundo-mm-4,2026-03-18,3020004.07,CONSERVADOR,CONSERVADOR,4,6.2,2,0.6345,0.0,0.0,0.3293,0.0,0.0,0.6345,0,FUNDOS,3,12.89,MODERADO,2.27,TRIBUTADO,1.604,0
synth-cli-0008,rf-cdb-4,2026-02-01,3020004.07,CONSERVADOR,CONSERVADOR,4,6.2,2,0.6345,0.0,0.0,0.3293,0.0,0.0,0.6345,1,RENDA_FIXA,1,11.98,CONSERVADOR,0.0,TRIBUTADO,0.036,0
synth-cli-0008,rf-cdb-3,2026-01-10,3020004.07,CONSERVADOR,CONSERVADOR,4,6.2,2,0.6345,0.0,0.0,0.3293,0.0,0.0,0.6345,0,RENDA_FIXA,1,13.62,CONSERVADOR,0.0,TRIBUTADO,0.042,1
synth-cli-0008,coe-0,2026-05-11,3020004.07,CONSERVADOR,CONSERVADOR,4,6.2,2,0.6345,0.0,0.0,0.3293,0.0,0.0,0.6345,0,ESTRUTURADOS,5,19.22,ARROJADO,0.0,TRIBUTADO,36.0,0
synth-cli-0008,rv-itsa4,2026-01-22,3020004.07,CONSERVADOR,CONSERVADOR,4,6.2,2,0.6345,0.0,0.0,0.3293,0.0,0.0,0.6345,0,RENDA_VARIAVEL,4,15.45,ARROJADO,0.0,TRIBUTADO,0.067,0
synth-cli-0008,firf-0,2026-04-24,3020004.07,CONSERVADOR,CONSERVADOR,4,6.2,2,0.6345,0.0,0.0,0.3293,0.0,0.0,0.6345,0,FUNDOS,2,12.61,CONSERVADOR,0.86,TRIBUTADO,1.0,0
synth-cli-0009,prev-2,2026-01-21,4872888.94,CONSERVADOR,CONSERVADOR,6,9.5,3,0.5102,0.0,0.0935,0.3026,0.0,0.0,0.5102,0,PREVIDENCIA,2,10.47,MODERADO,0.87,INCENTIVADO,0.167,0
synth-cli-0009,rf-pub-0,2026-02-21,4872888.94,CONSERVADOR,CONSERVADOR,6,9.5,3,0.5102,0.0,0.0935,0.3026,0.0,0.0,0.5102,0,RENDA_FIXA,1,6.5,CONSERVADOR,0.0,TRIBUTADO,0.033,1
synth-cli-0009,rf-pub-1,2026-05-11,4872888.94,CONSERVADOR,CONSERVADOR,6,9.5,3,0.5102,0.0,0.0935,0.3026,0.0,0.0,0.5102,0,RENDA_FIXA,3,12.55,MODERADO,0.0,INCENTIVADO,36.0,0
synth-cli-0009,rf-isento-2,2026-04-24,4872888.94,CONSERVADOR,CONSERVADOR,6,9.5,3,0.5102,0.0,0.0935,0.3026,0.0,0.0,0.5102,1,RENDA_FIXA,1,11.97,CONSERVADOR,0.0,ISENTO,24.0,0
synth-cli-0009,cambio-1,2026-05-10,4872888.94,CONSERVADOR,CONSERVADOR,6,9.5,3,0.5102,0.0,0.0935,0.3026,0.0,0.0,0.5102,0,CAMBIO,4,10.47,ARROJADO,1.77,TRIBUTADO,1.0,0
synth-cli-0009,coe-0,2026-03-18,4872888.94,CONSERVADOR,CONSERVADOR,6,9.5,3,0.5102,0.0,0.0935,0.3026,0.0,0.0,0.5102,0,ESTRUTURADOS,5,19.22,ARROJADO,0.0,TRIBUTADO,36.0,0
synth-cli-0009,rv-itsa4,2026-02-19,4872888.94,CONSERVADOR,CONSERVADOR,6,9.5,3,0.5102,0.0,0.0935,0.3026,0.0,0.0,0.5102,0,RENDA_VARIAVEL,4,15.45,ARROJADO,0.0,TRIBUTADO,0.067,0
synth-cli-0009,fundo-mm-4,2026-03-03,4872888.94,CONSERVADOR,CONSERVADOR,6,9.5,3,0.5102,0.0,0.0935,0.3026,0.0,0.0,0.5102,0,FUNDOS,3,12.89,MODERADO,2.27,TRIBUTADO,1.604,0
synth-cli-0010,rf-isento-0,2026-03-23,1427571.72,CONSERVADOR,CONSERVADOR,4,7.9,3,0.5703,0.0,0.0569,0.1653,0.0,0.0,0.5703,0,RENDA_FIXA,1,11.04,CONSERVADOR,0.0,ISENTO,24.0,0
synth-cli-0010,prev-2,2026-04-03,1427571.72,CONSERVADOR,CONSERVADOR,4,7.9,3,0.5703,0.0,0.0569,0.1653,0.0,0.0,0.5703,0,PREVIDENCIA,2,10.47,MODERADO,0.87,INCENTIVADO,0.167,0
synth-cli-0010,rf-cdb-0,2026-02-12,1427571.72,CONSERVADOR,CONSERVADOR,4,7.9,3,0.5703,0.0,0.0569,0.1653,0.0,0.0,0.5703,1,RENDA_FIXA,1,12.74,CONSERVADOR,0.0,TRIBUTADO,0.036,0
synth-cli-0010,rf-isento-2,2026-03-07,1427571.72,CONSERVADOR,CONSERVADOR,4,7.9,3,0.5703,0.0,0.0569,0.1653,0.0,0.0,0.5703,0,RENDA_FIXA,1,11.97,CONSERVADOR,0.0,ISENTO,24.0,1
synth-cli-0010,fundo-mm-1,2026-02-04,1427571.72,CONSERVADOR,CONSERVADOR,4,7.9,3,0.5703,0.0,0.0569,0.1653,0.0,0.0,0.5703,0,FUNDOS,4,15.74,ARROJADO,1.01,TRIBUTADO,1.806,0
synth-cli-0010,rv-ivvb11,2026-01-25,1427571.72,CONSERVADOR,CONSERVADOR,4,7.9,3,0.5703,0.0,0.0569,0.1653,0.0,0.0,0.5703,0,RENDA_VARIAVEL,4,17.47,ARROJADO,0.0,ISENTO,0.067,0
synth-cli-0010,firf-1,2026-04-17,1427571.72,CONSERVADOR,CONSERVADOR,4,7.9,3,0.5703,0.0,0.0569,0.1653,0.0,0.0,0.5703,0,FUNDOS,2,12.07,CONSERVADOR,0.99,TRIBUTADO,1.0,0
synth-cli-0010,rf-pub-0,2026-03-16,1427571.72,CONSERVADOR,CONSERVADOR,4,7.9,3,0.5703,0.0,0.0569,0.1653,0.0,0.0,0.5703,0,RENDA_FIXA,1,6.5,CONSERVADOR,0.0,TRIBUTADO,0.033,1
synth-cli-0010,firf-2,2026-02-25,1427571.72,CONSERVADOR,CONSERVADOR,4,7.9,3,0.5703,0.0,0.0569,0.1653,0.0,0.0,0.5703,0,FUNDOS,2,11.76,CONSERVADOR,0.78,TRIBUTADO,1.0,0
synth-cli-0010,rv-bpac11,2026-05-22,1427571.72,CONSERVADOR,CONSERVADOR,4,7.9,3,0.5703,0.0,0.0569,0.1653,0.0,0.0,0.5703,0,RENDA_VARIAVEL,4,19.32,ARROJADO,0.0,ISENTO,0.067,0
synth-cli-0010,cambio-0,2026-02-24,1427571.72,CONSERVADOR,CONSERVADOR,4,7.9,3,0.5703,0.0,0.0569,0.1653,0.0,0.0,0.5703,0,CAMBIO,4,11.55,ARROJADO,1.87,TRIBUTADO,1.0,1
synth-cli-0010,rv-knri11,2026-04-23,1427571.72,CONSERVADOR,CONSERVADOR,4,7.9,3,0.5703,0.0,0.0569,0.1653,0.0,0.0,0.5703,0,RENDA_VARIAVEL,3,11.32,MODERADO,0.0,ISENTO,0.067,0
synth-cli-0011,rf-cdb-3,2026-03-05,1120913.69,ARROJADO,ARROJADO,8,36.2,1,0.0,0.0,0.0,0.0,0.0,0.9347,0.9347,0,RENDA_FIXA,1,13.62,CONSERVADOR,0.0,TRIBUTADO,0.042,0
synth-cli-0011,rf-cdb-0,2026-05-17,1120913.69,ARROJADO,ARROJADO,8,36.2,1,0.0,0.0,0.0,0.0,0.0,0.9347,0.9347,0,RENDA_FIXA,1,12.74,CONSERVADOR,0.0,TRIBUTADO,0.036,0
synth-cli-0011,rf-isento-1,2026-05-12,1120913.69,ARROJADO,ARROJADO,8,36.2,1,0.0,0.0,0.0,0.0,0.0,0.9347,0.9347,0,RENDA_FIXA,1,11.3,CONSERVADOR,0.0,ISENTO,24.0,1
synth-cli-0011,rf-cdb-1,2026-03-19,1120913.69,ARROJADO,ARROJADO,8,36.2,1,0.0,0.0,0.0,0.0,0.0,0.9347,0.9347,0,RENDA_FIXA,1,11.46,CONSERVADOR,0.0,TRIBUTADO,0.056,0
synth-cli-0011,rv-itsa4,2026-01-10,1120913.69,ARROJADO,ARROJADO,8,36.2,1,0.0,0.0,0.0,0.0,0.0,0.9347,0.9347,0,RENDA_VARIAVEL,4,15.45,ARROJADO,0.0,TRIBUTADO,0.067,1
synth-cli-0011,rv-bpac11,2026-02-01,1120913.69,ARROJADO,ARROJADO,8,36.2,1,0.0,0.0,0.0,0.0,0.0,0.9347,0.9347,0,RENDA_VARIAVEL,4,19.32,ARROJADO,0.0,ISENTO,0.067,1
synth-cli-0011,rf-cdb-2,2026-01-04,1120913.69,ARROJADO,ARROJADO,8,36.2,1,0.0,0.0,0.0,0.0,0.0,0.9347,0.9347,0,RENDA_FIXA,1,13.08,CONSERVADOR,0.0,TRIBUTADO,0.101,1
synth-cli-0011,rf-isento-2,2026-05-19,1120913.69,ARROJADO,ARROJADO,8,36.2,1,0.0,0.0,0.0,0.0,0.0,0.9347,0.9347,0,RENDA_FIXA,1,11.97,CONSERVADOR,0.0,ISENTO,24.0,1
synth-cli-0011,fundo-mm-3,2026-04-20,1120913.69,ARROJADO,ARROJADO,8,36.2,1,0.0,0.0,0.0,0.0,0.0,0.9347,0.9347,0,FUNDOS,4,16.33,ARROJADO,1.5,TRIBUTADO,1.093,1
synth-cli-0011,coe-0,2026-05-03,1120913.69,ARROJADO,ARROJADO,8,36.2,1,0.0,0.0,0.0,0.0,0.0,0.9347,0.9347,0,ESTRUTURADOS,5,19.22,ARROJADO,0.0,TRIBUTADO,36.0,1
synth-cli-0011,cambio-1,2026-04-19,1120913.69,ARROJADO,ARROJADO,8,36.2,1,0.0,0.0,0.0,0.0,0.0,0.9347,0.9347,1,CAMBIO,4,10.47,ARROJADO,1.77,TRIBUTADO,1.0,1
synth-cli-0011,firf-0,2026-04-04,1120913.69,ARROJADO,ARROJADO,8,36.2,1,0.0,0.0,0.0,0.0,0.0,0.9347,0.9347,0,FUNDOS,2,12.61,CONSERVADOR,0.86,TRIBUTADO,1.0,1
synth-cli-0011,coe-1,2026-04-16,1120913.69,ARROJADO,ARROJADO,8,36.2,1,0.0,0.0,0.0,0.0,0.0,0.9347,0.9347,0,ESTRUTURADOS,5,22.09,ARROJADO,0.0,TRIBUTADO,36.0,1
synth-cli-0011,cambio-0,2026-02-05,1120913.69,ARROJADO,ARROJADO,8,36.2,1,0.0,0.0,0.0,0.0,0.0,0.9347,0.9347,0,CAMBIO,4,11.55,ARROJADO,1.87,TRIBUTADO,1.0,1
synth-cli-0011,firf-2,2026-04-06,1120913.69,ARROJADO,ARROJADO,8,36.2,1,0.0,0.0,0.0,0.0,0.0,0.9347,0.9347,0,FUNDOS,2,11.76,CONSERVADOR,0.78,TRIBUTADO,1.0,0
synth-cli-0011,rf-pub-1,2026-03-26,1120913.69,ARROJADO,ARROJADO,8,36.2,1,0.0,0.0,0.0,0.0,0.0,0.9347,0.9347,0,RENDA_FIXA,3,12.55,MODERADO,0.0,INCENTIVADO,36.0,0
synth-cli-0011,rf-pub-0,2026-01-16,1120913.69,ARROJADO,ARROJADO,8,36.2,1,0.0,0.0,0.0,0.0,0.0,0.9347,0.9347,0,RENDA_FIXA,1,6.5,CONSERVADOR,0.0,TRIBUTADO,0.033,1
synth-cli-0011,rv-ivvb11,2026-04-15,1120913.69,ARROJADO,ARROJADO,8,36.2,1,0.0,0.0,0.0,0.0,0.0,0.9347,0.9347,0,RENDA_VARIAVEL,4,17.47,ARROJADO,0.0,ISENTO,0.067,1
synth-cli-0011,fundo-mm-2,2026-03-25,1120913.69,ARROJADO,ARROJADO,8,36.2,1,0.0,0.0,0.0,0.0,0.0,0.9347,0.9347,1,FUNDOS,3,15.29,MODERADO,1.51,TRIBUTADO,1.155,0
synth-cli-0011,rf-cdb-4,2026-04-27,1120913.69,ARROJADO,ARROJADO,8,36.2,1,0.0,0.0,0.0,0.0,0.0,0.9347,0.9347,0,RENDA_FIXA,1,11.98,CONSERVADOR,0.0,TRIBUTADO,0.036,1
synth-cli-0011,fundo-mm-0,2026-01-11,1120913.69,ARROJADO,ARROJADO,8,36.2,1,0.0,0.0,0.0,0.0,0.0,0.9347,0.9347,0,FUNDOS,3,14.68,MODERADO,1.33,TRIBUTADO,1.589,1
synth-cli-0011,rf-isento-0,2026-04-13,1120913.69,ARROJADO,ARROJADO,8,36.2,1,0.0,0.0,0.0,0.0,0.0,0.9347,0.9347,0,RENDA_FIXA,1,11.04,CONSERVADOR,0.0,ISENTO,24.0,1
synth-cli-0011,rv-btlg11,2026-02-20,1120913.69,ARROJADO,ARROJADO,8,36.2,1,0.0,0.0,0.0,0.0,0.0,0.9347,0.9347,0,RENDA_VARIAVEL,3,11.31,MODERADO,0.0,ISENTO,0.067,1
synth-cli-0011,rf-pub-2,2026-01-11,1120913.69,ARROJADO,ARROJADO,8,36.2,1,0.0,0.0,0.0,0.0,0.0,0.9347,0.9347,0,RENDA_FIXA,3,13.26,MODERADO,0.0,INCENTIVADO,36.0,1
synth-cli-0012,prev-2,2026-05-15,4102434.57,ARROJADO,ARROJADO,6,29.2,5,0.1479,0.221,0.3968,0.0467,0.0,0.0404,0.3968,0,PREVIDENCIA,2,10.47,MODERADO,0.87,INCENTIVADO,0.167,1
synth-cli-0012,rv-btlg11,2026-03-13,4102434.57,ARROJADO,ARROJADO,6,29.2,5,0.1479,0.221,0.3968,0.0467,0.0,0.0404,0.3968,0,RENDA_VARIAVEL,3,11.31,MODERADO,0.0,ISENTO,0.067,1
synth-cli-0012,firf-2,2026-01-22,4102434.57,ARROJADO,ARROJADO,6,29.2,5,0.1479,0.221,0.3968,0.0467,0.0,0.0404,0.3968,0,FUNDOS,2,11.76,CONSERVADOR,0.78,TRIBUTADO,1.0,1
synth-cli-0012,fundo-mm-2,2026-04-21,4102434.57,ARROJADO,ARROJADO,6,29.2,5,0.1479,0.221,0.3968,0.0467,0.0,0.0404,0.3968,0,FUNDOS,3,15.29,MODERADO,1.51,TRIBUTADO,1.155,1
synth-cli-0012,prev-1,2026-01-07,4102434.57,ARROJADO,ARROJADO,6,29.2,5,0.1479,0.221,0.3968,0.0467,0.0,0.0404,0.3968,0,PREVIDENCIA,3,10.58,MODERADO,0.86,INCENTIVADO,0.167,0
synth-cli-0012,coe-0,2026-05-25,4102434.57,ARROJADO,ARROJADO,6,29.2,5,0.1479,0.221,0.3968,0.0467,0.0,0.0404,0.3968,0,ESTRUTURADOS,5,19.22,ARROJADO,0.0,TRIBUTADO,36.0,0
synth-cli-0012,coe-1,2026-01-25,4102434.57,ARROJADO,ARROJADO,6,29.2,5,0.1479,0.221,0.3968,0.0467,0.0,0.0404,0.3968,0,ESTRUTURADOS,5,22.09,ARROJADO,0.0,TRIBUTADO,36.0,0
synth-cli-0012,rf-isento-2,2026-04-20,4102434.57,ARROJADO,ARROJADO,6,29.2,5,0.1479,0.221,0.3968,0.0467,0.0,0.0404,0.3968,0,RENDA_FIXA,1,11.97,CONSERVADOR,0.0,ISENTO,24.0,1
synth-cli-0012,firf-1,2026-02-07,4102434.57,ARROJADO,ARROJADO,6,29.2,5,0.1479,0.221,0.3968,0.0467,0.0,0.0404,0.3968,0,FUNDOS,2,12.07,CONSERVADOR,0.99,TRIBUTADO,1.0,0
synth-cli-0012,rf-pub-2,2026-03-14,4102434.57,ARROJADO,ARROJADO,6,29.2,5,0.1479,0.221,0.3968,0.0467,0.0,0.0404,0.3968,0,RENDA_FIXA,3,13.26,MODERADO,0.0,INCENTIVADO,36.0,1
synth-cli-0012,rf-pub-0,2026-03-03,4102434.57,ARROJADO,ARROJADO,6,29.2,5,0.1479,0.221,0.3968,0.0467,0.0,0.0404,0.3968,0,RENDA_FIXA,1,6.5,CONSERVADOR,0.0,TRIBUTADO,0.033,0
synth-cli-0012,rf-cdb-2,2026-02-28,4102434.57,ARROJADO,ARROJADO,6,29.2,5,0.1479,0.221,0.3968,0.0467,0.0,0.0404,0.3968,0,RENDA_FIXA,1,13.08,CONSERVADOR,0.0,TRIBUTADO,0.101,0
synth-cli-0012,prev-0,2026-03-18,4102434.57,ARROJADO,ARROJADO,6,29.2,5,0.1479,0.221,0.3968,0.0467,0.0,0.0404,0.3968,0,PREVIDENCIA,2,10.09,CONSERVADOR,0.96,INCENTIVADO,0.167,0
synth-cli-0012,fundo-mm-4,2026-03-04,4102434.57,ARROJADO,ARROJADO,6,29.2,5,0.1479,0.221,0.3968,0.0467,0.0,0.0404,0.3968,0,FUNDOS,3,12.89,MODERADO,2.27,TRIBUTADO,1.604,0
synth-cli-0013,coe-0,2026-05-13,1262661.67,CONSERVADOR,CONSERVADOR,5,7.2,3,0.5799,0.0,0.0831,0.3192,0.0,0.0,0.5799,0,ESTRUTURADOS,5,19.22,ARROJADO,0.0,TRIBUTADO,36.0,0
synth-cli-0013,rf-cdb-0,2026-03-27,1262661.67,CONSERVADOR,CONSERVADOR,5,7.2,3,0.5799,0.0,0.0831,0.3192,0.0,0.0,0.5799,0,RENDA_FIXA,1,12.74,CONSERVADOR,0.0,TRIBUTADO,0.036,0
synth-cli-0013,rf-pub-2,2026-03-28,1262661.67,CONSERVADOR,CONSERVADOR,5,7.2,3,0.5799,0.0,0.0831,0.3192,0.0,0.0,0.5799,0,RENDA_FIXA,3,13.26,MODERADO,0.0,INCENTIVADO,36.0,0
synth-cli-0013,fundo-mm-2,2026-02-01,1262661.67,CONSERVADOR,CONSERVADOR,5,7.2,3,0.5799,0.0,0.0831,0.3192,0.0,0.0,0.5799,0,FUNDOS,3,15.29,MODERADO,1.51,TRIBUTADO,1.155,0
synth-cli-0013,rv-btlg11,2026-01-05,1262661.67,CONSERVADOR,CONSERVADOR,5,7.2,3,0.5799,0.0,0.0831,0.3192,0.0,0.0,0.5799,0,RENDA_VARIAVEL,3,11.31,MODERADO,0.0,ISENTO,0.067,0
synth-cli-0013,firf-2,2026-02-03,1262661.67,CONSERVADOR,CONSERVADOR,5,7.2,3,0.5799,0.0,0.0831,0.3192,0.0,0.0,0.5799,0,FUNDOS,2,11.76,CONSERVADOR,0.78,TRIBUTADO,1.0,1
synth-cli-0013,fundo-mm-1,2026-04-28,1262661.67,CONSERVADOR,CONSERVADOR,5,7.2,3,0.5799,0.0,0.0831,0.3192,0.0,0.0,0.5799,0,FUNDOS,4,15.74,ARROJADO,1.01,TRIBUTADO,1.806,0
synth-cli-0013,rv-ivvb11,2026-05-14,1262661.67,CONSERVADOR,CONSERVADOR,5,7.2,3,0.5799,0.0,0.0831,0.3192,0.0,0.0,0.5799,0,RENDA_VARIAVEL,4,17.47,ARROJADO,0.0,ISENTO,0.067,0
synth-cli-0013,rf-isento-2,2026-04-17,1262661.67,CONSERVADOR,CONSERVADOR,5,7.2,3,0.5799,0.0,0.0831,0.3192,0.0,0.0,0.5799,0,RENDA_FIXA,1,11.97,CONSERVADOR,0.0,ISENTO,24.0,0
synth-cli-0013,prev-0,2026-04-13,1262661.67,CONSERVADOR,CONSERVADOR,5,7.2,3,0.5799,0.0,0.0831,0.3192,0.0,0.0,0.5799,0,PREVIDENCIA,2,10.09,CONSERVADOR,0.96,INCENTIVADO,0.167,0
synth-cli-0013,rv-itsa4,2026-02-14,1262661.67,CONSERVADOR,CONSERVADOR,5,7.2,3,0.5799,0.0,0.0831,0.3192,0.0,0.0,0.5799,0,RENDA_VARIAVEL,4,15.45,ARROJADO,0.0,TRIBUTADO,0.067,0
synth-cli-0013,rv-knri11,2026-05-16,1262661.67,CONSERVADOR,CONSERVADOR,5,7.2,3,0.5799,0.0,0.0831,0.3192,0.0,0.0,0.5799,0,RENDA_VARIAVEL,3,11.32,MODERADO,0.0,ISENTO,0.067,0
synth-cli-0013,cambio-1,2026-02-23,1262661.67,CONSERVADOR,CONSERVADOR,5,7.2,3,0.5799,0.0,0.0831,0.3192,0.0,0.0,0.5799,0,CAMBIO,4,10.47,ARROJADO,1.77,TRIBUTADO,1.0,0
synth-cli-0013,firf-1,2026-03-02,1262661.67,CONSERVADOR,CONSERVADOR,5,7.2,3,0.5799,0.0,0.0831,0.3192,0.0,0.0,0.5799,0,FUNDOS,2,12.07,CONSERVADOR,0.99,TRIBUTADO,1.0,0
synth-cli-0013,rf-pub-1,2026-05-16,1262661.67,CONSERVADOR,CONSERVADOR,5,7.2,3,0.5799,0.0,0.0831,0.3192,0.0,0.0,0.5799,0,RENDA_FIXA,3,12.55,MODERADO,0.0,INCENTIVADO,36.0,1
synth-cli-0013,rf-pub-0,2026-01-19,1262661.67,CONSERVADOR,CONSERVADOR,5,7.2,3,0.5799,0.0,0.0831,0.3192,0.0,0.0,0.5799,1,RENDA_FIXA,1,6.5,CONSERVADOR,0.0,TRIBUTADO,0.033,0
synth-cli-0013,coe-1,2026-01-05,1262661.67,CONSERVADOR,CONSERVADOR,5,7.2,3,0.5799,0.0,0.0831,0.3192,0.0,0.0,0.5799,0,ESTRUTURADOS,5,22.09,ARROJADO,0.0,TRIBUTADO,36.0,0
synth-cli-0014,coe-0,2026-03-14,13463534.31,MODERADO,MODERADO,9,14.1,1,0.0,0.5544,0.0,0.0,0.0,0.0,0.5544,0,ESTRUTURADOS,5,19.22,ARROJADO,0.0,TRIBUTADO,36.0,0
synth-cli-0014,prev-0,2026-03-10,13463534.31,MODERADO,MODERADO,9,14.1,1,0.0,0.5544,0.0,0.0,0.0,0.0,0.5544,0,PREVIDENCIA,2,10.09,CONSERVADOR,0.96,INCENTIVADO,0.167,1
synth-cli-0014,cambio-0,2026-05-24,13463534.31,MODERADO,MODERADO,9,14.1,1,0.0,0.5544,0.0,0.0,0.0,0.0,0.5544,0,CAMBIO,4,11.55,ARROJADO,1.87,TRIBUTADO,1.0,0
synth-cli-0014,rf-isento-0,2026-04-19,13463534.31,MODERADO,MODERADO,9,14.1,1,0.0,0.5544,0.0,0.0,0.0,0.0,0.5544,0,RENDA_FIXA,1,11.04,CONSERVADOR,0.0,ISENTO,24.0,1
synth-cli-0014,fundo-mm-3,2026-01-22,13463534.31,MODERADO,MODERADO,9,14.1,1,0.0,0.5544,0.0,0.0,0.0,0.0,0.5544,1,FUNDOS,4,16.33,ARROJADO,1.5,TRIBUTADO,1.093,0
synth-cli-0014,firf-0,2026-05-01,13463534.31,MODERADO,MODERADO,9,14.1,1,0.0,0.5544,0.0,0.0,0.0,0.0,0.5544,0,FUNDOS,2,12.61,CONSERVADOR,0.86,TRIBUTADO,1.0,0
synth-cli-0014,rf-cdb-2,2026-03-09,13463534.31,MODERADO,MODERADO,9,14.1,1,0.0,0.5544,0.0,0.0,0.0,0.0,0.5544,0,RENDA_FIXA,1,13.08,CONSERVADOR,0.0,TRIBUTADO,0.101,1
synth-cli-0014,prev-1,2026-03-09,13463534.31,MODERADO,MODERADO,9,14.1,1,0.0,0.5544,0.0,0.0,0.0,0.0,0.5544,0,PREVIDENCIA,3,10.58,MODERADO,0.86,INCENTIVADO,0.167,1
synth-cli-0014,rv-bpac11,2026-01-24,13463534.31,MODERADO,MODERADO,9,14.1,1,0.0,0.5544,0.0,0.0,0.0,0.0,0.5544,0,RENDA_VARIAVEL,4,19.32,ARROJADO,0.0,ISENTO,0.067,0
synth-cli-0014,coe-1,2026-02-19,13463534.31,MODERADO,MODERADO,9,14.1,1,0.0,0.5544,0.0,0.0,0.0,0.0,0.5544,0,ESTRUTURADOS,5,22.09,ARROJADO,0.0,TRIBUTADO,36.0,0
synth-cli-0014,rf-pub-2,2026-02-09,13463534.31,MODERADO,MODERADO,9,14.1,1,0.0,0.5544,0.0,0.0,0.0,0.0,0.5544,0,RENDA_FIXA,3,13.26,MODERADO,0.0,INCENTIVADO,36.0,1
synth-cli-0014,fundo-mm-4,2026-02-16,13463534.31,MODERADO,MODERADO,9,14.1,1,0.0,0.5544,0.0,0.0,0.0,0.0,0.5544,0,FUNDOS,3,12.89,MODERADO,2.27,TRIBUTADO,1.604,0
synth-cli-0014,rv-itsa4,2026-05-28,13463534.31,MODERADO,MODERADO,9,14.1,1,0.0,0.5544,0.0,0.0,0.0,0.0,0.5544,0,RENDA_VARIAVEL,4,15.45,ARROJADO,0.0,TRIBUTADO,0.067,0
synth-cli-0014,firf-1,2026-05-27,13463534.31,MODERADO,MODERADO,9,14.1,1,0.0,0.5544,0.0,0.0,0.0,0.0,0.5544,0,FUNDOS,2,12.07,CONSERVADOR,0.99,TRIBUTADO,1.0,0
synth-cli-0014,rf-isento-1,2026-04-25,13463534.31,MODERADO,MODERADO,9,14.1,1,0.0,0.5544,0.0,0.0,0.0,0.0,0.5544,0,RENDA_FIXA,1,11.3,CONSERVADOR,0.0,ISENTO,24.0,1
synth-cli-0014,rf-cdb-1,2026-04-24,13463534.31,MODERADO,MODERADO,9,14.1,1,0.0,0.5544,0.0,0.0,0.0,0.0,0.5544,0,RENDA_FIXA,1,11.46,CONSERVADOR,0.0,TRIBUTADO,0.056,1
synth-cli-0014,prev-2,2026-02-19,13463534.31,MODERADO,MODERADO,9,14.1,1,0.0,0.5544,0.0,0.0,0.0,0.0,0.5544,0,PREVIDENCIA,2,10.47,MODERADO,0.87,INCENTIVADO,0.167,1
synth-cli-0014,rf-pub-0,2026-01-02,13463534.31,MODERADO,MODERADO,9,14.1,1,0.0,0.5544,0.0,0.0,0.0,0.0,0.5544,0,RENDA_FIXA,1,6.5,CONSERVADOR,0.0,TRIBUTADO,0.033,0
synth-cli-0014,cambio-1,2026-04-16,13463534.31,MODERADO,MODERADO,9,14.1,1,0.0,0.5544,0.0,0.0,0.0,0.0,0.5544,0,CAMBIO,4,10.47,ARROJADO,1.77,TRIBUTADO,1.0,0
synth-cli-0014,rf-cdb-0,2026-05-08,13463534.31,MODERADO,MODERADO,9,14.1,1,0.0,0.5544,0.0,0.0,0.0,0.0,0.5544,0,RENDA_FIXA,1,12.74,CONSERVADOR,0.0,TRIBUTADO,0.036,1
synth-cli-0014,rv-ivvb11,2026-04-16,13463534.31,MODERADO,MODERADO,9,14.1,1,0.0,0.5544,0.0,0.0,0.0,0.0,0.5544,0,RENDA_VARIAVEL,4,17.47,ARROJADO,0.0,ISENTO,0.067,0
synth-cli-0014,rf-isento-2,2026-03-26,13463534.31,MODERADO,MODERADO,9,14.1,1,0.0,0.5544,0.0,0.0,0.0,0.0,0.5544,0,RENDA_FIXA,1,11.97,CONSERVADOR,0.0,ISENTO,24.0,1
synth-cli-0014,fundo-mm-1,2026-03-17,13463534.31,MODERADO,MODERADO,9,14.1,1,0.0,0.5544,0.0,0.0,0.0,0.0,0.5544,0,FUNDOS,4,15.74,ARROJADO,1.01,TRIBUTADO,1.806,0
synth-cli-0014,rv-knri11,2026-01-04,13463534.31,MODERADO,MODERADO,9,14.1,1,0.0,0.5544,0.0,0.0,0.0,0.0,0.5544,1,RENDA_VARIAVEL,3,11.32,MODERADO,0.0,ISENTO,0.067,0
synth-cli-0015,rv-ivvb11,2026-01-27,1294979.37,MODERADO,MODERADO,8,16.8,4,0.372,0.0462,0.1197,0.1307,0.0,0.0,0.372,0,RENDA_VARIAVEL,4,17.47,ARROJADO,0.0,ISENTO,0.067,0
synth-cli-0015,fundo-mm-0,2026-04-04,1294979.37,MODERADO,MODERADO,8,16.8,4,0.372,0.0462,0.1197,0.1307,0.0,0.0,0.372,0,FUNDOS,3,14.68,MODERADO,1.33,TRIBUTADO,1.589,1
synth-cli-0015,coe-0,2026-04-12,1294979.37,MODERADO,MODERADO,8,16.8,4,0.372,0.0462,0.1197,0.1307,0.0,0.0,0.372,0,ESTRUTURADOS,5,19.22,ARROJADO,0.0,TRIBUTADO,36.0,0
synth-cli-0015,fundo-mm-2,2026-01-20,1294979.37,MODERADO,MODERADO,8,16.8,4,0.372,0.0462,0.1197,0.1307,0.0,0.0,0.372,0,FUNDOS,3,15.29,MODERADO,1.51,TRIBUTADO,1.155,1
synth-cli-0015,rv-bpac11,2026-05-22,1294979.37,MODERADO,MODERADO,8,16.8,4,0.372,0.0462,0.1197,0.1307,0.0,0.0,0.372,0,RENDA_VARIAVEL,4,19.32,ARROJADO,0.0,ISENTO,0.067,0
synth-cli-0015,cambio-1,2026-02-20,1294979.37,MODERADO,MODERADO,8,16.8,4,0.372,0.0462,0.1197,0.1307,0.0,0.0,0.372,0,CAMBIO,4,10.47,ARROJADO,1.77,TRIBUTADO,1.0,0
synth-cli-0015,rf-isento-0,2026-01-03,1294979.37,MODERADO,MODERADO,8,16.8,4,0.372,0.0462,0.1197,0.1307,0.0,0.0,0.372,0,RENDA_FIXA,1,11.04,CONSERVADOR,0.0,ISENTO,24.0,1
synth-cli-0015,rf-isento-2,2026-05-26,1294979.37,MODERADO,MODERADO,8,16.8,4,0.372,0.0462,0.1197,0.1307,0.0,0.0,0.372,0,RENDA_FIXA,1,11.97,CONSERVADOR,0.0,ISENTO,24.0,0
synth-cli-0015,prev-0,2026-01-23,1294979.37,MODERADO,MODERADO,8,16.8,4,0.372,0.0462,0.1197,0.1307,0.0,0.0,0.372,0,PREVIDENCIA,2,10.09,CONSERVADOR,0.96,INCENTIVADO,0.167,0
synth-cli-0015,rv-btlg11,2026-01-21,1294979.37,MODERADO,MODERADO,8,16.8,4,0.372,0.0462,0.1197,0.1307,0.0,0.0,0.372,0,RENDA_VARIAVEL,3,11.31,MODERADO,0.0,ISENTO,0.067,1
synth-cli-0015,rf-cdb-3,2026-03-25,1294979.37,MODERADO,MODERADO,8,16.8,4,0.372,0.0462,0.1197,0.1307,0.0,0.0,0.372,0,RENDA_FIXA,1,13.62,CONSERVADOR,0.0,TRIBUTADO,0.042,1
synth-cli-0015,rv-itsa4,2026-03-09,1294979.37,MODERADO,MODERADO,8,16.8,4,0.372,0.0462,0.1197,0.1307,0.0,0.0,0.372,0,RENDA_VARIAVEL,4,15.45,ARROJADO,0.0,TRIBUTADO,0.067,0
synth-cli-0015,firf-2,2026-04-13,1294979.37,MODERADO,MODERADO,8,16.8,4,0.372,0.0462,0.1197,0.1307,0.0,0.0,0.372,0,FUNDOS,2,11.76,CONSERVADOR,0.78,TRIBUTADO,1.0,0
synth-cli-0015,fundo-mm-1,2026-01-09,1294979.37,MODERADO,MODERADO,8,16.8,4,0.372,0.0462,0.1197,0.1307,0.0,0.0,0.372,0,FUNDOS,4,15.74,ARROJADO,1.01,TRIBUTADO,1.806,0
synth-cli-0015,fundo-mm-3,2026-03-06,1294979.37,MODERADO,MODERADO,8,16.8,4,0.372,0.0462,0.1197,0.1307,0.0,0.0,0.372,0,FUNDOS,4,16.33,ARROJADO,1.5,TRIBUTADO,1.093,1
synth-cli-0015,rf-pub-2,2026-04-07,1294979.37,MODERADO,MODERADO,8,16.8,4,0.372,0.0462,0.1197,0.1307,0.0,0.0,0.372,1,RENDA_FIXA,3,13.26,MODERADO,0.0,INCENTIVADO,36.0,0
synth-cli-0015,cambio-0,2026-02-21,1294979.37,MODERADO,MODERADO,8,16.8,4,0.372,0.0462,0.1197,0.1307,0.0,0.0,0.372,0,CAMBIO,4,11.55,ARROJADO,1.87,TRIBUTADO,1.0,0
synth-cli-0015,rv-knri11,2026-02-18,1294979.37,MODERADO,MODERADO,8,16.8,4,0.372,0.0462,0.1197,0.1307,0.0,0.0,0.372,0,RENDA_VARIAVEL,3,11.32,MODERADO,0.0,ISENTO,0.067,1
synth-cli-0015,rf-isento-1,2026-04-23,1294979.37,MODERADO,MODERADO,8,16.8,4,0.372,0.0462,0.1197,0.1307,0.0,0.0,0.372,0,RENDA_FIXA,1,11.3,CONSERVADOR,0.0,ISENTO,24.0,0
synth-cli-0015,prev-1,2026-01-03,1294979.37,MODERADO,MODERADO,8,16.8,4,0.372,0.0462,0.1197,0.1307,0.0,0.0,0.372,0,PREVIDENCIA,3,10.58,MODERADO,0.86,INCENTIVADO,0.167,1
synth-cli-0015,prev-2,2026-01-16,1294979.37,MODERADO,MODERADO,8,16.8,4,0.372,0.0462,0.1197,0.1307,0.0,0.0,0.372,0,PREVIDENCIA,2,10.47,MODERADO,0.87,INCENTIVADO,0.167,0
synth-cli-0015,rf-pub-0,2026-01-02,1294979.37,MODERADO,MODERADO,8,16.8,4,0.372,0.0462,0.1197,0.1307,0.0,0.0,0.372,0,RENDA_FIXA,1,6.5,CONSERVADOR,0.0,TRIBUTADO,0.033,1
synth-cli-0015,rf-cdb-2,2026-04-19,1294979.37,MODERADO,MODERADO,8,16.8,4,0.372,0.0462,0.1197,0.1307,0.0,0.0,0.372,0,RENDA_FIXA,1,13.08,CONSERVADOR,0.0,TRIBUTADO,0.101,0
synth-cli-0015,firf-1,2026-04-16,1294979.37,MODERADO,MODERADO,8,16.8,4,0.372,0.0462,0.1197,0.1307,0.0,0.0,0.372,0,FUNDOS,2,12.07,CONSERVADOR,0.99,TRIBUTADO,1.0,1
synth-cli-0015,rf-cdb-4,2026-01-18,1294979.37,MODERADO,MODERADO,8,16.8,4,0.372,0.0462,0.1197,0.1307,0.0,0.0,0.372,0,RENDA_FIXA,1,11.98,CONSERVADOR,0.0,TRIBUTADO,0.036,0
synth-cli-0016,rf-cdb-0,2026-03-03,3143678.36,MODERADO,MODERADO,7,16.9,4,0.2759,0.1043,0.238,0.2098,0.0,0.0,0.2759,0,RENDA_FIXA,1,12.74,CONSERVADOR,0.0,TRIBUTADO,0.036,1
synth-cli-0016,fundo-mm-1,2026-03-21,3143678.36,MODERADO,MODERADO,7,16.9,4,0.2759,0.1043,0.238,0.2098,0.0,0.0,0.2759,0,FUNDOS,4,15.74,ARROJADO,1.01,TRIBUTADO,1.806,0
synth-cli-0016,rv-btlg11,2026-02-10,3143678.36,MODERADO,MODERADO,7,16.9,4,0.2759,0.1043,0.238,0.2098,0.0,0.0,0.2759,0,RENDA_VARIAVEL,3,11.31,MODERADO,0.0,ISENTO,0.067,0
synth-cli-0016,prev-2,2026-01-21,3143678.36,MODERADO,MODERADO,7,16.9,4,0.2759,0.1043,0.238,0.2098,0.0,0.0,0.2759,0,PREVIDENCIA,2,10.47,MODERADO,0.87,INCENTIVADO,0.167,0
synth-cli-0016,prev-0,2026-04-24,3143678.36,MODERADO,MODERADO,7,16.9,4,0.2759,0.1043,0.238,0.2098,0.0,0.0,0.2759,0,PREVIDENCIA,2,10.09,CONSERVADOR,0.96,INCENTIVADO,0.167,0
synth-cli-0016,fundo-mm-4,2026-01-07,3143678.36,MODERADO,MODERADO,7,16.9,4,0.2759,0.1043,0.238,0.2098,0.0,0.0,0.2759,0,FUNDOS,3,12.89,MODERADO,2.27,TRIBUTADO,1.604,1
synth-cli-0016,rf-cdb-3,2026-04-03,3143678.36,MODERADO,MODERADO,7,16.9,4,0.2759,0.1043,0.238,0.2098,0.0,0.0,0.2759,0,RENDA_FIXA,1,13.62,CONSERVADOR,0.0,TRIBUTADO,0.042,1
synth-cli-0016,firf-2,2026-03-16,3143678.36,MODERADO,MODERADO,7,16.9,4,0.2759,0.1043,0.238,0.2098,0.0,0.0,0.2759,0,FUNDOS,2,11.76,CONSERVADOR,0.78,TRIBUTADO,1.0,0
synth-cli-0016,firf-1,2026-01-02,3143678.36,MODERADO,MODERADO,7,16.9,4,0.2759,0.1043,0.238,0.2098,0.0,0.0,0.2759,0,FUNDOS,2,12.07,CONSERVADOR,0.99,TRIBUTADO,1.0,0
synth-cli-0016,fundo-mm-0,2026-03-26,3143678.36,MODERADO,MODERADO,7,16.9,4,0.2759,0.1043,0.238,0.2098,0.0,0.0,0.2759,0,FUNDOS,3,14.68,MODERADO,1.33,TRIBUTADO,1.589,1
synth-cli-0016,rf-isento-2,2026-05-15,3143678.36,MODERADO,MODERADO,7,16.9,4,0.2759,0.1043,0.238,0.2098,0.0,0.0,0.2759,0,RENDA_FIXA,1,11.97,CONSERVADOR,0.0,ISENTO,24.0,1
synth-cli-0016,rf-isento-1,2026-05-05,3143678.36,MODERADO,MODERADO,7,16.9,4,0.2759,0.1043,0.238,0.2098,0.0,0.0,0.2759,1,RENDA_FIXA,1,11.3,CONSERVADOR,0.0,ISENTO,24.0,0
synth-cli-0016,cambio-0,2026-02-03,3143678.36,MODERADO,MODERADO,7,16.9,4,0.2759,0.1043,0.238,0.2098,0.0,0.0,0.2759,0,CAMBIO,4,11.55,ARROJADO,1.87,TRIBUTADO,1.0,0
synth-cli-0016,rf-cdb-1,2026-04-20,3143678.36,MODERADO,MODERADO,7,16.9,4,0.2759,0.1043,0.238,0.2098,0.0,0.0,0.2759,1,RENDA_FIXA,1,11.46,CONSERVADOR,0.0,TRIBUTADO,0.056,0
synth-cli-0016,rf-cdb-2,2026-02-01,3143678.36,MODERADO,MODERADO,7,16.9,4,0.2759,0.1043,0.238,0.2098,0.0,0.0,0.2759,0,RENDA_FIXA,1,13.08,CONSERVADOR,0.0,TRIBUTADO,0.101,1
synth-cli-0017,rv-ivvb11,2026-01-26,6987813.63,ARROJADO,ARROJADO,13,32.8,4,0.0,0.0,0.5229,0.0887,0.1852,0.0652,0.5229,0,RENDA_VARIAVEL,4,17.47,ARROJADO,0.0,ISENTO,0.067,1
synth-cli-0017,rf-cdb-1,2026-03-26,6987813.63,ARROJADO,ARROJADO,13,32.8,4,0.0,0.0,0.5229,0.0887,0.1852,0.0652,0.5229,0,RENDA_FIXA,1,11.46,CONSERVADOR,0.0,TRIBUTADO,0.056,1
synth-cli-0017,coe-1,2026-04-11,6987813.63,ARROJADO,ARROJADO,13,32.8,4,0.0,0.0,0.5229,0.0887,0.1852,0.0652,0.5229,0,ESTRUTURADOS,5,22.09,ARROJADO,0.0,TRIBUTADO,36.0,0
synth-cli-0017,rf-isento-1,2026-03-27,6987813.63,ARROJADO,ARROJADO,13,32.8,4,0.0,0.0,0.5229,0.0887,0.1852,0.0652,0.5229,0,RENDA_FIXA,1,11.3,CONSERVADOR,0.0,ISENTO,24.0,1
synth-cli-0017,prev-2,2026-02-25,6987813.63,ARROJADO,ARROJADO,13,32.8,4,0.0,0.0,0.5229,0.0887,0.1852,0.0652,0.5229,0,PREVIDENCIA,2,10.47,MODERADO,0.87,INCENTIVADO,0.167,0
synth-cli-0017,prev-1,2026-03-05,6987813.63,ARROJADO,ARROJADO,13,32.8,4,0.0,0.0,0.5229,0.0887,0.1852,0.0652,0.5229,0,PREVIDENCIA,3,10.58,MODERADO,0.86,INCENTIVADO,0.167,1
synth-cli-0017,rf-cdb-3,2026-02-23,6987813.63,ARROJADO,ARROJADO,13,32.8,4,0.0,0.0,0.5229,0.0887,0.1852,0.0652,0.5229,0,RENDA_FIXA,1,13.62,CONSERVADOR,0.0,TRIBUTADO,0.042,0
synth-cli-0017,fundo-mm-3,2026-02-15,6987813.63,ARROJADO,ARROJADO,13,32.8,4,0.0,0.0,0.5229,0.0887,0.1852,0.0652,0.5229,1,FUNDOS,4,16.33,ARROJADO,1.5,TRIBUTADO,1.093,0
synth-cli-0017,rv-bpac11,2026-05-13,6987813.63,ARROJADO,ARROJADO,13,32.8,4,0.0,0.0,0.5229,0.0887,0.1852,0.0652,0.5229,0,RENDA_VARIAVEL,4,19.32,ARROJADO,0.0,ISENTO,0.067,1
synth-cli-0017,rf-pub-0,2026-01-16,6987813.63,ARROJADO,ARROJADO,13,32.8,4,0.0,0.0,0.5229,0.0887,0.1852,0.0652,0.5229,0,RENDA_FIXA,1,6.5,CONSERVADOR,0.0,TRIBUTADO,0.033,0
synth-cli-0017,firf-2,2026-05-10,6987813.63,ARROJADO,ARROJADO,13,32.8,4,0.0,0.0,0.5229,0.0887,0.1852,0.0652,0.5229,0,FUNDOS,2,11.76,CONSERVADOR,0.78,TRIBUTADO,1.0,0
synth-cli-0017,rf-cdb-2,2026-04-23,6987813.63,ARROJADO,ARROJADO,13,32.8,4,0.0,0.0,0.5229,0.0887,0.1852,0.0652,0.5229,0,RENDA_FIXA,1,13.08,CONSERVADOR,0.0,TRIBUTADO,0.101,1
synth-cli-0017,prev-0,2026-04-14,6987813.63,ARROJADO,ARROJADO,13,32.8,4,0.0,0.0,0.5229,0.0887,0.1852,0.0652,0.5229,0,PREVIDENCIA,2,10.09,CONSERVADOR,0.96,INCENTIVADO,0.167,1
synth-cli-0018,cambio-1,2026-02-04,561324.34,ARROJADO,ARROJADO,12,38.1,5,0.4056,0.2702,0.0,0.0631,0.097,0.0845,0.4056,0,CAMBIO,4,10.47,ARROJADO,1.77,TRIBUTADO,1.0,0
synth-cli-0018,rf-pub-0,2026-05-17,561324.34,ARROJADO,ARROJADO,12,38.1,5,0.4056,0.2702,0.0,0.0631,0.097,0.0845,0.4056,0,RENDA_FIXA,1,6.5,CONSERVADOR,0.0,TRIBUTADO,0.033,0
synth-cli-0018,rv-bpac11,2026-02-09,561324.34,ARROJADO,ARROJADO,12,38.1,5,0.4056,0.2702,0.0,0.0631,0.097,0.0845,0.4056,0,RENDA_VARIAVEL,4,19.32,ARROJADO,0.0,ISENTO,0.067,1
synth-cli-0018,rv-btlg11,2026-01-26,561324.34,ARROJADO,ARROJADO,12,38.1,5,0.4056,0.2702,0.0,0.0631,0.097,0.0845,0.4056,0,RENDA_VARIAVEL,3,11.31,MODERADO,0.0,ISENTO,0.067,0
synth-cli-0018,rf-cdb-1,2026-04-06,561324.34,ARROJADO,ARROJADO,12,38.1,5,0.4056,0.2702,0.0,0.0631,0.097,0.0845,0.4056,0,RENDA_FIXA,1,11.46,CONSERVADOR,0.0,TRIBUTADO,0.056,0
synth-cli-0018,coe-1,2026-01-02,561324.34,ARROJADO,ARROJADO,12,38.1,5,0.4056,0.2702,0.0,0.0631,0.097,0.0845,0.4056,0,ESTRUTURADOS,5,22.09,ARROJADO,0.0,TRIBUTADO,36.0,1
synth-cli-0018,cambio-0,2026-03-20,561324.34,ARROJADO,ARROJADO,12,38.1,5,0.4056,0.2702,0.0,0.0631,0.097,0.0845,0.4056,0,CAMBIO,4,11.55,ARROJADO,1.87,TRIBUTADO,1.0,0
synth-cli-0018,coe-0,2026-04-02,561324.34,ARROJADO,ARROJADO,12,38.1,5,0.4056,0.2702,0.0,0.0631,0.097,0.0845,0.4056,0,ESTRUTURADOS,5,19.22,ARROJADO,0.0,TRIBUTADO,36.0,0
synth-cli-0018,fundo-mm-4,2026-01-18,561324.34,ARROJADO,ARROJADO,12,38.1,5,0.4056,0.2702,0.0,0.0631,0.097,0.0845,0.4056,0,FUNDOS,3,12.89,MODERADO,2.27,TRIBUTADO,1.604,1
synth-cli-0018,prev-1,2026-01-03,561324.34,ARROJADO,ARROJADO,12,38.1,5,0.4056,0.2702,0.0,0.0631,0.097,0.0845,0.4056,0,PREVIDENCIA,3,10.58,MODERADO,0.86,INCENTIVADO,0.167,0
synth-cli-0018,rf-cdb-2,2026-04-19,561324.34,ARROJADO,ARROJADO,12,38.1,5,0.4056,0.2702,0.0,0.0631,0.097,0.0845,0.4056,0,RENDA_FIXA,1,13.08,CONSERVADOR,0.0,TRIBUTADO,0.101,0
synth-cli-0018,rf-isento-1,2026-03-08,561324.34,ARROJADO,ARROJADO,12,38.1,5,0.4056,0.2702,0.0,0.0631,0.097,0.0845,0.4056,0,RENDA_FIXA,1,11.3,CONSERVADOR,0.0,ISENTO,24.0,0
synth-cli-0018,fundo-mm-0,2026-03-08,561324.34,ARROJADO,ARROJADO,12,38.1,5,0.4056,0.2702,0.0,0.0631,0.097,0.0845,0.4056,0,FUNDOS,3,14.68,MODERADO,1.33,TRIBUTADO,1.589,0
synth-cli-0018,fundo-mm-2,2026-04-08,561324.34,ARROJADO,ARROJADO,12,38.1,5,0.4056,0.2702,0.0,0.0631,0.097,0.0845,0.4056,0,FUNDOS,3,15.29,MODERADO,1.51,TRIBUTADO,1.155,0
synth-cli-0018,rf-cdb-0,2026-05-16,561324.34,ARROJADO,ARROJADO,12,38.1,5,0.4056,0.2702,0.0,0.0631,0.097,0.0845,0.4056,0,RENDA_FIXA,1,12.74,CONSERVADOR,0.0,TRIBUTADO,0.036,0
synth-cli-0019,coe-1,2026-02-21,8328602.15,MODERADO,MODERADO,10,15.3,3,0.4332,0.1074,0.0,0.2022,0.0,0.0,0.4332,0,ESTRUTURADOS,5,22.09,ARROJADO,0.0,TRIBUTADO,36.0,0
synth-cli-0019,fundo-mm-2,2026-03-07,8328602.15,MODERADO,MODERADO,10,15.3,3,0.4332,0.1074,0.0,0.2022,0.0,0.0,0.4332,0,FUNDOS,3,15.29,MODERADO,1.51,TRIBUTADO,1.155,1
synth-cli-0019,rf-cdb-4,2026-03-05,8328602.15,MODERADO,MODERADO,10,15.3,3,0.4332,0.1074,0.0,0.2022,0.0,0.0,0.4332,0,RENDA_FIXA,1,11.98,CONSERVADOR,0.0,TRIBUTADO,0.036,0
synth-cli-0019,rf-pub-1,2026-04-15,8328602.15,MODERADO,MODERADO,10,15.3,3,0.4332,0.1074,0.0,0.2022,0.0,0.0,0.4332,1,RENDA_FIXA,3,12.55,MODERADO,0.0,INCENTIVADO,36.0,0
synth-cli-0019,rv-bpac11,2026-03-08,8328602.15,MODERADO,MODERADO,10,15.3,3,0.4332,0.1074,0.0,0.2022,0.0,0.0,0.4332,0,RENDA_VARIAVEL,4,19.32,ARROJADO,0.0,ISENTO,0.067,0
synth-cli-0019,fundo-mm-3,2026-05-06,8328602.15,MODERADO,MODERADO,10,15.3,3,0.4332,0.1074,0.0,0.2022,0.0,0.0,0.4332,0,FUNDOS,4,16.33,ARROJADO,1.5,TRIBUTADO,1.093,0
synth-cli-0019,rf-pub-0,2026-05-06,8328602.15,MODERADO,MODERADO,10,15.3,3,0.4332,0.1074,0.0,0.2022,0.0,0.0,0.4332,0,RENDA_FIXA,1,6.5,CONSERVADOR,0.0,TRIBUTADO,0.033,0
synth-cli-0019,fundo-mm-1,2026-05-28,8328602.15,MODERADO,MODERADO,10,15.3,3,0.4332,0.1074,0.0,0.2022,0.0,0.0,0.4332,0,FUNDOS,4,15.74,ARROJADO,1.01,TRIBUTADO,1.806,0
synth-cli-0019,fundo-mm-0,2026-02-19,8328602.15,MODERADO,MODERADO,10,15.3,3,0.4332,0.1074,0.0,0.2022,0.0,0.0,0.4332,0,FUNDOS,3,14.68,MODERADO,1.33,TRIBUTADO,1.589,1
synth-cli-0020,prev-2,2026-04-26,3111707.24,CONSERVADOR,CONSERVADOR,4,9.7,3,0.4957,0.0,0.0442,0.2255,0.0,0.0,0.4957,0,PREVIDENCIA,2,10.47,MODERADO,0.87,INCENTIVADO,0.167,0
synth-cli-0020,fundo-mm-3,2026-01-15,3111707.24,CONSERVADOR,CONSERVADOR,4,9.7,3,0.4957,0.0,0.0442,0.2255,0.0,0.0,0.4957,0,FUNDOS,4,16.33,ARROJADO,1.5,TRIBUTADO,1.093,0
synth-cli-0020,rf-isento-0,2026-01-18,3111707.24,CONSERVADOR,CONSERVADOR,4,9.7,3,0.4957,0.0,0.0442,0.2255,0.0,0.0,0.4957,0,RENDA_FIXA,1,11.04,CONSERVADOR,0.0,ISENTO,24.0,1
synth-cli-0020,rf-cdb-0,2026-02-05,3111707.24,CONSERVADOR,CONSERVADOR,4,9.7,3,0.4957,0.0,0.0442,0.2255,0.0,0.0,0.4957,0,RENDA_FIXA,1,12.74,CONSERVADOR,0.0,TRIBUTADO,0.036,1
synth-cli-0020,rv-knri11,2026-02-21,3111707.24,CONSERVADOR,CONSERVADOR,4,9.7,3,0.4957,0.0,0.0442,0.2255,0.0,0.0,0.4957,0,RENDA_VARIAVEL,3,11.32,MODERADO,0.0,ISENTO,0.067,0
synth-cli-0020,fundo-mm-2,2026-01-16,3111707.24,CONSERVADOR,CONSERVADOR,4,9.7,3,0.4957,0.0,0.0442,0.2255,0.0,0.0,0.4957,0,FUNDOS,3,15.29,MODERADO,1.51,TRIBUTADO,1.155,1
synth-cli-0020,cambio-1,2026-02-23,3111707.24,CONSERVADOR,CONSERVADOR,4,9.7,3,0.4957,0.0,0.0442,0.2255,0.0,0.0,0.4957,0,CAMBIO,4,10.47,ARROJADO,1.77,TRIBUTADO,1.0,0
synth-cli-0020,rf-pub-2,2026-05-24,3111707.24,CONSERVADOR,CONSERVADOR,4,9.7,3,0.4957,0.0,0.0442,0.2255,0.0,0.0,0.4957,0,RENDA_FIXA,3,13.26,MODERADO,0.0,INCENTIVADO,36.0,0
synth-cli-0020,prev-0,2026-04-15,3111707.24,CONSERVADOR,CONSERVADOR,4,9.7,3,0.4957,0.0,0.0442,0.2255,0.0,0.0,0.4957,0,PREVIDENCIA,2,10.09,CONSERVADOR,0.96,INCENTIVADO,0.167,0
synth-cli-0020,rf-isento-2,2026-03-21,3111707.24,CONSERVADOR,CONSERVADOR,4,9.7,3,0.4957,0.0,0.0442,0.2255,0.0,0.0,0.4957,0,RENDA_FIXA,1,11.97,CONSERVADOR,0.0,ISENTO,24.0,1
synth-cli-0020,prev-1,2026-01-28,3111707.24,CONSERVADOR,CONSERVADOR,4,9.7,3,0.4957,0.0,0.0442,0.2255,0.0,0.0,0.4957,0,PREVIDENCIA,3,10.58,MODERADO,0.86,INCENTIVADO,0.167,0
synth-cli-0020,firf-2,2026-04-23,3111707.24,CONSERVADOR,CONSERVADOR,4,9.7,3,0.4957,0.0,0.0442,0.2255,0.0,0.0,0.4957,0,FUNDOS,2,11.76,CONSERVADOR,0.78,TRIBUTADO,1.0,0
synth-cli-0020,rv-btlg11,2026-01-10,3111707.24,CONSERVADOR,CONSERVADOR,4,9.7,3,0.4957,0.0,0.0442,0.2255,0.0,0.0,0.4957,0,RENDA_VARIAVEL,3,11.31,MODERADO,0.0,ISENTO,0.067,0
synth-cli-0020,rf-cdb-4,2026-03-23,3111707.24,CONSERVADOR,CONSERVADOR,4,9.7,3,0.4957,0.0,0.0442,0.2255,0.0,0.0,0.4957,1,RENDA_FIXA,1,11.98,CONSERVADOR,0.0,TRIBUTADO,0.036,0
synth-cli-0020,coe-0,2026-05-19,3111707.24,CONSERVADOR,CONSERVADOR,4,9.7,3,0.4957,0.0,0.0442,0.2255,0.0,0.0,0.4957,0,ESTRUTURADOS,5,19.22,ARROJADO,0.0,TRIBUTADO,36.0,0
synth-cli-0020,rv-ivvb11,2026-01-20,3111707.24,CONSERVADOR,CONSERVADOR,4,9.7,3,0.4957,0.0,0.0442,0.2255,0.0,0.0,0.4957,0,RENDA_VARIAVEL,4,17.47,ARROJADO,0.0,ISENTO,0.067,0
synth-cli-0020,firf-0,2026-03-02,3111707.24,CONSERVADOR,CONSERVADOR,4,9.7,3,0.4957,0.0,0.0442,0.2255,0.0,0.0,0.4957,0,FUNDOS,2,12.61,CONSERVADOR,0.86,TRIBUTADO,1.0,1
synth-cli-0020,cambio-0,2026-03-15,3111707.24,CONSERVADOR,CONSERVADOR,4,9.7,3,0.4957,0.0,0.0442,0.2255,0.0,0.0,0.4957,0,CAMBIO,4,11.55,ARROJADO,1.87,TRIBUTADO,1.0,0
synth-cli-0020,rv-bpac11,2026-03-12,3111707.24,CONSERVADOR,CONSERVADOR,4,9.7,3,0.4957,0.0,0.0442,0.2255,0.0,0.0,0.4957,0,RENDA_VARIAVEL,4,19.32,ARROJADO,0.0,ISENTO,0.067,0
synth-cli-0020,fundo-mm-0,2026-05-23,3111707.24,CONSERVADOR,CONSERVADOR,4,9.7,3,0.4957,0.0,0.0442,0.2255,0.0,0.0,0.4957,0,FUNDOS,3,14.68,MODERADO,1.33,TRIBUTADO,1.589,0
synth-cli-0020,coe-1,2026-02-05,3111707.24,CONSERVADOR,CONSERVADOR,4,9.7,3,0.4957,0.0,0.0442,0.2255,0.0,0.0,0.4957,0,ESTRUTURADOS,5,22.09,ARROJADO,0.0,TRIBUTADO,36.0,0
synth-cli-0020,fundo-mm-4,2026-02-18,3111707.24,CONSERVADOR,CONSERVADOR,4,9.7,3,0.4957,0.0,0.0442,0.2255,0.0,0.0,0.4957,0,FUNDOS,3,12.89,MODERADO,2.27,TRIBUTADO,1.604,1
synth-cli-0020,rf-pub-1,2026-04-24,3111707.24,CONSERVADOR,CONSERVADOR,4,9.7,3,0.4957,0.0,0.0442,0.2255,0.0,0.0,0.4957,0,RENDA_FIXA,3,12.55,MODERADO,0.0,INCENTIVADO,36.0,0
synth-cli-0021,prev-0,2026-04-17,3205369.11,CONSERVADOR,CONSERVADOR,3,3.2,3,0.6421,0.0,0.0878,0.1792,0.0,0.0,0.6421,0,PREVIDENCIA,2,10.09,CONSERVADOR,0.96,INCENTIVADO,0.167,0
synth-cli-0021,rv-knri11,2026-01-16,3205369.11,CONSERVADOR,CONSERVADOR,3,3.2,3,0.6421,0.0,0.0878,0.1792,0.0,0.0,0.6421,0,RENDA_VARIAVEL,3,11.32,MODERADO,0.0,ISENTO,0.067,0
synth-cli-0021,cambio-1,2026-05-10,3205369.11,CONSERVADOR,CONSERVADOR,3,3.2,3,0.6421,0.0,0.0878,0.1792,0.0,0.0,0.6421,0,CAMBIO,4,10.47,ARROJADO,1.77,TRIBUTADO,1.0,0
synth-cli-0021,rf-pub-2,2026-03-26,3205369.11,CONSERVADOR,CONSERVADOR,3,3.2,3,0.6421,0.0,0.0878,0.1792,0.0,0.0,0.6421,0,RENDA_FIXA,3,13.26,MODERADO,0.0,INCENTIVADO,36.0,0
synth-cli-0021,rf-isento-2,2026-01-07,3205369.11,CONSERVADOR,CONSERVADOR,3,3.2,3,0.6421,0.0,0.0878,0.1792,0.0,0.0,0.6421,0,RENDA_FIXA,1,11.97,CONSERVADOR,0.0,ISENTO,24.0,0
synth-cli-0021,fundo-mm-0,2026-04-03,3205369.11,CONSERVADOR,CONSERVADOR,3,3.2,3,0.6421,0.0,0.0878,0.1792,0.0,0.0,0.6421,0,FUNDOS,3,14.68,MODERADO,1.33,TRIBUTADO,1.589,0
synth-cli-0021,rf-isento-0,2026-02-10,3205369.11,CONSERVADOR,CONSERVADOR,3,3.2,3,0.6421,0.0,0.0878,0.1792,0.0,0.0,0.6421,0,RENDA_FIXA,1,11.04,CONSERVADOR,0.0,ISENTO,24.0,0
synth-cli-0021,firf-0,2026-01-04,3205369.11,CONSERVADOR,CONSERVADOR,3,3.2,3,0.6421,0.0,0.0878,0.1792,0.0,0.0,0.6421,0,FUNDOS,2,12.61,CONSERVADOR,0.86,TRIBUTADO,1.0,1
synth-cli-0021,rv-itsa4,2026-01-23,3205369.11,CONSERVADOR,CONSERVADOR,3,3.2,3,0.6421,0.0,0.0878,0.1792,0.0,0.0,0.6421,0,RENDA_VARIAVEL,4,15.45,ARROJADO,0.0,TRIBUTADO,0.067,0
synth-cli-0021,fundo-mm-2,2026-02-28,3205369.11,CONSERVADOR,CONSERVADOR,3,3.2,3,0.6421,0.0,0.0878,0.1792,0.0,0.0,0.6421,0,FUNDOS,3,15.29,MODERADO,1.51,TRIBUTADO,1.155,0
synth-cli-0021,coe-1,2026-01-10,3205369.11,CONSERVADOR,CONSERVADOR,3,3.2,3,0.6421,0.0,0.0878,0.1792,0.0,0.0,0.6421,0,ESTRUTURADOS,5,22.09,ARROJADO,0.0,TRIBUTADO,36.0,0
synth-cli-0021,rf-cdb-1,2026-05-05,3205369.11,CONSERVADOR,CONSERVADOR,3,3.2,3,0.6421,0.0,0.0878,0.1792,0.0,0.0,0.6421,1,RENDA_FIXA,1,11.46,CONSERVADOR,0.0,TRIBUTADO,0.056,0
synth-cli-0021,rf-cdb-2,2026-04-15,3205369.11,CONSERVADOR,CONSERVADOR,3,3.2,3,0.6421,0.0,0.0878,0.1792,0.0,0.0,0.6421,0,RENDA_FIXA,1,13.08,CONSERVADOR,0.0,TRIBUTADO,0.101,0
synth-cli-0021,prev-1,2026-01-10,3205369.11,CONSERVADOR,CONSERVADOR,3,3.2,3,0.6421,0.0,0.0878,0.1792,0.0,0.0,0.6421,0,PREVIDENCIA,3,10.58,MODERADO,0.86,INCENTIVADO,0.167,0
synth-cli-0022,rf-cdb-2,2026-04-15,1264975.73,MODERADO,MODERADO,4,19.6,4,0.348,0.1001,0.2833,0.2063,0.0,0.0,0.348,0,RENDA_FIXA,1,13.08,CONSERVADOR,0.0,TRIBUTADO,0.101,0
synth-cli-0022,rf-cdb-0,2026-02-26,1264975.73,MODERADO,MODERADO,4,19.6,4,0.348,0.1001,0.2833,0.2063,0.0,0.0,0.348,0,RENDA_FIXA,1,12.74,CONSERVADOR,0.0,TRIBUTADO,0.036,0
synth-cli-0022,coe-0,2026-04-12,1264975.73,MODERADO,MODERADO,4,19.6,4,0.348,0.1001,0.2833,0.2063,0.0,0.0,0.348,0,ESTRUTURADOS,5,19.22,ARROJADO,0.0,TRIBUTADO,36.0,0
synth-cli-0022,prev-1,2026-01-05,1264975.73,MODERADO,MODERADO,4,19.6,4,0.348,0.1001,0.2833,0.2063,0.0,0.0,0.348,0,PREVIDENCIA,3,10.58,MODERADO,0.86,INCENTIVADO,0.167,0
synth-cli-0022,rf-pub-2,2026-04-06,1264975.73,MODERADO,MODERADO,4,19.6,4,0.348,0.1001,0.2833,0.2063,0.0,0.0,0.348,1,RENDA_FIXA,3,13.26,MODERADO,0.0,INCENTIVADO,36.0,0
synth-cli-0022,firf-0,2026-02-06,1264975.73,MODERADO,MODERADO,4,19.6,4,0.348,0.1001,0.2833,0.2063,0.0,0.0,0.348,0,FUNDOS,2,12.61,CONSERVADOR,0.86,TRIBUTADO,1.0,0
synth-cli-0022,rv-ivvb11,2026-02-06,1264975.73,MODERADO,MODERADO,4,19.6,4,0.348,0.1001,0.2833,0.2063,0.0,0.0,0.348,0,RENDA_VARIAVEL,4,17.47,ARROJADO,0.0,ISENTO,0.067,0
synth-cli-0022,rf-isento-2,2026-01-11,1264975.73,MODERADO,MODERADO,4,19.6,4,0.348,0.1001,0.2833,0.2063,0.0,0.0,0.348,0,RENDA_FIXA,1,11.97,CONSERVADOR,0.0,ISENTO,24.0,1
synth-cli-0022,fundo-mm-2,2026-02-18,1264975.73,MODERADO,MODERADO,4,19.6,4,0.348,0.1001,0.2833,0.2063,0.0,0.0,0.348,0,FUNDOS,3,15.29,MODERADO,1.51,TRIBUTADO,1.155,1
synth-cli-0022,firf-2,2026-03-12,1264975.73,MODERADO,MODERADO,4,19.6,4,0.348,0.1001,0.2833,0.2063,0.0,0.0,0.348,0,FUNDOS,2,11.76,CONSERVADOR,0.78,TRIBUTADO,1.0,0
synth-cli-0022,rv-knri11,2026-05-10,1264975.73,MODERADO,MODERADO,4,19.6,4,0.348,0.1001,0.2833,0.2063,0.0,0.0,0.348,0,RENDA_VARIAVEL,3,11.32,MODERADO,0.0,ISENTO,0.067,0
synth-cli-0022,prev-0,2026-01-13,1264975.73,MODERADO,MODERADO,4,19.6,4,0.348,0.1001,0.2833,0.2063,0.0,0.0,0.348,0,PREVIDENCIA,2,10.09,CONSERVADOR,0.96,INCENTIVADO,0.167,1
synth-cli-0022,fundo-mm-4,2026-03-05,1264975.73,MODERADO,MODERADO,4,19.6,4,0.348,0.1001,0.2833,0.2063,0.0,0.0,0.348,0,FUNDOS,3,12.89,MODERADO,2.27,TRIBUTADO,1.604,0
synth-cli-0022,coe-1,2026-05-17,1264975.73,MODERADO,MODERADO,4,19.6,4,0.348,0.1001,0.2833,0.2063,0.0,0.0,0.348,0,ESTRUTURADOS,5,22.09,ARROJADO,0.0,TRIBUTADO,36.0,0
synth-cli-0023,rv-ivvb11,2026-01-13,1138233.02,MODERADO,MODERADO,5,12.6,4,0.401,0.0728,0.2594,0.1439,0.0,0.0,0.401,0,RENDA_VARIAVEL,4,17.47,ARROJADO,0.0,ISENTO,0.067,0
synth-cli-0023,rv-btlg11,2026-02-15,1138233.02,MODERADO,MODERADO,5,12.6,4,0.401,0.0728,0.2594,0.1439,0.0,0.0,0.401,0,RENDA_VARIAVEL,3,11.31,MODERADO,0.0,ISENTO,0.067,0
synth-cli-0023,rf-isento-1,2026-03-02,1138233.02,MODERADO,MODERADO,5,12.6,4,0.401,0.0728,0.2594,0.1439,0.0,0.0,0.401,0,RENDA_FIXA,1,11.3,CONSERVADOR,0.0,ISENTO,24.0,1
synth-cli-0023,fundo-mm-4,2026-02-19,1138233.02,MODERADO,MODERADO,5,12.6,4,0.401,0.0728,0.2594,0.1439,0.0,0.0,0.401,0,FUNDOS,3,12.89,MODERADO,2.27,TRIBUTADO,1.604,0
synth-cli-0023,coe-1,2026-03-07,1138233.02,MODERADO,MODERADO,5,12.6,4,0.401,0.0728,0.2594,0.1439,0.0,0.0,0.401,0,ESTRUTURADOS,5,22.09,ARROJADO,0.0,TRIBUTADO,36.0,0
synth-cli-0023,prev-0,2026-01-17,1138233.02,MODERADO,MODERADO,5,12.6,4,0.401,0.0728,0.2594,0.1439,0.0,0.0,0.401,0,PREVIDENCIA,2,10.09,CONSERVADOR,0.96,INCENTIVADO,0.167,1
synth-cli-0023,firf-2,2026-04-11,1138233.02,MODERADO,MODERADO,5,12.6,4,0.401,0.0728,0.2594,0.1439,0.0,0.0,0.401,0,FUNDOS,2,11.76,CONSERVADOR,0.78,TRIBUTADO,1.0,1
synth-cli-0023,rv-itsa4,2026-05-02,1138233.02,MODERADO,MODERADO,5,12.6,4,0.401,0.0728,0.2594,0.1439,0.0,0.0,0.401,0,RENDA_VARIAVEL,4,15.45,ARROJADO,0.0,TRIBUTADO,0.067,0
synth-cli-0023,rf-cdb-4,2026-04-12,1138233.02,MODERADO,MODERADO,5,12.6,4,0.401,0.0728,0.2594,0.1439,0.0,0.0,0.401,0,RENDA_FIXA,1,11.98,CONSERVADOR,0.0,TRIBUTADO,0.036,1
synth-cli-0023,prev-1,2026-01-10,1138233.02,MODERADO,MODERADO,5,12.6,4,0.401,0.0728,0.2594,0.1439,0.0,0.0,0.401,0,PREVIDENCIA,3,10.58,MODERADO,0.86,INCENTIVADO,0.167,0
synth-cli-0023,fundo-mm-3,2026-03-15,1138233.02,MODERADO,MODERADO,5,12.6,4,0.401,0.0728,0.2594,0.1439,0.0,0.0,0.401,0,FUNDOS,4,16.33,ARROJADO,1.5,TRIBUTADO,1.093,0
synth-cli-0023,rf-isento-2,2026-01-07,1138233.02,MODERADO,MODERADO,5,12.6,4,0.401,0.0728,0.2594,0.1439,0.0,0.0,0.401,0,RENDA_FIXA,1,11.97,CONSERVADOR,0.0,ISENTO,24.0,0
synth-cli-0023,rf-cdb-3,2026-04-10,1138233.02,MODERADO,MODERADO,5,12.6,4,0.401,0.0728,0.2594,0.1439,0.0,0.0,0.401,0,RENDA_FIXA,1,13.62,CONSERVADOR,0.0,TRIBUTADO,0.042,0
synth-cli-0023,coe-0,2026-04-24,1138233.02,MODERADO,MODERADO,5,12.6,4,0.401,0.0728,0.2594,0.1439,0.0,0.0,0.401,0,ESTRUTURADOS,5,19.22,ARROJADO,0.0,TRIBUTADO,36.0,0
synth-cli-0023,rf-cdb-1,2026-02-27,1138233.02,MODERADO,MODERADO,5,12.6,4,0.401,0.0728,0.2594,0.1439,0.0,0.0,0.401,0,RENDA_FIXA,1,11.46,CONSERVADOR,0.0,TRIBUTADO,0.056,0
synth-cli-0023,cambio-0,2026-01-05,1138233.02,MODERADO,MODERADO,5,12.6,4,0.401,0.0728,0.2594,0.1439,0.0,0.0,0.401,0,CAMBIO,4,11.55,ARROJADO,1.87,TRIBUTADO,1.0,0
synth-cli-0023,rv-bpac11,2026-04-28,1138233.02,MODERADO,MODERADO,5,12.6,4,0.401,0.0728,0.2594,0.1439,0.0,0.0,0.401,0,RENDA_VARIAVEL,4,19.32,ARROJADO,0.0,ISENTO,0.067,0
synth-cli-0023,rf-isento-0,2026-05-25,1138233.02,MODERADO,MODERADO,5,12.6,4,0.401,0.0728,0.2594,0.1439,0.0,0.0,0.401,0,RENDA_FIXA,1,11.04,CONSERVADOR,0.0,ISENTO,24.0,0
synth-cli-0024,rf-cdb-2,2026-05-24,895814.3,CONSERVADOR,CONSERVADOR,5,6.0,3,0.492,0.0,0.125,0.3684,0.0,0.0,0.492,0,RENDA_FIXA,1,13.08,CONSERVADOR,0.0,TRIBUTADO,0.101,1
synth-cli-0024,rf-cdb-0,2026-03-10,895814.3,CONSERVADOR,CONSERVADOR,5,6.0,3,0.492,0.0,0.125,0.3684,0.0,0.0,0.492,0,RENDA_FIXA,1,12.74,CONSERVADOR,0.0,TRIBUTADO,0.036,1
synth-cli-0024,fundo-mm-2,2026-04-04,895814.3,CONSERVADOR,CONSERVADOR,5,6.0,3,0.492,0.0,0.125,0.3684,0.0,0.0,0.492,0,FUNDOS,3,15.29,MODERADO,1.51,TRIBUTADO,1.155,1
synth-cli-0024,rv-ivvb11,2026-03-14,895814.3,CONSERVADOR,CONSERVADOR,5,6.0,3,0.492,0.0,0.125,0.3684,0.0,0.0,0.492,0,RENDA_VARIAVEL,4,17.47,ARROJADO,0.0,ISENTO,0.067,0
synth-cli-0024,rf-isento-0,2026-02-01,895814.3,CONSERVADOR,CONSERVADOR,5,6.0,3,0.492,0.0,0.125,0.3684,0.0,0.0,0.492,0,RENDA_FIXA,1,11.04,CONSERVADOR,0.0,ISENTO,24.0,1
synth-cli-0024,coe-1,2026-03-16,895814.3,CONSERVADOR,CONSERVADOR,5,6.0,3,0.492,0.0,0.125,0.3684,0.0,0.0,0.492,0,ESTRUTURADOS,5,22.09,ARROJADO,0.0,TRIBUTADO,36.0,0
synth-cli-0024,rf-pub-0,2026-05-16,895814.3,CONSERVADOR,CONSERVADOR,5,6.0,3,0.492,0.0,0.125,0.3684,0.0,0.0,0.492,0,RENDA_FIXA,1,6.5,CONSERVADOR,0.0,TRIBUTADO,0.033,0
synth-cli-0024,firf-1,2026-03-21,895814.3,CONSERVADOR,CONSERVADOR,5,6.0,3,0.492,0.0,0.125,0.3684,0.0,0.0,0.492,0,FUNDOS,2,12.07,CONSERVADOR,0.99,TRIBUTADO,1.0,0
synth-cli-0024,fundo-mm-3,2026-01-12,895814.3,CONSERVADOR,CONSERVADOR,5,6.0,3,0.492,0.0,0.125,0.3684,0.0,0.0,0.492,0,FUNDOS,4,16.33,ARROJADO,1.5,TRIBUTADO,1.093,0
synth-cli-0024,firf-2,2026-05-01,895814.3,CONSERVADOR,CONSERVADOR,5,6.0,3,0.492,0.0,0.125,0.3684,0.0,0.0,0.492,0,FUNDOS,2,11.76,CONSERVADOR,0.78,TRIBUTADO,1.0,0
synth-cli-0024,rf-cdb-4,2026-02-19,895814.3,CONSERVADOR,CONSERVADOR,5,6.0,3,0.492,0.0,0.125,0.3684,0.0,0.0,0.492,0,RENDA_FIXA,1,11.98,CONSERVADOR,0.0,TRIBUTADO,0.036,0
synth-cli-0024,rf-pub-1,2026-03-15,895814.3,CONSERVADOR,CONSERVADOR,5,6.0,3,0.492,0.0,0.125,0.3684,0.0,0.0,0.492,0,RENDA_FIXA,3,12.55,MODERADO,0.0,INCENTIVADO,36.0,0
synth-cli-0024,prev-0,2026-02-12,895814.3,CONSERVADOR,CONSERVADOR,5,6.0,3,0.492,0.0,0.125,0.3684,0.0,0.0,0.492,0,PREVIDENCIA,2,10.09,CONSERVADOR,0.96,INCENTIVADO,0.167,0
synth-cli-0024,fundo-mm-1,2026-03-12,895814.3,CONSERVADOR,CONSERVADOR,5,6.0,3,0.492,0.0,0.125,0.3684,0.0,0.0,0.492,0,FUNDOS,4,15.74,ARROJADO,1.01,TRIBUTADO,1.806,0
synth-cli-0024,rf-isento-1,2026-03-10,895814.3,CONSERVADOR,CONSERVADOR,5,6.0,3,0.492,0.0,0.125,0.3684,0.0,0.0,0.492,0,RENDA_FIXA,1,11.3,CONSERVADOR,0.0,ISENTO,24.0,1
synth-cli-0024,fundo-mm-4,2026-01-17,895814.3,CONSERVADOR,CONSERVADOR,5,6.0,3,0.492,0.0,0.125,0.3684,0.0,0.0,0.492,0,FUNDOS,3,12.89,MODERADO,2.27,TRIBUTADO,1.604,0
synth-cli-0024,cambio-0,2026-02-25,895814.3,CONSERVADOR,CONSERVADOR,5,6.0,3,0.492,0.0,0.125,0.3684,0.0,0.0,0.492,0,CAMBIO,4,11.55,ARROJADO,1.87,TRIBUTADO,1.0,0
synth-cli-0024,prev-1,2026-02-18,895814.3,CONSERVADOR,CONSERVADOR,5,6.0,3,0.492,0.0,0.125,0.3684,0.0,0.0,0.492,0,PREVIDENCIA,3,10.58,MODERADO,0.86,INCENTIVADO,0.167,0
synth-cli-0024,coe-0,2026-03-27,895814.3,CONSERVADOR,CONSERVADOR,5,6.0,3,0.492,0.0,0.125,0.3684,0.0,0.0,0.492,0,ESTRUTURADOS,5,19.22,ARROJADO,0.0,TRIBUTADO,36.0,0
synth-cli-0024,firf-0,2026-03-09,895814.3,CONSERVADOR,CONSERVADOR,5,6.0,3,0.492,0.0,0.125,0.3684,0.0,0.0,0.492,0,FUNDOS,2,12.61,CONSERVADOR,0.86,TRIBUTADO,1.0,0
synth-cli-0025,rf-cdb-3,2026-02-26,3763745.99,ARROJADO,ARROJADO,7,26.0,2,0.6012,0.0,0.0,0.0,0.0,0.1367,0.6012,0,RENDA_FIXA,1,13.62,CONSERVADOR,0.0,TRIBUTADO,0.042,1
synth-cli-0025,firf-1,2026-05-28,3763745.99,ARROJADO,ARROJADO,7,26.0,2,0.6012,0.0,0.0,0.0,0.0,0.1367,0.6012,0,FUNDOS,2,12.07,CONSERVADOR,0.99,TRIBUTADO,1.0,0
synth-cli-0025,firf-2,2026-05-23,3763745.99,ARROJADO,ARROJADO,7,26.0,2,0.6012,0.0,0.0,0.0,0.0,0.1367,0.6012,0,FUNDOS,2,11.76,CONSERVADOR,0.78,TRIBUTADO,1.0,0
synth-cli-0025,fundo-mm-0,2026-01-04,3763745.99,ARROJADO,ARROJADO,7,26.0,2,0.6012,0.0,0.0,0.0,0.0,0.1367,0.6012,0,FUNDOS,3,14.68,MODERADO,1.33,TRIBUTADO,1.589,1
synth-cli-0025,prev-2,2026-01-16,3763745.99,ARROJADO,ARROJADO,7,26.0,2,0.6012,0.0,0.0,0.0,0.0,0.1367,0.6012,0,PREVIDENCIA,2,10.47,MODERADO,0.87,INCENTIVADO,0.167,0
synth-cli-0025,rf-cdb-4,2026-04-20,3763745.99,ARROJADO,ARROJADO,7,26.0,2,0.6012,0.0,0.0,0.0,0.0,0.1367,0.6012,0,RENDA_FIXA,1,11.98,CONSERVADOR,0.0,TRIBUTADO,0.036,1
synth-cli-0025,rf-cdb-0,2026-03-06,3763745.99,ARROJADO,ARROJADO,7,26.0,2,0.6012,0.0,0.0,0.0,0.0,0.1367,0.6012,0,RENDA_FIXA,1,12.74,CONSERVADOR,0.0,TRIBUTADO,0.036,0
synth-cli-0025,prev-1,2026-02-05,3763745.99,ARROJADO,ARROJADO,7,26.0,2,0.6012,0.0,0.0,0.0,0.0,0.1367,0.6012,0,PREVIDENCIA,3,10.58,MODERADO,0.86,INCENTIVADO,0.167,0
synth-cli-0025,firf-0,2026-02-23,3763745.99,ARROJADO,ARROJADO,7,26.0,2,0.6012,0.0,0.0,0.0,0.0,0.1367,0.6012,0,FUNDOS,2,12.61,CONSERVADOR,0.86,TRIBUTADO,1.0,0
synth-cli-0025,rf-isento-1,2026-01-14,3763745.99,ARROJADO,ARROJADO,7,26.0,2,0.6012,0.0,0.0,0.0,0.0,0.1367,0.6012,0,RENDA_FIXA,1,11.3,CONSERVADOR,0.0,ISENTO,24.0,1
synth-cli-0025,coe-0,2026-01-03,3763745.99,ARROJADO,ARROJADO,7,26.0,2,0.6012,0.0,0.0,0.0,0.0,0.1367,0.6012,0,ESTRUTURADOS,5,19.22,ARROJADO,0.0,TRIBUTADO,36.0,0
synth-cli-0025,fundo-mm-4,2026-04-25,3763745.99,ARROJADO,ARROJADO,7,26.0,2,0.6012,0.0,0.0,0.0,0.0,0.1367,0.6012,0,FUNDOS,3,12.89,MODERADO,2.27,TRIBUTADO,1.604,1
synth-cli-0025,fundo-mm-2,2026-05-19,3763745.99,ARROJADO,ARROJADO,7,26.0,2,0.6012,0.0,0.0,0.0,0.0,0.1367,0.6012,0,FUNDOS,3,15.29,MODERADO,1.51,TRIBUTADO,1.155,1
synth-cli-0025,rf-isento-2,2026-01-09,3763745.99,ARROJADO,ARROJADO,7,26.0,2,0.6012,0.0,0.0,0.0,0.0,0.1367,0.6012,0,RENDA_FIXA,1,11.97,CONSERVADOR,0.0,ISENTO,24.0,1
synth-cli-0025,rf-pub-0,2026-01-26,3763745.99,ARROJADO,ARROJADO,7,26.0,2,0.6012,0.0,0.0,0.0,0.0,0.1367,0.6012,0,RENDA_FIXA,1,6.5,CONSERVADOR,0.0,TRIBUTADO,0.033,1
synth-cli-0025,cambio-1,2026-05-07,3763745.99,ARROJADO,ARROJADO,7,26.0,2,0.6012,0.0,0.0,0.0,0.0,0.1367,0.6012,0,CAMBIO,4,10.47,ARROJADO,1.77,TRIBUTADO,1.0,1
synth-cli-0025,rv-bpac11,2026-01-03,3763745.99,ARROJADO,ARROJADO,7,26.0,2,0.6012,0.0,0.0,0.0,0.0,0.1367,0.6012,0,RENDA_VARIAVEL,4,19.32,ARROJADO,0.0,ISENTO,0.067,1
synth-cli-0025,rf-cdb-2,2026-03-19,3763745.99,ARROJADO,ARROJADO,7,26.0,2,0.6012,0.0,0.0,0.0,0.0,0.1367,0.6012,0,RENDA_FIXA,1,13.08,CONSERVADOR,0.0,TRIBUTADO,0.101,1
synth-cli-0025,rf-isento-0,2026-05-08,3763745.99,ARROJADO,ARROJADO,7,26.0,2,0.6012,0.0,0.0,0.0,0.0,0.1367,0.6012,0,RENDA_FIXA,1,11.04,CONSERVADOR,0.0,ISENTO,24.0,0
synth-cli-0026,firf-2,2026-01-06,1805179.79,ARROJADO,ARROJADO,10,29.8,5,0.2972,0.1671,0.3057,0.0285,0.0,0.0582,0.3057,0,FUNDOS,2,11.76,CONSERVADOR,0.78,TRIBUTADO,1.0,0
synth-cli-0026,rf-cdb-2,2026-05-08,1805179.79,ARROJADO,ARROJADO,10,29.8,5,0.2972,0.1671,0.3057,0.0285,0.0,0.0582,0.3057,0,RENDA_FIXA,1,13.08,CONSERVADOR,0.0,TRIBUTADO,0.101,1
synth-cli-0026,rf-cdb-3,2026-03-04,1805179.79,ARROJADO,ARROJADO,10,29.8,5,0.2972,0.1671,0.3057,0.0285,0.0,0.0582,0.3057,0,RENDA_FIXA,1,13.62,CONSERVADOR,0.0,TRIBUTADO,0.042,0
synth-cli-0026,prev-2,2026-03-23,1805179.79,ARROJADO,ARROJADO,10,29.8,5,0.2972,0.1671,0.3057,0.0285,0.0,0.0582,0.3057,0,PREVIDENCIA,2,10.47,MODERADO,0.87,INCENTIVADO,0.167,0
synth-cli-0026,cambio-1,2026-01-03,1805179.79,ARROJADO,ARROJADO,10,29.8,5,0.2972,0.1671,0.3057,0.0285,0.0,0.0582,0.3057,0,CAMBIO,4,10.47,ARROJADO,1.77,TRIBUTADO,1.0,1
synth-cli-0026,prev-0,2026-05-24,1805179.79,ARROJADO,ARROJADO,10,29.8,5,0.2972,0.1671,0.3057,0.0285,0.0,0.0582,0.3057,0,PREVIDENCIA,2,10.09,CONSERVADOR,0.96,INCENTIVADO,0.167,0
synth-cli-0026,rf-cdb-0,2026-04-08,1805179.79,ARROJADO,ARROJADO,10,29.8,5,0.2972,0.1671,0.3057,0.0285,0.0,0.0582,0.3057,0,RENDA_FIXA,1,12.74,CONSERVADOR,0.0,TRIBUTADO,0.036,1
synth-cli-0026,firf-0,2026-02-28,1805179.79,ARROJADO,ARROJADO,10,29.8,5,0.2972,0.1671,0.3057,0.0285,0.0,0.0582,0.3057,0,FUNDOS,2,12.61,CONSERVADOR,0.86,TRIBUTADO,1.0,0
synth-cli-0026,rf-pub-1,2026-04-22,1805179.79,ARROJADO,ARROJADO,10,29.8,5,0.2972,0.1671,0.3057,0.0285,0.0,0.0582,0.3057,0,RENDA_FIXA,3,12.55,MODERADO,0.0,INCENTIVADO,36.0,1
synth-cli-0026,rv-btlg11,2026-01-13,1805179.79,ARROJADO,ARROJADO,10,29.8,5,0.2972,0.1671,0.3057,0.0285,0.0,0.0582,0.3057,0,RENDA_VARIAVEL,3,11.31,MODERADO,0.0,ISENTO,0.067,0
synth-cli-0026,rf-isento-1,2026-01-04,1805179.79,ARROJADO,ARROJADO,10,29.8,5,0.2972,0.1671,0.3057,0.0285,0.0,0.0582,0.3057,0,RENDA_FIXA,1,11.3,CONSERVADOR,0.0,ISENTO,24.0,1
synth-cli-0026,rf-pub-0,2026-01-24,1805179.79,ARROJADO,ARROJADO,10,29.8,5,0.2972,0.1671,0.3057,0.0285,0.0,0.0582,0.3057,0,RENDA_FIXA,1,6.5,CONSERVADOR,0.0,TRIBUTADO,0.033,0
synth-cli-0026,firf-1,2026-02-03,1805179.79,ARROJADO,ARROJADO,10,29.8,5,0.2972,0.1671,0.3057,0.0285,0.0,0.0582,0.3057,0,FUNDOS,2,12.07,CONSERVADOR,0.99,TRIBUTADO,1.0,0
synth-cli-0026,prev-1,2026-04-04,1805179.79,ARROJADO,ARROJADO,10,29.8,5,0.2972,0.1671,0.3057,0.0285,0.0,0.0582,0.3057,0,PREVIDENCIA,3,10.58,MODERADO,0.86,INCENTIVADO,0.167,1
synth-cli-0026,coe-1,2026-04-24,1805179.79,ARROJADO,ARROJADO,10,29.8,5,0.2972,0.1671,0.3057,0.0285,0.0,0.0582,0.3057,0,ESTRUTURADOS,5,22.09,ARROJADO,0.0,TRIBUTADO,36.0,0
synth-cli-0026,rv-itsa4,2026-05-19,1805179.79,ARROJADO,ARROJADO,10,29.8,5,0.2972,0.1671,0.3057,0.0285,0.0,0.0582,0.3057,0,RENDA_VARIAVEL,4,15.45,ARROJADO,0.0,TRIBUTADO,0.067,1
synth-cli-0026,fundo-mm-3,2026-04-12,1805179.79,ARROJADO,ARROJADO,10,29.8,5,0.2972,0.1671,0.3057,0.0285,0.0,0.0582,0.3057,0,FUNDOS,4,16.33,ARROJADO,1.5,TRIBUTADO,1.093,0
synth-cli-0026,rf-isento-0,2026-05-13,1805179.79,ARROJADO,ARROJADO,10,29.8,5,0.2972,0.1671,0.3057,0.0285,0.0,0.0582,0.3057,0,RENDA_FIXA,1,11.04,CONSERVADOR,0.0,ISENTO,24.0,1
synth-cli-0026,fundo-mm-0,2026-04-04,1805179.79,ARROJADO,ARROJADO,10,29.8,5,0.2972,0.1671,0.3057,0.0285,0.0,0.0582,0.3057,0,FUNDOS,3,14.68,MODERADO,1.33,TRIBUTADO,1.589,1
synth-cli-0026,rf-pub-2,2026-04-16,1805179.79,ARROJADO,ARROJADO,10,29.8,5,0.2972,0.1671,0.3057,0.0285,0.0,0.0582,0.3057,0,RENDA_FIXA,3,13.26,MODERADO,0.0,INCENTIVADO,36.0,1
synth-cli-0026,rv-bpac11,2026-01-27,1805179.79,ARROJADO,ARROJADO,10,29.8,5,0.2972,0.1671,0.3057,0.0285,0.0,0.0582,0.3057,0,RENDA_VARIAVEL,4,19.32,ARROJADO,0.0,ISENTO,0.067,1
synth-cli-0026,rv-ivvb11,2026-01-06,1805179.79,ARROJADO,ARROJADO,10,29.8,5,0.2972,0.1671,0.3057,0.0285,0.0,0.0582,0.3057,0,RENDA_VARIAVEL,4,17.47,ARROJADO,0.0,ISENTO,0.067,1
synth-cli-0026,cambio-0,2026-05-20,1805179.79,ARROJADO,ARROJADO,10,29.8,5,0.2972,0.1671,0.3057,0.0285,0.0,0.0582,0.3057,0,CAMBIO,4,11.55,ARROJADO,1.87,TRIBUTADO,1.0,1
synth-cli-0026,fundo-mm-1,2026-01-22,1805179.79,ARROJADO,ARROJADO,10,29.8,5,0.2972,0.1671,0.3057,0.0285,0.0,0.0582,0.3057,0,FUNDOS,4,15.74,ARROJADO,1.01,TRIBUTADO,1.806,1
synth-cli-0027,prev-0,2026-03-23,4088192.3,MODERADO,MODERADO,9,11.6,1,0.0,0.841,0.0,0.0,0.0,0.0,0.841,0,PREVIDENCIA,2,10.09,CONSERVADOR,0.96,INCENTIVADO,0.167,1
synth-cli-0027,fundo-mm-4,2026-04-05,4088192.3,MODERADO,MODERADO,9,11.6,1,0.0,0.841,0.0,0.0,0.0,0.0,0.841,0,FUNDOS,3,12.89,MODERADO,2.27,TRIBUTADO,1.604,0
synth-cli-0027,prev-1,2026-04-16,4088192.3,MODERADO,MODERADO,9,11.6,1,0.0,0.841,0.0,0.0,0.0,0.0,0.841,0,PREVIDENCIA,3,10.58,MODERADO,0.86,INCENTIVADO,0.167,0
synth-cli-0027,fundo-mm-3,2026-05-22,4088192.3,MODERADO,MODERADO,9,11.6,1,0.0,0.841,0.0,0.0,0.0,0.0,0.841,0,FUNDOS,4,16.33,ARROJADO,1.5,TRIBUTADO,1.093,0
synth-cli-0027,rf-pub-1,2026-05-22,4088192.3,MODERADO,MODERADO,9,11.6,1,0.0,0.841,0.0,0.0,0.0,0.0,0.841,0,RENDA_FIXA,3,12.55,MODERADO,0.0,INCENTIVADO,36.0,0
synth-cli-0027,rf-isento-1,2026-04-16,4088192.3,MODERADO,MODERADO,9,11.6,1,0.0,0.841,0.0,0.0,0.0,0.0,0.841,0,RENDA_FIXA,1,11.3,CONSERVADOR,0.0,ISENTO,24.0,1
synth-cli-0027,rv-itsa4,2026-02-17,4088192.3,MODERADO,MODERADO,9,11.6,1,0.0,0.841,0.0,0.0,0.0,0.0,0.841,0,RENDA_VARIAVEL,4,15.45,ARROJADO,0.0,TRIBUTADO,0.067,0
synth-cli-0027,cambio-0,2026-03-16,4088192.3,MODERADO,MODERADO,9,11.6,1,0.0,0.841,0.0,0.0,0.0,0.0,0.841,0,CAMBIO,4,11.55,ARROJADO,1.87,TRIBUTADO,1.0,0
synth-cli-0027,rv-knri11,2026-04-20,4088192.3,MODERADO,MODERADO,9,11.6,1,0.0,0.841,0.0,0.0,0.0,0.0,0.841,0,RENDA_VARIAVEL,3,11.32,MODERADO,0.0,ISENTO,0.067,0
synth-cli-0027,firf-0,2026-01-01,4088192.3,MODERADO,MODERADO,9,11.6,1,0.0,0.841,0.0,0.0,0.0,0.0,0.841,0,FUNDOS,2,12.61,CONSERVADOR,0.86,TRIBUTADO,1.0,1
synth-cli-0027,rf-isento-0,2026-02-27,4088192.3,MODERADO,MODERADO,9,11.6,1,0.0,0.841,0.0,0.0,0.0,0.0,0.841,0,RENDA_FIXA,1,11.04,CONSERVADOR,0.0,ISENTO,24.0,1
synth-cli-0027,firf-1,2026-03-13,4088192.3,MODERADO,MODERADO,9,11.6,1,0.0,0.841,0.0,0.0,0.0,0.0,0.841,0,FUNDOS,2,12.07,CONSERVADOR,0.99,TRIBUTADO,1.0,0
synth-cli-0027,rf-isento-2,2026-03-12,4088192.3,MODERADO,MODERADO,9,11.6,1,0.0,0.841,0.0,0.0,0.0,0.0,0.841,0,RENDA_FIXA,1,11.97,CONSERVADOR,0.0,ISENTO,24.0,1
synth-cli-0027,rv-bpac11,2026-01-22,4088192.3,MODERADO,MODERADO,9,11.6,1,0.0,0.841,0.0,0.0,0.0,0.0,0.841,0,RENDA_VARIAVEL,4,19.32,ARROJADO,0.0,ISENTO,0.067,0
synth-cli-0027,rf-cdb-0,2026-02-21,4088192.3,MODERADO,MODERADO,9,11.6,1,0.0,0.841,0.0,0.0,0.0,0.0,0.841,1,RENDA_FIXA,1,12.74,CONSERVADOR,0.0,TRIBUTADO,0.036,0
synth-cli-0027,rf-cdb-1,2026-03-04,4088192.3,MODERADO,MODERADO,9,11.6,1,0.0,0.841,0.0,0.0,0.0,0.0,0.841,0,RENDA_FIXA,1,11.46,CONSERVADOR,0.0,TRIBUTADO,0.056,1
synth-cli-0027,prev-2,2026-01-18,4088192.3,MODERADO,MODERADO,9,11.6,1,0.0,0.841,0.0,0.0,0.0,0.0,0.841,0,PREVIDENCIA,2,10.47,MODERADO,0.87,INCENTIVADO,0.167,1
synth-cli-0027,rv-btlg11,2026-04-22,4088192.3,MODERADO,MODERADO,9,11.6,1,0.0,0.841,0.0,0.0,0.0,0.0,0.841,1,RENDA_VARIAVEL,3,11.31,MODERADO,0.0,ISENTO,0.067,0
synth-cli-0027,coe-0,2026-05-17,4088192.3,MODERADO,MODERADO,9,11.6,1,0.0,0.841,0.0,0.0,0.0,0.0,0.841,1,ESTRUTURADOS,5,19.22,ARROJADO,0.0,TRIBUTADO,36.0,0
synth-cli-0027,rf-pub-2,2026-03-01,4088192.3,MODERADO,MODERADO,9,11.6,1,0.0,0.841,0.0,0.0,0.0,0.0,0.841,0,RENDA_FIXA,3,13.26,MODERADO,0.0,INCENTIVADO,36.0,0
synth-cli-0027,rf-pub-0,2026-04-19,4088192.3,MODERADO,MODERADO,9,11.6,1,0.0,0.841,0.0,0.0,0.0,0.0,0.841,0,RENDA_FIXA,1,6.5,CONSERVADOR,0.0,TRIBUTADO,0.033,0
synth-cli-0027,fundo-mm-1,2026-05-04,4088192.3,MODERADO,MODERADO,9,11.6,1,0.0,0.841,0.0,0.0,0.0,0.0,0.841,0,FUNDOS,4,15.74,ARROJADO,1.01,TRIBUTADO,1.806,0
synth-cli-0027,fundo-mm-0,2026-01-23,4088192.3,MODERADO,MODERADO,9,11.6,1,0.0,0.841,0.0,0.0,0.0,0.0,0.841,0,FUNDOS,3,14.68,MODERADO,1.33,TRIBUTADO,1.589,0
synth-cli-0027,rv-ivvb11,2026-03-16,4088192.3,MODERADO,MODERADO,9,11.6,1,0.0,0.841,0.0,0.0,0.0,0.0,0.841,0,RENDA_VARIAVEL,4,17.47,ARROJADO,0.0,ISENTO,0.067,0
synth-cli-0028,prev-1,2026-03-03,3752083.82,CONSERVADOR,CONSERVADOR,3,8.6,2,0.5544,0.0,0.0,0.2379,0.0,0.0,0.5544,0,PREVIDENCIA,3,10.58,MODERADO,0.86,INCENTIVADO,0.167,0
synth-cli-0028,prev-0,2026-05-16,3752083.82,CONSERVADOR,CONSERVADOR,3,8.6,2,0.5544,0.0,0.0,0.2379,0.0,0.0,0.5544,0,PREVIDENCIA,2,10.09,CONSERVADOR,0.96,INCENTIVADO,0.167,0
synth-cli-0028,rv-itsa4,2026-03-26,3752083.82,CONSERVADOR,CONSERVADOR,3,8.6,2,0.5544,0.0,0.0,0.2379,0.0,0.0,0.5544,0,RENDA_VARIAVEL,4,15.45,ARROJADO,0.0,TRIBUTADO,0.067,0
synth-cli-0028,rf-isento-2,2026-03-14,3752083.82,CONSERVADOR,CONSERVADOR,3,8.6,2,0.5544,0.0,0.0,0.2379,0.0,0.0,0.5544,0,RENDA_FIXA,1,11.97,CONSERVADOR,0.0,ISENTO,24.0,1
synth-cli-0028,rf-pub-0,2026-03-07,3752083.82,CONSERVADOR,CONSERVADOR,3,8.6,2,0.5544,0.0,0.0,0.2379,0.0,0.0,0.5544,0,RENDA_FIXA,1,6.5,CONSERVADOR,0.0,TRIBUTADO,0.033,0
synth-cli-0028,rv-bpac11,2026-03-20,3752083.82,CONSERVADOR,CONSERVADOR,3,8.6,2,0.5544,0.0,0.0,0.2379,0.0,0.0,0.5544,0,RENDA_VARIAVEL,4,19.32,ARROJADO,0.0,ISENTO,0.067,0
synth-cli-0028,rf-isento-1,2026-05-06,3752083.82,CONSERVADOR,CONSERVADOR,3,8.6,2,0.5544,0.0,0.0,0.2379,0.0,0.0,0.5544,1,RENDA_FIXA,1,11.3,CONSERVADOR,0.0,ISENTO,24.0,0
synth-cli-0028,fundo-mm-0,2026-05-28,3752083.82,CONSERVADOR,CONSERVADOR,3,8.6,2,0.5544,0.0,0.0,0.2379,0.0,0.0,0.5544,0,FUNDOS,3,14.68,MODERADO,1.33,TRIBUTADO,1.589,0
synth-cli-0028,fundo-mm-2,2026-04-07,3752083.82,CONSERVADOR,CONSERVADOR,3,8.6,2,0.5544,0.0,0.0,0.2379,0.0,0.0,0.5544,0,FUNDOS,3,15.29,MODERADO,1.51,TRIBUTADO,1.155,0
synth-cli-0028,rf-pub-1,2026-04-09,3752083.82,CONSERVADOR,CONSERVADOR,3,8.6,2,0.5544,0.0,0.0,0.2379,0.0,0.0,0.5544,0,RENDA_FIXA,3,12.55,MODERADO,0.0,INCENTIVADO,36.0,0
synth-cli-0028,fundo-mm-4,2026-05-26,3752083.82,CONSERVADOR,CONSERVADOR,3,8.6,2,0.5544,0.0,0.0,0.2379,0.0,0.0,0.5544,0,FUNDOS,3,12.89,MODERADO,2.27,TRIBUTADO,1.604,0
synth-cli-0028,rf-cdb-2,2026-05-24,3752083.82,CONSERVADOR,CONSERVADOR,3,8.6,2,0.5544,0.0,0.0,0.2379,0.0,0.0,0.5544,0,RENDA_FIXA,1,13.08,CONSERVADOR,0.0,TRIBUTADO,0.101,0
synth-cli-0028,firf-1,2026-05-07,3752083.82,CONSERVADOR,CONSERVADOR,3,8.6,2,0.5544,0.0,0.0,0.2379,0.0,0.0,0.5544,0,FUNDOS,2,12.07,CONSERVADOR,0.99,TRIBUTADO,1.0,0
synth-cli-0028,coe-1,2026-02-08,3752083.82,CONSERVADOR,CONSERVADOR,3,8.6,2,0.5544,0.0,0.0,0.2379,0.0,0.0,0.5544,0,ESTRUTURADOS,5,22.09,ARROJADO,0.0,TRIBUTADO,36.0,0
synth-cli-0028,cambio-0,2026-03-28,3752083.82,CONSERVADOR,CONSERVADOR,3,8.6,2,0.5544,0.0,0.0,0.2379,0.0,0.0,0.5544,0,CAMBIO,4,11.55,ARROJADO,1.87,TRIBUTADO,1.0,0
synth-cli-0028,rf-isento-0,2026-01-21,3752083.82,CONSERVADOR,CONSERVADOR,3,8.6,2,0.5544,0.0,0.0,0.2379,0.0,0.0,0.5544,0,RENDA_FIXA,1,11.04,CONSERVADOR,0.0,ISENTO,24.0,0
synth-cli-0028,rf-cdb-0,2026-04-09,3752083.82,CONSERVADOR,CONSERVADOR,3,8.6,2,0.5544,0.0,0.0,0.2379,0.0,0.0,0.5544,0,RENDA_FIXA,1,12.74,CONSERVADOR,0.0,TRIBUTADO,0.036,1
synth-cli-0028,rf-cdb-4,2026-05-08,3752083.82,CONSERVADOR,CONSERVADOR,3,8.6,2,0.5544,0.0,0.0,0.2379,0.0,0.0,0.5544,0,RENDA_FIXA,1,11.98,CONSERVADOR,0.0,TRIBUTADO,0.036,1
synth-cli-0028,firf-0,2026-01-05,3752083.82,CONSERVADOR,CONSERVADOR,3,8.6,2,0.5544,0.0,0.0,0.2379,0.0,0.0,0.5544,0,FUNDOS,2,12.61,CONSERVADOR,0.86,TRIBUTADO,1.0,1
synth-cli-0028,firf-2,2026-04-16,3752083.82,CONSERVADOR,CONSERVADOR,3,8.6,2,0.5544,0.0,0.0,0.2379,0.0,0.0,0.5544,0,FUNDOS,2,11.76,CONSERVADOR,0.78,TRIBUTADO,1.0,0
synth-cli-0028,rf-cdb-3,2026-04-14,3752083.82,CONSERVADOR,CONSERVADOR,3,8.6,2,0.5544,0.0,0.0,0.2379,0.0,0.0,0.5544,0,RENDA_FIXA,1,13.62,CONSERVADOR,0.0,TRIBUTADO,0.042,1
synth-cli-0028,fundo-mm-1,2026-01-07,3752083.82,CONSERVADOR,CONSERVADOR,3,8.6,2,0.5544,0.0,0.0,0.2379,0.0,0.0,0.5544,0,FUNDOS,4,15.74,ARROJADO,1.01,TRIBUTADO,1.806,0
synth-cli-0028,rf-cdb-1,2026-02-01,3752083.82,CONSERVADOR,CONSERVADOR,3,8.6,2,0.5544,0.0,0.0,0.2379,0.0,0.0,0.5544,1,RENDA_FIXA,1,11.46,CONSERVADOR,0.0,TRIBUTADO,0.056,0
synth-cli-0028,rv-ivvb11,2026-03-22,3752083.82,CONSERVADOR,CONSERVADOR,3,8.6,2,0.5544,0.0,0.0,0.2379,0.0,0.0,0.5544,0,RENDA_VARIAVEL,4,17.47,ARROJADO,0.0,ISENTO,0.067,0
synth-cli-0029,rf-pub-0,2026-05-09,1985934.63,CONSERVADOR,CONSERVADOR,2,8.1,3,0.6072,0.0,0.0862,0.1623,0.0,0.0,0.6072,0,RENDA_FIXA,1,6.5,CONSERVADOR,0.0,TRIBUTADO,0.033,0
synth-cli-0029,rv-ivvb11,2026-01-08,1985934.63,CONSERVADOR,CONSERVADOR,2,8.1,3,0.6072,0.0,0.0862,0.1623,0.0,0.0,0.6072,0,RENDA_VARIAVEL,4,17.47,ARROJADO,0.0,ISENTO,0.067,0
synth-cli-0029,coe-0,2026-03-11,1985934.63,CONSERVADOR,CONSERVADOR,2,8.1,3,0.6072,0.0,0.0862,0.1623,0.0,0.0,0.6072,0,ESTRUTURADOS,5,19.22,ARROJADO,0.0,TRIBUTADO,36.0,0
synth-cli-0029,rf-cdb-1,2026-04-26,1985934.63,CONSERVADOR,CONSERVADOR,2,8.1,3,0.6072,0.0,0.0862,0.1623,0.0,0.0,0.6072,0,RENDA_FIXA,1,11.46,CONSERVADOR,0.0,TRIBUTADO,0.056,0
synth-cli-0029,rv-knri11,2026-02-14,1985934.63,CONSERVADOR,CONSERVADOR,2,8.1,3,0.6072,0.0,0.0862,0.1623,0.0,0.0,0.6072,0,RENDA_VARIAVEL,3,11.32,MODERADO,0.0,ISENTO,0.067,0
synth-cli-0029,fundo-mm-4,2026-01-06,1985934.63,CONSERVADOR,CONSERVADOR,2,8.1,3,0.6072,0.0,0.0862,0.1623,0.0,0.0,0.6072,0,FUNDOS,3,12.89,MODERADO,2.27,TRIBUTADO,1.604,0
synth-cli-0029,rf-cdb-0,2026-05-02,1985934.63,CONSERVADOR,CONSERVADOR,2,8.1,3,0.6072,0.0,0.0862,0.1623,0.0,0.0,0.6072,0,RENDA_FIXA,1,12.74,CONSERVADOR,0.0,TRIBUTADO,0.036,1
synth-cli-0029,coe-1,2026-03-23,1985934.63,CONSERVADOR,CONSERVADOR,2,8.1,3,0.6072,0.0,0.0862,0.1623,0.0,0.0,0.6072,0,ESTRUTURADOS,5,22.09,ARROJADO,0.0,TRIBUTADO,36.0,0
synth-cli-0029,rf-cdb-2,2026-03-18,1985934.63,CONSERVADOR,CONSERVADOR,2,8.1,3,0.6072,0.0,0.0862,0.1623,0.0,0.0,0.6072,0,RENDA_FIXA,1,13.08,CONSERVADOR,0.0,TRIBUTADO,0.101,0
synth-cli-0029,rf-isento-2,2026-02-12,1985934.63,CONSERVADOR,CONSERVADOR,2,8.1,3,0.6072,0.0,0.0862,0.1623,0.0,0.0,0.6072,0,RENDA_FIXA,1,11.97,CONSERVADOR,0.0,ISENTO,24.0,0
synth-cli-0029,rv-bpac11,2026-03-27,1985934.63,CONSERVADOR,CONSERVADOR,2,8.1,3,0.6072,0.0,0.0862,0.1623,0.0,0.0,0.6072,0,RENDA_VARIAVEL,4,19.32,ARROJADO,0.0,ISENTO,0.067,0
synth-cli-0029,rf-isento-1,2026-05-02,1985934.63,CONSERVADOR,CONSERVADOR,2,8.1,3,0.6072,0.0,0.0862,0.1623,0.0,0.0,0.6072,0,RENDA_FIXA,1,11.3,CONSERVADOR,0.0,ISENTO,24.0,1
synth-cli-0029,rv-btlg11,2026-01-23,1985934.63,CONSERVADOR,CONSERVADOR,2,8.1,3,0.6072,0.0,0.0862,0.1623,0.0,0.0,0.6072,0,RENDA_VARIAVEL,3,11.31,MODERADO,0.0,ISENTO,0.067,0
synth-cli-0029,fundo-mm-2,2026-02-09,1985934.63,CONSERVADOR,CONSERVADOR,2,8.1,3,0.6072,0.0,0.0862,0.1623,0.0,0.0,0.6072,0,FUNDOS,3,15.29,MODERADO,1.51,TRIBUTADO,1.155,0
synth-cli-0029,fundo-mm-0,2026-03-21,1985934.63,CONSERVADOR,CONSERVADOR,2,8.1,3,0.6072,0.0,0.0862,0.1623,0.0,0.0,0.6072,0,FUNDOS,3,14.68,MODERADO,1.33,TRIBUTADO,1.589,0
synth-cli-0029,firf-2,2026-01-18,1985934.63,CONSERVADOR,CONSERVADOR,2,8.1,3,0.6072,0.0,0.0862,0.1623,0.0,0.0,0.6072,0,FUNDOS,2,11.76,CONSERVADOR,0.78,TRIBUTADO,1.0,0
synth-cli-0029,rf-pub-1,2026-04-13,1985934.63,CONSERVADOR,CONSERVADOR,2,8.1,3,0.6072,0.0,0.0862,0.1623,0.0,0.0,0.6072,0,RENDA_FIXA,3,12.55,MODERADO,0.0,INCENTIVADO,36.0,0
synth-cli-0029,firf-1,2026-04-09,1985934.63,CONSERVADOR,CONSERVADOR,2,8.1,3,0.6072,0.0,0.0862,0.1623,0.0,0.0,0.6072,0,FUNDOS,2,12.07,CONSERVADOR,0.99,TRIBUTADO,1.0,1
synth-cli-0029,firf-0,2026-03-07,1985934.63,CONSERVADOR,CONSERVADOR,2,8.1,3,0.6072,0.0,0.0862,0.1623,0.0,0.0,0.6072,0,FUNDOS,2,12.61,CONSERVADOR,0.86,TRIBUTADO,1.0,0
synth-cli-0029,prev-1,2026-02-15,1985934.63,CONSERVADOR,CONSERVADOR,2,8.1,3,0.6072,0.0,0.0862,0.1623,0.0,0.0,0.6072,0,PREVIDENCIA,3,10.58,MODERADO,0.86,INCENTIVADO,0.167,0
synth-cli-0029,rf-cdb-3,2026-04-26,1985934.63,CONSERVADOR,CONSERVADOR,2,8.1,3,0.6072,0.0,0.0862,0.1623,0.0,0.0,0.6072,0,RENDA_FIXA,1,13.62,CONSERVADOR,0.0,TRIBUTADO,0.042,1
synth-cli-0029,prev-2,2026-01-27,1985934.63,CONSERVADOR,CONSERVADOR,2,8.1,3,0.6072,0.0,0.0862,0.1623,0.0,0.0,0.6072,0,PREVIDENCIA,2,10.47,MODERADO,0.87,INCENTIVADO,0.167,0
synth-cli-0029,rf-isento-0,2026-03-23,1985934.63,CONSERVADOR,CONSERVADOR,2,8.1,3,0.6072,0.0,0.0862,0.1623,0.0,0.0,0.6072,0,RENDA_FIXA,1,11.04,CONSERVADOR,0.0,ISENTO,24.0,0
synth-cli-0029,cambio-0,2026-01-27,1985934.63,CONSERVADOR,CONSERVADOR,2,8.1,3,0.6072,0.0,0.0862,0.1623,0.0,0.0,0.6072,0,CAMBIO,4,11.55,ARROJADO,1.87,TRIBUTADO,1.0,0
synth-cli-0029,rf-cdb-4,2026-03-17,1985934.63,CONSERVADOR,CONSERVADOR,2,8.1,3,0.6072,0.0,0.0862,0.1623,0.0,0.0,0.6072,1,RENDA_FIXA,1,11.98,CONSERVADOR,0.0,TRIBUTADO,0.036,0
synth-cli-0030,fundo-mm-0,2026-02-21,1817629.0,AGRESSIVO,AGRESSIVO,10,63.4,5,0.0568,0.3523,0.0,0.0611,0.1041,0.126,0.3523,0,FUNDOS,3,14.68,MODERADO,1.33,TRIBUTADO,1.589,0
synth-cli-0030,fundo-mm-2,2026-02-21,1817629.0,AGRESSIVO,AGRESSIVO,10,63.4,5,0.0568,0.3523,0.0,0.0611,0.1041,0.126,0.3523,0,FUNDOS,3,15.29,MODERADO,1.51,TRIBUTADO,1.155,1
synth-cli-0030,rv-bpac11,2026-05-03,1817629.0,AGRESSIVO,AGRESSIVO,10,63.4,5,0.0568,0.3523,0.0,0.0611,0.1041,0.126,0.3523,1,RENDA_VARIAVEL,4,19.32,ARROJADO,0.0,ISENTO,0.067,0
synth-cli-0030,rv-knri11,2026-02-17,1817629.0,AGRESSIVO,AGRESSIVO,10,63.4,5,0.0568,0.3523,0.0,0.0611,0.1041,0.126,0.3523,0,RENDA_VARIAVEL,3,11.32,MODERADO,0.0,ISENTO,0.067,1
synth-cli-0030,prev-2,2026-02-28,1817629.0,AGRESSIVO,AGRESSIVO,10,63.4,5,0.0568,0.3523,0.0,0.0611,0.1041,0.126,0.3523,0,PREVIDENCIA,2,10.47,MODERADO,0.87,INCENTIVADO,0.167,0
synth-cli-0030,firf-1,2026-04-26,1817629.0,AGRESSIVO,AGRESSIVO,10,63.4,5,0.0568,0.3523,0.0,0.0611,0.1041,0.126,0.3523,0,FUNDOS,2,12.07,CONSERVADOR,0.99,TRIBUTADO,1.0,0
synth-cli-0030,coe-0,2026-02-09,1817629.0,AGRESSIVO,AGRESSIVO,10,63.4,5,0.0568,0.3523,0.0,0.0611,0.1041,0.126,0.3523,0,ESTRUTURADOS,5,19.22,ARROJADO,0.0,TRIBUTADO,36.0,0
synth-cli-0030,rf-isento-2,2026-05-27,1817629.0,AGRESSIVO,AGRESSIVO,10,63.4,5,0.0568,0.3523,0.0,0.0611,0.1041,0.126,0.3523,0,RENDA_FIXA,1,11.97,CONSERVADOR,0.0,ISENTO,24.0,1
synth-cli-0030,fundo-mm-3,2026-03-06,1817629.0,AGRESSIVO,AGRESSIVO,10,63.4,5,0.0568,0.3523,0.0,0.0611,0.1041,0.126,0.3523,0,FUNDOS,4,16.33,ARROJADO,1.5,TRIBUTADO,1.093,1
synth-cli-0030,rf-cdb-0,2026-04-27,1817629.0,AGRESSIVO,AGRESSIVO,10,63.4,5,0.0568,0.3523,0.0,0.0611,0.1041,0.126,0.3523,0,RENDA_FIXA,1,12.74,CONSERVADOR,0.0,TRIBUTADO,0.036,0
synth-cli-0031,rf-cdb-0,2026-02-19,4859229.29,MODERADO,MODERADO,6,14.4,4,0.4806,0.1011,0.1061,0.113,0.0,0.0,0.4806,0,RENDA_FIXA,1,12.74,CONSERVADOR,0.0,TRIBUTADO,0.036,0
synth-cli-0031,cambio-1,2026-05-14,4859229.29,MODERADO,MODERADO,6,14.4,4,0.4806,0.1011,0.1061,0.113,0.0,0.0,0.4806,0,CAMBIO,4,10.47,ARROJADO,1.77,TRIBUTADO,1.0,0
synth-cli-0031,firf-1,2026-04-27,4859229.29,MODERADO,MODERADO,6,14.4,4,0.4806,0.1011,0.1061,0.113,0.0,0.0,0.4806,0,FUNDOS,2,12.07,CONSERVADOR,0.99,TRIBUTADO,1.0,0
synth-cli-0031,rv-ivvb11,2026-01-08,4859229.29,MODERADO,MODERADO,6,14.4,4,0.4806,0.1011,0.1061,0.113,0.0,0.0,0.4806,0,RENDA_VARIAVEL,4,17.47,ARROJADO,0.0,ISENTO,0.067,0
synth-cli-0031,rv-bpac11,2026-02-28,4859229.29,MODERADO,MODERADO,6,14.4,4,0.4806,0.1011,0.1061,0.113,0.0,0.0,0.4806,0,RENDA_VARIAVEL,4,19.32,ARROJADO,0.0,ISENTO,0.067,0
synth-cli-0031,coe-0,2026-03-10,4859229.29,MODERADO,MODERADO,6,14.4,4,0.4806,0.1011,0.1061,0.113,0.0,0.0,0.4806,0,ESTRUTURADOS,5,19.22,ARROJADO,0.0,TRIBUTADO,36.0,0
synth-cli-0031,rf-pub-2,2026-02-20,4859229.29,MODERADO,MODERADO,6,14.4,4,0.4806,0.1011,0.1061,0.113,0.0,0.0,0.4806,0,RENDA_FIXA,3,13.26,MODERADO,0.0,INCENTIVADO,36.0,1
synth-cli-0031,rf-cdb-2,2026-03-24,4859229.29,MODERADO,MODERADO,6,14.4,4,0.4806,0.1011,0.1061,0.113,0.0,0.0,0.4806,1,RENDA_FIXA,1,13.08,CONSERVADOR,0.0,TRIBUTADO,0.101,0
synth-cli-0031,fundo-mm-3,2026-04-06,4859229.29,MODERADO,MODERADO,6,14.4,4,0.4806,0.1011,0.1061,0.113,0.0,0.0,0.4806,0,FUNDOS,4,16.33,ARROJADO,1.5,TRIBUTADO,1.093,0
synth-cli-0031,rf-pub-1,2026-02-01,4859229.29,MODERADO,MODERADO,6,14.4,4,0.4806,0.1011,0.1061,0.113,0.0,0.0,0.4806,0,RENDA_FIXA,3,12.55,MODERADO,0.0,INCENTIVADO,36.0,1
synth-cli-0031,rf-isento-0,2026-03-08,4859229.29,MODERADO,MODERADO,6,14.4,4,0.4806,0.1011,0.1061,0.113,0.0,0.0,0.4806,1,RENDA_FIXA,1,11.04,CONSERVADOR,0.0,ISENTO,24.0,0
synth-cli-0031,rf-pub-0,2026-04-03,4859229.29,MODERADO,MODERADO,6,14.4,4,0.4806,0.1011,0.1061,0.113,0.0,0.0,0.4806,0,RENDA_FIXA,1,6.5,CONSERVADOR,0.0,TRIBUTADO,0.033,0
synth-cli-0031,rf-cdb-1,2026-02-28,4859229.29,MODERADO,MODERADO,6,14.4,4,0.4806,0.1011,0.1061,0.113,0.0,0.0,0.4806,0,RENDA_FIXA,1,11.46,CONSERVADOR,0.0,TRIBUTADO,0.056,1
synth-cli-0031,fundo-mm-1,2026-04-22,4859229.29,MODERADO,MODERADO,6,14.4,4,0.4806,0.1011,0.1061,0.113,0.0,0.0,0.4806,0,FUNDOS,4,15.74,ARROJADO,1.01,TRIBUTADO,1.806,0
synth-cli-0031,fundo-mm-2,2026-05-09,4859229.29,MODERADO,MODERADO,6,14.4,4,0.4806,0.1011,0.1061,0.113,0.0,0.0,0.4806,0,FUNDOS,3,15.29,MODERADO,1.51,TRIBUTADO,1.155,1
synth-cli-0032,rf-cdb-3,2026-05-23,3623243.93,AGRESSIVO,AGRESSIVO,15,50.2,6,0.0724,0.3014,0.2214,0.0693,0.1372,0.0599,0.3014,0,RENDA_FIXA,1,13.62,CONSERVADOR,0.0,TRIBUTADO,0.042,0
synth-cli-0032,firf-1,2026-05-13,3623243.93,AGRESSIVO,AGRESSIVO,15,50.2,6,0.0724,0.3014,0.2214,0.0693,0.1372,0.0599,0.3014,0,FUNDOS,2,12.07,CONSERVADOR,0.99,TRIBUTADO,1.0,1
synth-cli-0032,rf-cdb-1,2026-04-22,3623243.93,AGRESSIVO,AGRESSIVO,15,50.2,6,0.0724,0.3014,0.2214,0.0693,0.1372,0.0599,0.3014,0,RENDA_FIXA,1,11.46,CONSERVADOR,0.0,TRIBUTADO,0.056,0
synth-cli-0032,coe-1,2026-05-06,3623243.93,AGRESSIVO,AGRESSIVO,15,50.2,6,0.0724,0.3014,0.2214,0.0693,0.1372,0.0599,0.3014,0,ESTRUTURADOS,5,22.09,ARROJADO,0.0,TRIBUTADO,36.0,1
synth-cli-0032,rf-isento-2,2026-05-16,3623243.93,AGRESSIVO,AGRESSIVO,15,50.2,6,0.0724,0.3014,0.2214,0.0693,0.1372,0.0599,0.3014,0,RENDA_FIXA,1,11.97,CONSERVADOR,0.0,ISENTO,24.0,1
synth-cli-0032,rf-pub-2,2026-03-23,3623243.93,AGRESSIVO,AGRESSIVO,15,50.2,6,0.0724,0.3014,0.2214,0.0693,0.1372,0.0599,0.3014,0,RENDA_FIXA,3,13.26,MODERADO,0.0,INCENTIVADO,36.0,1
synth-cli-0032,fundo-mm-4,2026-02-09,3623243.93,AGRESSIVO,AGRESSIVO,15,50.2,6,0.0724,0.3014,0.2214,0.0693,0.1372,0.0599,0.3014,0,FUNDOS,3,12.89,MODERADO,2.27,TRIBUTADO,1.604,0
synth-cli-0032,fundo-mm-0,2026-03-24,3623243.93,AGRESSIVO,AGRESSIVO,15,50.2,6,0.0724,0.3014,0.2214,0.0693,0.1372,0.0599,0.3014,0,FUNDOS,3,14.68,MODERADO,1.33,TRIBUTADO,1.589,1
synth-cli-0032,rv-bpac11,2026-04-10,3623243.93,AGRESSIVO,AGRESSIVO,15,50.2,6,0.0724,0.3014,0.2214,0.0693,0.1372,0.0599,0.3014,0,RENDA_VARIAVEL,4,19.32,ARROJADO,0.0,ISENTO,0.067,1
synth-cli-0032,rv-itsa4,2026-03-17,3623243.93,AGRESSIVO,AGRESSIVO,15,50.2,6,0.0724,0.3014,0.2214,0.0693,0.1372,0.0599,0.3014,0,RENDA_VARIAVEL,4,15.45,ARROJADO,0.0,TRIBUTADO,0.067,0
synth-cli-0033,fundo-mm-2,2026-03-06,491718.05,AGRESSIVO,AGRESSIVO,19,64.7,5,0.1197,0.3578,0.2456,0.0475,0.0,0.0873,0.3578,0,FUNDOS,3,15.29,MODERADO,1.51,TRIBUTADO,1.155,0
synth-cli-0033,coe-1,2026-04-04,491718.05,AGRESSIVO,AGRESSIVO,19,64.7,5,0.1197,0.3578,0.2456,0.0475,0.0,0.0873,0.3578,0,ESTRUTURADOS,5,22.09,ARROJADO,0.0,TRIBUTADO,36.0,1
synth-cli-0033,rf-pub-0,2026-03-23,491718.05,AGRESSIVO,AGRESSIVO,19,64.7,5,0.1197,0.3578,0.2456,0.0475,0.0,0.0873,0.3578,0,RENDA_FIXA,1,6.5,CONSERVADOR,0.0,TRIBUTADO,0.033,1
synth-cli-0033,rf-isento-2,2026-04-16,491718.05,AGRESSIVO,AGRESSIVO,19,64.7,5,0.1197,0.3578,0.2456,0.0475,0.0,0.0873,0.3578,0,RENDA_FIXA,1,11.97,CONSERVADOR,0.0,ISENTO,24.0,0
synth-cli-0033,rv-knri11,2026-03-03,491718.05,AGRESSIVO,AGRESSIVO,19,64.7,5,0.1197,0.3578,0.2456,0.0475,0.0,0.0873,0.3578,0,RENDA_VARIAVEL,3,11.32,MODERADO,0.0,ISENTO,0.067,1
synth-cli-0033,fundo-mm-4,2026-03-06,491718.05,AGRESSIVO,AGRESSIVO,19,64.7,5,0.1197,0.3578,0.2456,0.0475,0.0,0.0873,0.3578,0,FUNDOS,3,12.89,MODERADO,2.27,TRIBUTADO,1.604,1
synth-cli-0033,prev-0,2026-05-22,491718.05,AGRESSIVO,AGRESSIVO,19,64.7,5,0.1197,0.3578,0.2456,0.0475,0.0,0.0873,0.3578,0,PREVIDENCIA,2,10.09,CONSERVADOR,0.96,INCENTIVADO,0.167,0
synth-cli-0033,rf-cdb-4,2026-05-01,491718.05,AGRESSIVO,AGRESSIVO,19,64.7,5,0.1197,0.3578,0.2456,0.0475,0.0,0.0873,0.3578,0,RENDA_FIXA,1,11.98,CONSERVADOR,0.0,TRIBUTADO,0.036,0
synth-cli-0033,firf-1,2026-01-08,491718.05,AGRESSIVO,AGRESSIVO,19,64.7,5,0.1197,0.3578,0.2456,0.0475,0.0,0.0873,0.3578,0,FUNDOS,2,12.07,CONSERVADOR,0.99,TRIBUTADO,1.0,0
synth-cli-0033,rv-itsa4,2026-01-11,491718.05,AGRESSIVO,AGRESSIVO,19,64.7,5,0.1197,0.3578,0.2456,0.0475,0.0,0.0873,0.3578,0,RENDA_VARIAVEL,4,15.45,ARROJADO,0.0,TRIBUTADO,0.067,0
synth-cli-0033,rv-ivvb11,2026-01-13,491718.05,AGRESSIVO,AGRESSIVO,19,64.7,5,0.1197,0.3578,0.2456,0.0475,0.0,0.0873,0.3578,1,RENDA_VARIAVEL,4,17.47,ARROJADO,0.0,ISENTO,0.067,0
synth-cli-0033,fundo-mm-3,2026-03-05,491718.05,AGRESSIVO,AGRESSIVO,19,64.7,5,0.1197,0.3578,0.2456,0.0475,0.0,0.0873,0.3578,0,FUNDOS,4,16.33,ARROJADO,1.5,TRIBUTADO,1.093,1
synth-cli-0033,rf-cdb-1,2026-04-27,491718.05,AGRESSIVO,AGRESSIVO,19,64.7,5,0.1197,0.3578,0.2456,0.0475,0.0,0.0873,0.3578,0,RENDA_FIXA,1,11.46,CONSERVADOR,0.0,TRIBUTADO,0.056,1
synth-cli-0033,rf-pub-1,2026-03-20,491718.05,AGRESSIVO,AGRESSIVO,19,64.7,5,0.1197,0.3578,0.2456,0.0475,0.0,0.0873,0.3578,0,RENDA_FIXA,3,12.55,MODERADO,0.0,INCENTIVADO,36.0,0
synth-cli-0033,prev-2,2026-03-02,491718.05,AGRESSIVO,AGRESSIVO,19,64.7,5,0.1197,0.3578,0.2456,0.0475,0.0,0.0873,0.3578,0,PREVIDENCIA,2,10.47,MODERADO,0.87,INCENTIVADO,0.167,0
synth-cli-0033,firf-2,2026-05-05,491718.05,AGRESSIVO,AGRESSIVO,19,64.7,5,0.1197,0.3578,0.2456,0.0475,0.0,0.0873,0.3578,0,FUNDOS,2,11.76,CONSERVADOR,0.78,TRIBUTADO,1.0,0
synth-cli-0033,rf-cdb-3,2026-01-26,491718.05,AGRESSIVO,AGRESSIVO,19,64.7,5,0.1197,0.3578,0.2456,0.0475,0.0,0.0873,0.3578,0,RENDA_FIXA,1,13.62,CONSERVADOR,0.0,TRIBUTADO,0.042,0
synth-cli-0033,rf-cdb-2,2026-01-18,491718.05,AGRESSIVO,AGRESSIVO,19,64.7,5,0.1197,0.3578,0.2456,0.0475,0.0,0.0873,0.3578,0,RENDA_FIXA,1,13.08,CONSERVADOR,0.0,TRIBUTADO,0.101,1
synth-cli-0034,rf-cdb-2,2026-03-22,680107.82,CONSERVADOR,CONSERVADOR,5,9.0,3,0.5406,0.0,0.0599,0.1677,0.0,0.0,0.5406,1,RENDA_FIXA,1,13.08,CONSERVADOR,0.0,TRIBUTADO,0.101,0
synth-cli-0034,fundo-mm-1,2026-03-22,680107.82,CONSERVADOR,CONSERVADOR,5,9.0,3,0.5406,0.0,0.0599,0.1677,0.0,0.0,0.5406,0,FUNDOS,4,15.74,ARROJADO,1.01,TRIBUTADO,1.806,0
synth-cli-0034,rf-isento-0,2026-03-17,680107.82,CONSERVADOR,CONSERVADOR,5,9.0,3,0.5406,0.0,0.0599,0.1677,0.0,0.0,0.5406,1,RENDA_FIXA,1,11.04,CONSERVADOR,0.0,ISENTO,24.0,0
synth-cli-0034,rf-pub-0,2026-04-13,680107.82,CONSERVADOR,CONSERVADOR,5,9.0,3,0.5406,0.0,0.0599,0.1677,0.0,0.0,0.5406,0,RENDA_FIXA,1,6.5,CONSERVADOR,0.0,TRIBUTADO,0.033,1
synth-cli-0034,rf-pub-2,2026-05-20,680107.82,CONSERVADOR,CONSERVADOR,5,9.0,3,0.5406,0.0,0.0599,0.1677,0.0,0.0,0.5406,0,RENDA_FIXA,3,13.26,MODERADO,0.0,INCENTIVADO,36.0,0
synth-cli-0034,prev-0,2026-05-06,680107.82,CONSERVADOR,CONSERVADOR,5,9.0,3,0.5406,0.0,0.0599,0.1677,0.0,0.0,0.5406,0,PREVIDENCIA,2,10.09,CONSERVADOR,0.96,INCENTIVADO,0.167,0
synth-cli-0034,cambio-0,2026-04-03,680107.82,CONSERVADOR,CONSERVADOR,5,9.0,3,0.5406,0.0,0.0599,0.1677,0.0,0.0,0.5406,0,CAMBIO,4,11.55,ARROJADO,1.87,TRIBUTADO,1.0,0
synth-cli-0034,cambio-1,2026-03-15,680107.82,CONSERVADOR,CONSERVADOR,5,9.0,3,0.5406,0.0,0.0599,0.1677,0.0,0.0,0.5406,0,CAMBIO,4,10.47,ARROJADO,1.77,TRIBUTADO,1.0,0
synth-cli-0034,rf-cdb-0,2026-02-16,680107.82,CONSERVADOR,CONSERVADOR,5,9.0,3,0.5406,0.0,0.0599,0.1677,0.0,0.0,0.5406,0,RENDA_FIXA,1,12.74,CONSERVADOR,0.0,TRIBUTADO,0.036,1
synth-cli-0034,rf-pub-1,2026-05-03,680107.82,CONSERVADOR,CONSERVADOR,5,9.0,3,0.5406,0.0,0.0599,0.1677,0.0,0.0,0.5406,0,RENDA_FIXA,3,12.55,MODERADO,0.0,INCENTIVADO,36.0,0
synth-cli-0034,coe-0,2026-04-03,680107.82,CONSERVADOR,CONSERVADOR,5,9.0,3,0.5406,0.0,0.0599,0.1677,0.0,0.0,0.5406,0,ESTRUTURADOS,5,19.22,ARROJADO,0.0,TRIBUTADO,36.0,0
synth-cli-0034,prev-1,2026-04-10,680107.82,CONSERVADOR,CONSERVADOR,5,9.0,3,0.5406,0.0,0.0599,0.1677,0.0,0.0,0.5406,0,PREVIDENCIA,3,10.58,MODERADO,0.86,INCENTIVADO,0.167,0
synth-cli-0034,rv-bpac11,2026-02-22,680107.82,CONSERVADOR,CONSERVADOR,5,9.0,3,0.5406,0.0,0.0599,0.1677,0.0,0.0,0.5406,0,RENDA_VARIAVEL,4,19.32,ARROJADO,0.0,ISENTO,0.067,0
synth-cli-0034,rf-isento-1,2026-03-19,680107.82,CONSERVADOR,CONSERVADOR,5,9.0,3,0.5406,0.0,0.0599,0.1677,0.0,0.0,0.5406,0,RENDA_FIXA,1,11.3,CONSERVADOR,0.0,ISENTO,24.0,1
synth-cli-0034,rf-cdb-4,2026-01-02,680107.82,CONSERVADOR,CONSERVADOR,5,9.0,3,0.5406,0.0,0.0599,0.1677,0.0,0.0,0.5406,0,RENDA_FIXA,1,11.98,CONSERVADOR,0.0,TRIBUTADO,0.036,1
synth-cli-0034,rf-cdb-3,2026-04-22,680107.82,CONSERVADOR,CONSERVADOR,5,9.0,3,0.5406,0.0,0.0599,0.1677,0.0,0.0,0.5406,0,RENDA_FIXA,1,13.62,CONSERVADOR,0.0,TRIBUTADO,0.042,1
synth-cli-0034,firf-0,2026-03-12,680107.82,CONSERVADOR,CONSERVADOR,5,9.0,3,0.5406,0.0,0.0599,0.1677,0.0,0.0,0.5406,0,FUNDOS,2,12.61,CONSERVADOR,0.86,TRIBUTADO,1.0,0
synth-cli-0034,prev-2,2026-01-25,680107.82,CONSERVADOR,CONSERVADOR,5,9.0,3,0.5406,0.0,0.0599,0.1677,0.0,0.0,0.5406,0,PREVIDENCIA,2,10.47,MODERADO,0.87,INCENTIVADO,0.167,0
synth-cli-0034,firf-2,2026-02-26,680107.82,CONSERVADOR,CONSERVADOR,5,9.0,3,0.5406,0.0,0.0599,0.1677,0.0,0.0,0.5406,0,FUNDOS,2,11.76,CONSERVADOR,0.78,TRIBUTADO,1.0,0
synth-cli-0034,rv-itsa4,2026-04-02,680107.82,CONSERVADOR,CONSERVADOR,5,9.0,3,0.5406,0.0,0.0599,0.1677,0.0,0.0,0.5406,0,RENDA_VARIAVEL,4,15.45,ARROJADO,0.0,TRIBUTADO,0.067,0
synth-cli-0035,fundo-mm-2,2026-03-11,871428.16,ARROJADO,ARROJADO,6,27.5,4,0.4906,0.0,0.0,0.1816,0.1534,0.1483,0.4906,0,FUNDOS,3,15.29,MODERADO,1.51,TRIBUTADO,1.155,1
synth-cli-0035,coe-1,2026-02-07,871428.16,ARROJADO,ARROJADO,6,27.5,4,0.4906,0.0,0.0,0.1816,0.1534,0.1483,0.4906,0,ESTRUTURADOS,5,22.09,ARROJADO,0.0,TRIBUTADO,36.0,1
synth-cli-0035,rv-btlg11,2026-01-14,871428.16,ARROJADO,ARROJADO,6,27.5,4,0.4906,0.0,0.0,0.1816,0.1534,0.1483,0.4906,0,RENDA_VARIAVEL,3,11.31,MODERADO,0.0,ISENTO,0.067,1
synth-cli-0035,rf-isento-1,2026-01-13,871428.16,ARROJADO,ARROJADO,6,27.5,4,0.4906,0.0,0.0,0.1816,0.1534,0.1483,0.4906,0,RENDA_FIXA,1,11.3,CONSERVADOR,0.0,ISENTO,24.0,1
synth-cli-0035,rf-isento-2,2026-02-21,871428.16,ARROJADO,ARROJADO,6,27.5,4,0.4906,0.0,0.0,0.1816,0.1534,0.1483,0.4906,1,RENDA_FIXA,1,11.97,CONSERVADOR,0.0,ISENTO,24.0,0
synth-cli-0035,firf-2,2026-05-24,871428.16,ARROJADO,ARROJADO,6,27.5,4,0.4906,0.0,0.0,0.1816,0.1534,0.1483,0.4906,0,FUNDOS,2,11.76,CONSERVADOR,0.78,TRIBUTADO,1.0,0
synth-cli-0035,rv-knri11,2026-05-27,871428.16,ARROJADO,ARROJADO,6,27.5,4,0.4906,0.0,0.0,0.1816,0.1534,0.1483,0.4906,0,RENDA_VARIAVEL,3,11.32,MODERADO,0.0,ISENTO,0.067,1
synth-cli-0035,fundo-mm-3,2026-04-26,871428.16,ARROJADO,ARROJADO,6,27.5,4,0.4906,0.0,0.0,0.1816,0.1534,0.1483,0.4906,0,FUNDOS,4,16.33,ARROJADO,1.5,TRIBUTADO,1.093,1
synth-cli-0035,rv-itsa4,2026-02-05,871428.16,ARROJADO,ARROJADO,6,27.5,4,0.4906,0.0,0.0,0.1816,0.1534,0.1483,0.4906,0,RENDA_VARIAVEL,4,15.45,ARROJADO,0.0,TRIBUTADO,0.067,1
synth-cli-0035,prev-0,2026-02-28,871428.16,ARROJADO,ARROJADO,6,27.5,4,0.4906,0.0,0.0,0.1816,0.1534,0.1483,0.4906,0,PREVIDENCIA,2,10.09,CONSERVADOR,0.96,INCENTIVADO,0.167,1
synth-cli-0036,rf-pub-1,2026-05-07,693136.0,CONSERVADOR,CONSERVADOR,4,9.7,3,0.5456,0.0,0.0843,0.2799,0.0,0.0,0.5456,0,RENDA_FIXA,3,12.55,MODERADO,0.0,INCENTIVADO,36.0,0
synth-cli-0036,fundo-mm-4,2026-04-05,693136.0,CONSERVADOR,CONSERVADOR,4,9.7,3,0.5456,0.0,0.0843,0.2799,0.0,0.0,0.5456,0,FUNDOS,3,12.89,MODERADO,2.27,TRIBUTADO,1.604,0
synth-cli-0036,rv-ivvb11,2026-01-04,693136.0,CONSERVADOR,CONSERVADOR,4,9.7,3,0.5456,0.0,0.0843,0.2799,0.0,0.0,0.5456,0,RENDA_VARIAVEL,4,17.47,ARROJADO,0.0,ISENTO,0.067,0
synth-cli-0036,rf-cdb-4,2026-02-24,693136.0,CONSERVADOR,CONSERVADOR,4,9.7,3,0.5456,0.0,0.0843,0.2799,0.0,0.0,0.5456,0,RENDA_FIXA,1,11.98,CONSERVADOR,0.0,TRIBUTADO,0.036,1
synth-cli-0036,coe-1,2026-04-16,693136.0,CONSERVADOR,CONSERVADOR,4,9.7,3,0.5456,0.0,0.0843,0.2799,0.0,0.0,0.5456,0,ESTRUTURADOS,5,22.09,ARROJADO,0.0,TRIBUTADO,36.0,0
synth-cli-0036,rf-pub-2,2026-04-19,693136.0,CONSERVADOR,CONSERVADOR,4,9.7,3,0.5456,0.0,0.0843,0.2799,0.0,0.0,0.5456,0,RENDA_FIXA,3,13.26,MODERADO,0.0,INCENTIVADO,36.0,0
synth-cli-0036,fundo-mm-2,2026-03-19,693136.0,CONSERVADOR,CONSERVADOR,4,9.7,3,0.5456,0.0,0.0843,0.2799,0.0,0.0,0.5456,0,FUNDOS,3,15.29,MODERADO,1.51,TRIBUTADO,1.155,0
synth-cli-0036,prev-2,2026-04-02,693136.0,CONSERVADOR,CONSERVADOR,4,9.7,3,0.5456,0.0,0.0843,0.2799,0.0,0.0,0.5456,0,PREVIDENCIA,2,10.47,MODERADO,0.87,INCENTIVADO,0.167,0
synth-cli-0037,rf-cdb-0,2026-04-08,3665347.97,CONSERVADOR,CONSERVADOR,4,4.8,2,0.732,0.0,0.1419,0.0,0.0,0.0,0.732,0,RENDA_FIXA,1,12.74,CONSERVADOR,0.0,TRIBUTADO,0.036,0
synth-cli-0037,rf-cdb-3,2026-05-01,3665347.97,CONSERVADOR,CONSERVADOR,4,4.8,2,0.732,0.0,0.1419,0.0,0.0,0.0,0.732,0,RENDA_FIXA,1,13.62,CONSERVADOR,0.0,TRIBUTADO,0.042,0
synth-cli-0037,rv-ivvb11,2026-03-18,3665347.97,CONSERVADOR,CONSERVADOR,4,4.8,2,0.732,0.0,0.1419,0.0,0.0,0.0,0.732,0,RENDA_VARIAVEL,4,17.47,ARROJADO,0.0,ISENTO,0.067,0
synth-cli-0037,coe-0,2026-04-16,3665347.97,CONSERVADOR,CONSERVADOR,4,4.8,2,0.732,0.0,0.1419,0.0,0.0,0.0,0.732,0,ESTRUTURADOS,5,19.22,ARROJADO,0.0,TRIBUTADO,36.0,0
synth-cli-0037,rv-btlg11,2026-05-21,3665347.97,CONSERVADOR,CONSERVADOR,4,4.8,2,0.732,0.0,0.1419,0.0,0.0,0.0,0.732,0,RENDA_VARIAVEL,3,11.31,MODERADO,0.0,ISENTO,0.067,0
synth-cli-0037,fundo-mm-2,2026-04-01,3665347.97,CONSERVADOR,CONSERVADOR,4,4.8,2,0.732,0.0,0.1419,0.0,0.0,0.0,0.732,0,FUNDOS,3,15.29,MODERADO,1.51,TRIBUTADO,1.155,0
synth-cli-0037,prev-1,2026-02-16,3665347.97,CONSERVADOR,CONSERVADOR,4,4.8,2,0.732,0.0,0.1419,0.0,0.0,0.0,0.732,0,PREVIDENCIA,3,10.58,MODERADO,0.86,INCENTIVADO,0.167,0
synth-cli-0037,fundo-mm-4,2026-02-17,3665347.97,CONSERVADOR,CONSERVADOR,4,4.8,2,0.732,0.0,0.1419,0.0,0.0,0.0,0.732,0,FUNDOS,3,12.89,MODERADO,2.27,TRIBUTADO,1.604,0
synth-cli-0037,firf-2,2026-03-20,3665347.97,CONSERVADOR,CONSERVADOR,4,4.8,2,0.732,0.0,0.1419,0.0,0.0,0.0,0.732,0,FUNDOS,2,11.76,CONSERVADOR,0.78,TRIBUTADO,1.0,0
synth-cli-0037,rv-bpac11,2026-04-05,3665347.97,CONSERVADOR,CONSERVADOR,4,4.8,2,0.732,0.0,0.1419,0.0,0.0,0.0,0.732,0,RENDA_VARIAVEL,4,19.32,ARROJADO,0.0,ISENTO,0.067,0
synth-cli-0037,firf-1,2026-04-14,3665347.97,CONSERVADOR,CONSERVADOR,4,4.8,2,0.732,0.0,0.1419,0.0,0.0,0.0,0.732,0,FUNDOS,2,12.07,CONSERVADOR,0.99,TRIBUTADO,1.0,0
synth-cli-0037,rf-isento-1,2026-04-26,3665347.97,CONSERVADOR,CONSERVADOR,4,4.8,2,0.732,0.0,0.1419,0.0,0.0,0.0,0.732,0,RENDA_FIXA,1,11.3,CONSERVADOR,0.0,ISENTO,24.0,0
synth-cli-0037,rf-cdb-1,2026-02-20,3665347.97,CONSERVADOR,CONSERVADOR,4,4.8,2,0.732,0.0,0.1419,0.0,0.0,0.0,0.732,0,RENDA_FIXA,1,11.46,CONSERVADOR,0.0,TRIBUTADO,0.056,0
synth-cli-0037,rv-knri11,2026-01-22,3665347.97,CONSERVADOR,CONSERVADOR,4,4.8,2,0.732,0.0,0.1419,0.0,0.0,0.0,0.732,0,RENDA_VARIAVEL,3,11.32,MODERADO,0.0,ISENTO,0.067,0
synth-cli-0037,fundo-mm-1,2026-02-07,3665347.97,CONSERVADOR,CONSERVADOR,4,4.8,2,0.732,0.0,0.1419,0.0,0.0,0.0,0.732,0,FUNDOS,4,15.74,ARROJADO,1.01,TRIBUTADO,1.806,0
synth-cli-0037,coe-1,2026-04-04,3665347.97,CONSERVADOR,CONSERVADOR,4,4.8,2,0.732,0.0,0.1419,0.0,0.0,0.0,0.732,0,ESTRUTURADOS,5,22.09,ARROJADO,0.0,TRIBUTADO,36.0,0
synth-cli-0037,rf-isento-0,2026-04-10,3665347.97,CONSERVADOR,CONSERVADOR,4,4.8,2,0.732,0.0,0.1419,0.0,0.0,0.0,0.732,1,RENDA_FIXA,1,11.04,CONSERVADOR,0.0,ISENTO,24.0,0
synth-cli-0037,rv-itsa4,2026-05-02,3665347.97,CONSERVADOR,CONSERVADOR,4,4.8,2,0.732,0.0,0.1419,0.0,0.0,0.0,0.732,0,RENDA_VARIAVEL,4,15.45,ARROJADO,0.0,TRIBUTADO,0.067,0
synth-cli-0038,fundo-mm-0,2026-05-08,1653862.17,AGRESSIVO,AGRESSIVO,16,59.7,4,0.1875,0.0,0.561,0.0869,0.0,0.0819,0.561,0,FUNDOS,3,14.68,MODERADO,1.33,TRIBUTADO,1.589,0
synth-cli-0038,coe-1,2026-02-16,1653862.17,AGRESSIVO,AGRESSIVO,16,59.7,4,0.1875,0.0,0.561,0.0869,0.0,0.0819,0.561,0,ESTRUTURADOS,5,22.09,ARROJADO,0.0,TRIBUTADO,36.0,1
synth-cli-0038,rf-isento-0,2026-01-25,1653862.17,AGRESSIVO,AGRESSIVO,16,59.7,4,0.1875,0.0,0.561,0.0869,0.0,0.0819,0.561,0,RENDA_FIXA,1,11.04,CONSERVADOR,0.0,ISENTO,24.0,1
synth-cli-0038,cambio-1,2026-03-05,1653862.17,AGRESSIVO,AGRESSIVO,16,59.7,4,0.1875,0.0,0.561,0.0869,0.0,0.0819,0.561,0,CAMBIO,4,10.47,ARROJADO,1.77,TRIBUTADO,1.0,0
synth-cli-0038,rv-itsa4,2026-01-23,1653862.17,AGRESSIVO,AGRESSIVO,16,59.7,4,0.1875,0.0,0.561,0.0869,0.0,0.0819,0.561,0,RENDA_VARIAVEL,4,15.45,ARROJADO,0.0,TRIBUTADO,0.067,1
synth-cli-0038,rf-pub-0,2026-04-26,1653862.17,AGRESSIVO,AGRESSIVO,16,59.7,4,0.1875,0.0,0.561,0.0869,0.0,0.0819,0.561,0,RENDA_FIXA,1,6.5,CONSERVADOR,0.0,TRIBUTADO,0.033,1
synth-cli-0038,prev-1,2026-01-26,1653862.17,AGRESSIVO,AGRESSIVO,16,59.7,4,0.1875,0.0,0.561,0.0869,0.0,0.0819,0.561,0,PREVIDENCIA,3,10.58,MODERADO,0.86,INCENTIVADO,0.167,1
synth-cli-0038,firf-0,2026-01-27,1653862.17,AGRESSIVO,AGRESSIVO,16,59.7,4,0.1875,0.0,0.561,0.0869,0.0,0.0819,0.561,0,FUNDOS,2,12.61,CONSERVADOR,0.86,TRIBUTADO,1.0,0
synth-cli-0039,rf-cdb-1,2026-04-11,1564254.75,CONSERVADOR,CONSERVADOR,4,9.6,3,0.5094,0.0,0.101,0.2999,0.0,0.0,0.5094,1,RENDA_FIXA,1,11.46,CONSERVADOR,0.0,TRIBUTADO,0.056,0
synth-cli-0039,firf-0,2026-04-12,1564254.75,CONSERVADOR,CONSERVADOR,4,9.6,3,0.5094,0.0,0.101,0.2999,0.0,0.0,0.5094,0,FUNDOS,2,12.61,CONSERVADOR,0.86,TRIBUTADO,1.0,1
synth-cli-0039,rf-cdb-3,2026-02-05,1564254.75,CONSERVADOR,CONSERVADOR,4,9.6,3,0.5094,0.0,0.101,0.2999,0.0,0.0,0.5094,0,RENDA_FIXA,1,13.62,CONSERVADOR,0.0,TRIBUTADO,0.042,1
synth-cli-0039,rf-pub-0,2026-02-26,1564254.75,CONSERVADOR,CONSERVADOR,4,9.6,3,0.5094,0.0,0.101,0.2999,0.0,0.0,0.5094,0,RENDA_FIXA,1,6.5,CONSERVADOR,0.0,TRIBUTADO,0.033,0
synth-cli-0039,rv-ivvb11,2026-04-15,1564254.75,CONSERVADOR,CONSERVADOR,4,9.6,3,0.5094,0.0,0.101,0.2999,0.0,0.0,0.5094,0,RENDA_VARIAVEL,4,17.47,ARROJADO,0.0,ISENTO,0.067,0
synth-cli-0039,coe-1,2026-05-26,1564254.75,CONSERVADOR,CONSERVADOR,4,9.6,3,0.5094,0.0,0.101,0.2999,0.0,0.0,0.5094,0,ESTRUTURADOS,5,22.09,ARROJADO,0.0,TRIBUTADO,36.0,1
synth-cli-0039,rf-pub-1,2026-01-15,1564254.75,CONSERVADOR,CONSERVADOR,4,9.6,3,0.5094,0.0,0.101,0.2999,0.0,0.0,0.5094,0,RENDA_FIXA,3,12.55,MODERADO,0.0,INCENTIVADO,36.0,0
synth-cli-0039,fundo-mm-0,2026-01-23,1564254.75,CONSERVADOR,CONSERVADOR,4,9.6,3,0.5094,0.0,0.101,0.2999,0.0,0.0,0.5094,0,FUNDOS,3,14.68,MODERADO,1.33,TRIBUTADO,1.589,0
synth-cli-0039,coe-0,2026-01-03,1564254.75,CONSERVADOR,CONSERVADOR,4,9.6,3,0.5094,0.0,0.101,0.2999,0.0,0.0,0.5094,0,ESTRUTURADOS,5,19.22,ARROJADO,0.0,TRIBUTADO,36.0,0
synth-cli-0039,rf-isento-1,2026-04-25,1564254.75,CONSERVADOR,CONSERVADOR,4,9.6,3,0.5094,0.0,0.101,0.2999,0.0,0.0,0.5094,1,RENDA_FIXA,1,11.3,CONSERVADOR,0.0,ISENTO,24.0,0
synth-cli-0039,fundo-mm-3,2026-01-13,1564254.75,CONSERVADOR,CONSERVADOR,4,9.6,3,0.5094,0.0,0.101,0.2999,0.0,0.0,0.5094,0,FUNDOS,4,16.33,ARROJADO,1.5,TRIBUTADO,1.093,0
synth-cli-0039,cambio-0,2026-02-19,1564254.75,CONSERVADOR,CONSERVADOR,4,9.6,3,0.5094,0.0,0.101,0.2999,0.0,0.0,0.5094,0,CAMBIO,4,11.55,ARROJADO,1.87,TRIBUTADO,1.0,0
synth-cli-0039,fundo-mm-4,2026-05-10,1564254.75,CONSERVADOR,CONSERVADOR,4,9.6,3,0.5094,0.0,0.101,0.2999,0.0,0.0,0.5094,0,FUNDOS,3,12.89,MODERADO,2.27,TRIBUTADO,1.604,0
synth-cli-0039,prev-1,2026-05-28,1564254.75,CONSERVADOR,CONSERVADOR,4,9.6,3,0.5094,0.0,0.101,0.2999,0.0,0.0,0.5094,0,PREVIDENCIA,3,10.58,MODERADO,0.86,INCENTIVADO,0.167,0
synth-cli-0039,rf-cdb-4,2026-03-12,1564254.75,CONSERVADOR,CONSERVADOR,4,9.6,3,0.5094,0.0,0.101,0.2999,0.0,0.0,0.5094,0,RENDA_FIXA,1,11.98,CONSERVADOR,0.0,TRIBUTADO,0.036,1
synth-cli-0039,rv-knri11,2026-03-17,1564254.75,CONSERVADOR,CONSERVADOR,4,9.6,3,0.5094,0.0,0.101,0.2999,0.0,0.0,0.5094,0,RENDA_VARIAVEL,3,11.32,MODERADO,0.0,ISENTO,0.067,0
synth-cli-0039,rv-btlg11,2026-02-23,1564254.75,CONSERVADOR,CONSERVADOR,4,9.6,3,0.5094,0.0,0.101,0.2999,0.0,0.0,0.5094,0,RENDA_VARIAVEL,3,11.31,MODERADO,0.0,ISENTO,0.067,0
synth-cli-0039,fundo-mm-2,2026-02-18,1564254.75,CONSERVADOR,CONSERVADOR,4,9.6,3,0.5094,0.0,0.101,0.2999,0.0,0.0,0.5094,0,FUNDOS,3,15.29,MODERADO,1.51,TRIBUTADO,1.155,0
synth-cli-0039,rf-cdb-2,2026-03-26,1564254.75,CONSERVADOR,CONSERVADOR,4,9.6,3,0.5094,0.0,0.101,0.2999,0.0,0.0,0.5094,0,RENDA_FIXA,1,13.08,CONSERVADOR,0.0,TRIBUTADO,0.101,1
synth-cli-0039,cambio-1,2026-04-25,1564254.75,CONSERVADOR,CONSERVADOR,4,9.6,3,0.5094,0.0,0.101,0.2999,0.0,0.0,0.5094,0,CAMBIO,4,10.47,ARROJADO,1.77,TRIBUTADO,1.0,0
synth-cli-0039,firf-1,2026-03-03,1564254.75,CONSERVADOR,CONSERVADOR,4,9.6,3,0.5094,0.0,0.101,0.2999,0.0,0.0,0.5094,0,FUNDOS,2,12.07,CONSERVADOR,0.99,TRIBUTADO,1.0,1
synth-cli-0039,rf-pub-2,2026-03-13,1564254.75,CONSERVADOR,CONSERVADOR,4,9.6,3,0.5094,0.0,0.101,0.2999,0.0,0.0,0.5094,0,RENDA_FIXA,3,13.26,MODERADO,0.0,INCENTIVADO,36.0,0
synth-cli-0039,prev-0,2026-05-10,1564254.75,CONSERVADOR,CONSERVADOR,4,9.6,3,0.5094,0.0,0.101,0.2999,0.0,0.0,0.5094,0,PREVIDENCIA,2,10.09,CONSERVADOR,0.96,INCENTIVADO,0.167,1
synth-cli-0039,rf-cdb-0,2026-05-18,1564254.75,CONSERVADOR,CONSERVADOR,4,9.6,3,0.5094,0.0,0.101,0.2999,0.0,0.0,0.5094,0,RENDA_FIXA,1,12.74,CONSERVADOR,0.0,TRIBUTADO,0.036,1
synth-cli-0039,firf-2,2026-01-01,1564254.75,CONSERVADOR,CONSERVADOR,4,9.6,3,0.5094,0.0,0.101,0.2999,0.0,0.0,0.5094,0,FUNDOS,2,11.76,CONSERVADOR,0.78,TRIBUTADO,1.0,0
synth-cli-0040,firf-2,2026-05-19,1023277.57,CONSERVADOR,CONSERVADOR,2,5.7,3,0.6283,0.0,0.0907,0.2628,0.0,0.0,0.6283,0,FUNDOS,2,11.76,CONSERVADOR,0.78,TRIBUTADO,1.0,1
synth-cli-0040,rf-isento-0,2026-05-28,1023277.57,CONSERVADOR,CONSERVADOR,2,5.7,3,0.6283,0.0,0.0907,0.2628,0.0,0.0,0.6283,0,RENDA_FIXA,1,11.04,CONSERVADOR,0.0,ISENTO,24.0,0
synth-cli-0040,rf-pub-2,2026-03-10,1023277.57,CONSERVADOR,CONSERVADOR,2,5.7,3,0.6283,0.0,0.0907,0.2628,0.0,0.0,0.6283,0,RENDA_FIXA,3,13.26,MODERADO,0.0,INCENTIVADO,36.0,0
synth-cli-0040,prev-2,2026-05-22,1023277.57,CONSERVADOR,CONSERVADOR,2,5.7,3,0.6283,0.0,0.0907,0.2628,0.0,0.0,0.6283,0,PREVIDENCIA,2,10.47,MODERADO,0.87,INCENTIVADO,0.167,0
synth-cli-0040,prev-0,2026-04-17,1023277.57,CONSERVADOR,CONSERVADOR,2,5.7,3,0.6283,0.0,0.0907,0.2628,0.0,0.0,0.6283,0,PREVIDENCIA,2,10.09,CONSERVADOR,0.96,INCENTIVADO,0.167,0
synth-cli-0040,rf-isento-1,2026-02-27,1023277.57,CONSERVADOR,CONSERVADOR,2,5.7,3,0.6283,0.0,0.0907,0.2628,0.0,0.0,0.6283,0,RENDA_FIXA,1,11.3,CONSERVADOR,0.0,ISENTO,24.0,1
synth-cli-0040,rv-knri11,2026-04-04,1023277.57,CONSERVADOR,CONSERVADOR,2,5.7,3,0.6283,0.0,0.0907,0.2628,0.0,0.0,0.6283,0,RENDA_VARIAVEL,3,11.32,MODERADO,0.0,ISENTO,0.067,0
synth-cli-0040,fundo-mm-2,2026-04-27,1023277.57,CONSERVADOR,CONSERVADOR,2,5.7,3,0.6283,0.0,0.0907,0.2628,0.0,0.0,0.6283,0,FUNDOS,3,15.29,MODERADO,1.51,TRIBUTADO,1.155,0
synth-cli-0040,firf-0,2026-01-02,1023277.57,CONSERVADOR,CONSERVADOR,2,5.7,3,0.6283,0.0,0.0907,0.2628,0.0,0.0,0.6283,0,FUNDOS,2,12.61,CONSERVADOR,0.86,TRIBUTADO,1.0,0
synth-cli-0040,rf-cdb-3,2026-02-16,1023277.57,CONSERVADOR,CONSERVADOR,2,5.7,3,0.6283,0.0,0.0907,0.2628,0.0,0.0,0.6283,0,RENDA_FIXA,1,13.62,CONSERVADOR,0.0,TRIBUTADO,0.042,1
synth-cli-0040,rf-cdb-1,2026-04-19,1023277.57,CONSERVADOR,CONSERVADOR,2,5.7,3,0.6283,0.0,0.0907,0.2628,0.0,0.0,0.6283,0,RENDA_FIXA,1,11.46,CONSERVADOR,0.0,TRIBUTADO,0.056,0
synth-cli-0040,fundo-mm-0,2026-04-28,1023277.57,CONSERVADOR,CONSERVADOR,2,5.7,3,0.6283,0.0,0.0907,0.2628,0.0,0.0,0.6283,0,FUNDOS,3,14.68,MODERADO,1.33,TRIBUTADO,1.589,0
synth-cli-0040,cambio-0,2026-04-21,1023277.57,CONSERVADOR,CONSERVADOR,2,5.7,3,0.6283,0.0,0.0907,0.2628,0.0,0.0,0.6283,0,CAMBIO,4,11.55,ARROJADO,1.87,TRIBUTADO,1.0,0
synth-cli-0040,rv-btlg11,2026-04-23,1023277.57,CONSERVADOR,CONSERVADOR,2,5.7,3,0.6283,0.0,0.0907,0.2628,0.0,0.0,0.6283,1,RENDA_VARIAVEL,3,11.31,MODERADO,0.0,ISENTO,0.067,0
synth-cli-0040,rv-bpac11,2026-04-24,1023277.57,CONSERVADOR,CONSERVADOR,2,5.7,3,0.6283,0.0,0.0907,0.2628,0.0,0.0,0.6283,0,RENDA_VARIAVEL,4,19.32,ARROJADO,0.0,ISENTO,0.067,0
synth-cli-0040,rv-itsa4,2026-02-05,1023277.57,CONSERVADOR,CONSERVADOR,2,5.7,3,0.6283,0.0,0.0907,0.2628,0.0,0.0,0.6283,0,RENDA_VARIAVEL,4,15.45,ARROJADO,0.0,TRIBUTADO,0.067,1
synth-cli-0040,rf-cdb-0,2026-04-23,1023277.57,CONSERVADOR,CONSERVADOR,2,5.7,3,0.6283,0.0,0.0907,0.2628,0.0,0.0,0.6283,1,RENDA_FIXA,1,12.74,CONSERVADOR,0.0,TRIBUTADO,0.036,0
synth-cli-0040,fundo-mm-1,2026-05-28,1023277.57,CONSERVADOR,CONSERVADOR,2,5.7,3,0.6283,0.0,0.0907,0.2628,0.0,0.0,0.6283,0,FUNDOS,4,15.74,ARROJADO,1.01,TRIBUTADO,1.806,0
synth-cli-0040,rf-isento-2,2026-02-15,1023277.57,CONSERVADOR,CONSERVADOR,2,5.7,3,0.6283,0.0,0.0907,0.2628,0.0,0.0,0.6283,0,RENDA_FIXA,1,11.97,CONSERVADOR,0.0,ISENTO,24.0,1
synth-cli-0040,rv-ivvb11,2026-02-18,1023277.57,CONSERVADOR,CONSERVADOR,2,5.7,3,0.6283,0.0,0.0907,0.2628,0.0,0.0,0.6283,0,RENDA_VARIAVEL,4,17.47,ARROJADO,0.0,ISENTO,0.067,0
synth-cli-0040,coe-1,2026-01-20,1023277.57,CONSERVADOR,CONSERVADOR,2,5.7,3,0.6283,0.0,0.0907,0.2628,0.0,0.0,0.6283,0,ESTRUTURADOS,5,22.09,ARROJADO,0.0,TRIBUTADO,36.0,0
synth-cli-0040,rf-cdb-4,2026-03-02,1023277.57,CONSERVADOR,CONSERVADOR,2,5.7,3,0.6283,0.0,0.0907,0.2628,0.0,0.0,0.6283,0,RENDA_FIXA,1,11.98,CONSERVADOR,0.0,TRIBUTADO,0.036,1
synth-cli-0040,fundo-mm-3,2026-01-12,1023277.57,CONSERVADOR,CONSERVADOR,2,5.7,3,0.6283,0.0,0.0907,0.2628,0.0,0.0,0.6283,0,FUNDOS,4,16.33,ARROJADO,1.5,TRIBUTADO,1.093,0
synth-cli-0040,coe-0,2026-03-10,1023277.57,CONSERVADOR,CONSERVADOR,2,5.7,3,0.6283,0.0,0.0907,0.2628,0.0,0.0,0.6283,1,ESTRUTURADOS,5,19.22,ARROJADO,0.0,TRIBUTADO,36.0,0
synth-cli-0040,rf-cdb-2,2026-01-26,1023277.57,CONSERVADOR,CONSERVADOR,2,5.7,3,0.6283,0.0,0.0907,0.2628,0.0,0.0,0.6283,0,RENDA_FIXA,1,13.08,CONSERVADOR,0.0,TRIBUTADO,0.101,1
synth-cli-0041,rf-cdb-4,2026-04-19,974486.06,CONSERVADOR,CONSERVADOR,4,5.8,3,0.4673,0.0,0.0514,0.4173,0.0,0.0,0.4673,0,RENDA_FIXA,1,11.98,CONSERVADOR,0.0,TRIBUTADO,0.036,1
synth-cli-0041,prev-1,2026-04-11,974486.06,CONSERVADOR,CONSERVADOR,4,5.8,3,0.4673,0.0,0.0514,0.4173,0.0,0.0,0.4673,0,PREVIDENCIA,3,10.58,MODERADO,0.86,INCENTIVADO,0.167,0
synth-cli-0041,firf-2,2026-04-27,974486.06,CONSERVADOR,CONSERVADOR,4,5.8,3,0.4673,0.0,0.0514,0.4173,0.0,0.0,0.4673,0,FUNDOS,2,11.76,CONSERVADOR,0.78,TRIBUTADO,1.0,0
synth-cli-0041,fundo-mm-2,2026-05-05,974486.06,CONSERVADOR,CONSERVADOR,4,5.8,3,0.4673,0.0,0.0514,0.4173,0.0,0.0,0.4673,0,FUNDOS,3,15.29,MODERADO,1.51,TRIBUTADO,1.155,0
synth-cli-0041,rf-cdb-1,2026-05-21,974486.06,CONSERVADOR,CONSERVADOR,4,5.8,3,0.4673,0.0,0.0514,0.4173,0.0,0.0,0.4673,1,RENDA_FIXA,1,11.46,CONSERVADOR,0.0,TRIBUTADO,0.056,0
synth-cli-0041,rf-isento-1,2026-04-22,974486.06,CONSERVADOR,CONSERVADOR,4,5.8,3,0.4673,0.0,0.0514,0.4173,0.0,0.0,0.4673,1,RENDA_FIXA,1,11.3,CONSERVADOR,0.0,ISENTO,24.0,0
synth-cli-0041,cambio-0,2026-03-03,974486.06,CONSERVADOR,CONSERVADOR,4,5.8,3,0.4673,0.0,0.0514,0.4173,0.0,0.0,0.4673,0,CAMBIO,4,11.55,ARROJADO,1.87,TRIBUTADO,1.0,0
synth-cli-0041,rf-pub-1,2026-05-14,974486.06,CONSERVADOR,CONSERVADOR,4,5.8,3,0.4673,0.0,0.0514,0.4173,0.0,0.0,0.4673,0,RENDA_FIXA,3,12.55,MODERADO,0.0,INCENTIVADO,36.0,0
synth-cli-0041,rf-pub-0,2026-04-11,974486.06,CONSERVADOR,CONSERVADOR,4,5.8,3,0.4673,0.0,0.0514,0.4173,0.0,0.0,0.4673,0,RENDA_FIXA,1,6.5,CONSERVADOR,0.0,TRIBUTADO,0.033,1
synth-cli-0041,fundo-mm-4,2026-04-24,974486.06,CONSERVADOR,CONSERVADOR,4,5.8,3,0.4673,0.0,0.0514,0.4173,0.0,0.0,0.4673,0,FUNDOS,3,12.89,MODERADO,2.27,TRIBUTADO,1.604,0
synth-cli-0041,rf-cdb-0,2026-01-19,974486.06,CONSERVADOR,CONSERVADOR,4,5.8,3,0.4673,0.0,0.0514,0.4173,0.0,0.0,0.4673,0,RENDA_FIXA,1,12.74,CONSERVADOR,0.0,TRIBUTADO,0.036,1
synth-cli-0041,rf-cdb-3,2026-03-18,974486.06,CONSERVADOR,CONSERVADOR,4,5.8,3,0.4673,0.0,0.0514,0.4173,0.0,0.0,0.4673,0,RENDA_FIXA,1,13.62,CONSERVADOR,0.0,TRIBUTADO,0.042,1
synth-cli-0042,rv-ivvb11,2026-05-01,260387.8,MODERADO,MODERADO,4,15.4,4,0.3545,0.0948,0.1579,0.0796,0.0,0.0,0.3545,0,RENDA_VARIAVEL,4,17.47,ARROJADO,0.0,ISENTO,0.067,0
synth-cli-0042,firf-1,2026-01-09,260387.8,MODERADO,MODERADO,4,15.4,4,0.3545,0.0948,0.1579,0.0796,0.0,0.0,0.3545,0,FUNDOS,2,12.07,CONSERVADOR,0.99,TRIBUTADO,1.0,1
synth-cli-0042,rf-cdb-2,2026-02-27,260387.8,MODERADO,MODERADO,4,15.4,4,0.3545,0.0948,0.1579,0.0796,0.0,0.0,0.3545,0,RENDA_FIXA,1,13.08,CONSERVADOR,0.0,TRIBUTADO,0.101,0
synth-cli-0042,rf-pub-1,2026-05-20,260387.8,MODERADO,MODERADO,4,15.4,4,0.3545,0.0948,0.1579,0.0796,0.0,0.0,0.3545,0,RENDA_FIXA,3,12.55,MODERADO,0.0,INCENTIVADO,36.0,1
synth-cli-0042,rv-bpac11,2026-05-02,260387.8,MODERADO,MODERADO,4,15.4,4,0.3545,0.0948,0.1579,0.0796,0.0,0.0,0.3545,0,RENDA_VARIAVEL,4,19.32,ARROJADO,0.0,ISENTO,0.067,0
synth-cli-0042,cambio-0,2026-01-11,260387.8,MODERADO,MODERADO,4,15.4,4,0.3545,0.0948,0.1579,0.0796,0.0,0.0,0.3545,0,CAMBIO,4,11.55,ARROJADO,1.87,TRIBUTADO,1.0,0
synth-cli-0042,firf-2,2026-04-01,260387.8,MODERADO,MODERADO,4,15.4,4,0.3545,0.0948,0.1579,0.0796,0.0,0.0,0.3545,0,FUNDOS,2,11.76,CONSERVADOR,0.78,TRIBUTADO,1.0,0
synth-cli-0042,rf-cdb-1,2026-01-04,260387.8,MODERADO,MODERADO,4,15.4,4,0.3545,0.0948,0.1579,0.0796,0.0,0.0,0.3545,0,RENDA_FIXA,1,11.46,CONSERVADOR,0.0,TRIBUTADO,0.056,1
synth-cli-0042,prev-0,2026-03-05,260387.8,MODERADO,MODERADO,4,15.4,4,0.3545,0.0948,0.1579,0.0796,0.0,0.0,0.3545,0,PREVIDENCIA,2,10.09,CONSERVADOR,0.96,INCENTIVADO,0.167,0
synth-cli-0042,firf-0,2026-04-22,260387.8,MODERADO,MODERADO,4,15.4,4,0.3545,0.0948,0.1579,0.0796,0.0,0.0,0.3545,0,FUNDOS,2,12.61,CONSERVADOR,0.86,TRIBUTADO,1.0,1
synth-cli-0042,coe-0,2026-05-11,260387.8,MODERADO,MODERADO,4,15.4,4,0.3545,0.0948,0.1579,0.0796,0.0,0.0,0.3545,0,ESTRUTURADOS,5,19.22,ARROJADO,0.0,TRIBUTADO,36.0,0
synth-cli-0043,rf-cdb-0,2026-02-25,7389518.69,MODERADO,MODERADO,9,18.5,4,0.4218,0.0684,0.2495,0.1902,0.0,0.0,0.4218,0,RENDA_FIXA,1,12.74,CONSERVADOR,0.0,TRIBUTADO,0.036,1
synth-cli-0043,rv-btlg11,2026-05-13,7389518.69,MODERADO,MODERADO,9,18.5,4,0.4218,0.0684,0.2495,0.1902,0.0,0.0,0.4218,0,RENDA_VARIAVEL,3,11.31,MODERADO,0.0,ISENTO,0.067,1
synth-cli-0043,rf-cdb-1,2026-03-02,7389518.69,MODERADO,MODERADO,9,18.5,4,0.4218,0.0684,0.2495,0.1902,0.0,0.0,0.4218,0,RENDA_FIXA,1,11.46,CONSERVADOR,0.0,TRIBUTADO,0.056,0
synth-cli-0043,rf-isento-1,2026-01-14,7389518.69,MODERADO,MODERADO,9,18.5,4,0.4218,0.0684,0.2495,0.1902,0.0,0.0,0.4218,0,RENDA_FIXA,1,11.3,CONSERVADOR,0.0,ISENTO,24.0,1
synth-cli-0043,fundo-mm-1,2026-01-09,7389518.69,MODERADO,MODERADO,9,18.5,4,0.4218,0.0684,0.2495,0.1902,0.0,0.0,0.4218,0,FUNDOS,4,15.74,ARROJADO,1.01,TRIBUTADO,1.806,0
synth-cli-0043,rf-cdb-3,2026-05-22,7389518.69,MODERADO,MODERADO,9,18.5,4,0.4218,0.0684,0.2495,0.1902,0.0,0.0,0.4218,0,RENDA_FIXA,1,13.62,CONSERVADOR,0.0,TRIBUTADO,0.042,1
synth-cli-0043,rf-isento-2,2026-02-10,7389518.69,MODERADO,MODERADO,9,18.5,4,0.4218,0.0684,0.2495,0.1902,0.0,0.0,0.4218,0,RENDA_FIXA,1,11.97,CONSERVADOR,0.0,ISENTO,24.0,1
synth-cli-0043,rf-cdb-4,2026-04-03,7389518.69,MODERADO,MODERADO,9,18.5,4,0.4218,0.0684,0.2495,0.1902,0.0,0.0,0.4218,0,RENDA_FIXA,1,11.98,CONSERVADOR,0.0,TRIBUTADO,0.036,0
synth-cli-0043,fundo-mm-2,2026-02-12,7389518.69,MODERADO,MODERADO,9,18.5,4,0.4218,0.0684,0.2495,0.1902,0.0,0.0,0.4218,0,FUNDOS,3,15.29,MODERADO,1.51,TRIBUTADO,1.155,0
synth-cli-0043,prev-0,2026-02-26,7389518.69,MODERADO,MODERADO,9,18.5,4,0.4218,0.0684,0.2495,0.1902,0.0,0.0,0.4218,0,PREVIDENCIA,2,10.09,CONSERVADOR,0.96,INCENTIVADO,0.167,0
synth-cli-0043,rf-isento-0,2026-05-15,7389518.69,MODERADO,MODERADO,9,18.5,4,0.4218,0.0684,0.2495,0.1902,0.0,0.0,0.4218,0,RENDA_FIXA,1,11.04,CONSERVADOR,0.0,ISENTO,24.0,0
synth-cli-0043,prev-2,2026-04-27,7389518.69,MODERADO,MODERADO,9,18.5,4,0.4218,0.0684,0.2495,0.1902,0.0,0.0,0.4218,0,PREVIDENCIA,2,10.47,MODERADO,0.87,INCENTIVADO,0.167,1
synth-cli-0043,prev-1,2026-01-16,7389518.69,MODERADO,MODERADO,9,18.5,4,0.4218,0.0684,0.2495,0.1902,0.0,0.0,0.4218,0,PREVIDENCIA,3,10.58,MODERADO,0.86,INCENTIVADO,0.167,1
synth-cli-0044,rv-bpac11,2026-01-27,291924.6,MODERADO,MODERADO,9,12.3,3,0.4289,0.0,0.2214,0.2558,0.0,0.0,0.4289,0,RENDA_VARIAVEL,4,19.32,ARROJADO,0.0,ISENTO,0.067,0
synth-cli-0044,rf-isento-0,2026-05-09,291924.6,MODERADO,MODERADO,9,12.3,3,0.4289,0.0,0.2214,0.2558,0.0,0.0,0.4289,0,RENDA_FIXA,1,11.04,CONSERVADOR,0.0,ISENTO,24.0,1
synth-cli-0044,prev-2,2026-03-22,291924.6,MODERADO,MODERADO,9,12.3,3,0.4289,0.0,0.2214,0.2558,0.0,0.0,0.4289,0,PREVIDENCIA,2,10.47,MODERADO,0.87,INCENTIVADO,0.167,1
synth-cli-0044,rv-itsa4,2026-03-25,291924.6,MODERADO,MODERADO,9,12.3,3,0.4289,0.0,0.2214,0.2558,0.0,0.0,0.4289,0,RENDA_VARIAVEL,4,15.45,ARROJADO,0.0,TRIBUTADO,0.067,0
synth-cli-0044,fundo-mm-1,2026-03-08,291924.6,MODERADO,MODERADO,9,12.3,3,0.4289,0.0,0.2214,0.2558,0.0,0.0,0.4289,0,FUNDOS,4,15.74,ARROJADO,1.01,TRIBUTADO,1.806,0
synth-cli-0044,fundo-mm-0,2026-03-11,291924.6,MODERADO,MODERADO,9,12.3,3,0.4289,0.0,0.2214,0.2558,0.0,0.0,0.4289,0,FUNDOS,3,14.68,MODERADO,1.33,TRIBUTADO,1.589,0
synth-cli-0044,rv-ivvb11,2026-05-11,291924.6,MODERADO,MODERADO,9,12.3,3,0.4289,0.0,0.2214,0.2558,0.0,0.0,0.4289,0,RENDA_VARIAVEL,4,17.47,ARROJADO,0.0,ISENTO,0.067,0
synth-cli-0044,rf-pub-1,2026-02-21,291924.6,MODERADO,MODERADO,9,12.3,3,0.4289,0.0,0.2214,0.2558,0.0,0.0,0.4289,0,RENDA_FIXA,3,12.55,MODERADO,0.0,INCENTIVADO,36.0,0
synth-cli-0044,firf-2,2026-05-16,291924.6,MODERADO,MODERADO,9,12.3,3,0.4289,0.0,0.2214,0.2558,0.0,0.0,0.4289,0,FUNDOS,2,11.76,CONSERVADOR,0.78,TRIBUTADO,1.0,0
synth-cli-0044,firf-0,2026-05-23,291924.6,MODERADO,MODERADO,9,12.3,3,0.4289,0.0,0.2214,0.2558,0.0,0.0,0.4289,0,FUNDOS,2,12.61,CONSERVADOR,0.86,TRIBUTADO,1.0,1
synth-cli-0044,rf-isento-1,2026-04-18,291924.6,MODERADO,MODERADO,9,12.3,3,0.4289,0.0,0.2214,0.2558,0.0,0.0,0.4289,0,RENDA_FIXA,1,11.3,CONSERVADOR,0.0,ISENTO,24.0,0
synth-cli-0044,rf-cdb-1,2026-05-01,291924.6,MODERADO,MODERADO,9,12.3,3,0.4289,0.0,0.2214,0.2558,0.0,0.0,0.4289,0,RENDA_FIXA,1,11.46,CONSERVADOR,0.0,TRIBUTADO,0.056,0
synth-cli-0044,rf-pub-0,2026-04-22,291924.6,MODERADO,MODERADO,9,12.3,3,0.4289,0.0,0.2214,0.2558,0.0,0.0,0.4289,0,RENDA_FIXA,1,6.5,CONSERVADOR,0.0,TRIBUTADO,0.033,0
synth-cli-0044,firf-1,2026-05-12,291924.6,MODERADO,MODERADO,9,12.3,3,0.4289,0.0,0.2214,0.2558,0.0,0.0,0.4289,0,FUNDOS,2,12.07,CONSERVADOR,0.99,TRIBUTADO,1.0,1
synth-cli-0044,rf-cdb-2,2026-01-04,291924.6,MODERADO,MODERADO,9,12.3,3,0.4289,0.0,0.2214,0.2558,0.0,0.0,0.4289,0,RENDA_FIXA,1,13.08,CONSERVADOR,0.0,TRIBUTADO,0.101,1
synth-cli-0044,prev-0,2026-02-24,291924.6,MODERADO,MODERADO,9,12.3,3,0.4289,0.0,0.2214,0.2558,0.0,0.0,0.4289,0,PREVIDENCIA,2,10.09,CONSERVADOR,0.96,INCENTIVADO,0.167,0
synth-cli-0045,prev-0,2026-02-08,3870291.82,ARROJADO,MODERADO,6,33.4,6,0.2727,0.1634,0.2127,0.0729,0.092,0.0532,0.2727,0,PREVIDENCIA,2,10.09,CONSERVADOR,0.96,INCENTIVADO,0.167,0
synth-cli-0045,rf-isento-0,2026-04-23,3870291.82,ARROJADO,MODERADO,6,33.4,6,0.2727,0.1634,0.2127,0.0729,0.092,0.0532,0.2727,0,RENDA_FIXA,1,11.04,CONSERVADOR,0.0,ISENTO,24.0,1
synth-cli-0045,rv-itsa4,2026-02-01,3870291.82,ARROJADO,MODERADO,6,33.4,6,0.2727,0.1634,0.2127,0.0729,0.092,0.0532,0.2727,0,RENDA_VARIAVEL,4,15.45,ARROJADO,0.0,TRIBUTADO,0.067,0
synth-cli-0045,rv-btlg11,2026-04-04,3870291.82,ARROJADO,MODERADO,6,33.4,6,0.2727,0.1634,0.2127,0.0729,0.092,0.0532,0.2727,0,RENDA_VARIAVEL,3,11.31,MODERADO,0.0,ISENTO,0.067,1
synth-cli-0045,fundo-mm-0,2026-05-07,3870291.82,ARROJADO,MODERADO,6,33.4,6,0.2727,0.1634,0.2127,0.0729,0.092,0.0532,0.2727,0,FUNDOS,3,14.68,MODERADO,1.33,TRIBUTADO,1.589,1
synth-cli-0045,rf-pub-1,2026-05-22,3870291.82,ARROJADO,MODERADO,6,33.4,6,0.2727,0.1634,0.2127,0.0729,0.092,0.0532,0.2727,0,RENDA_FIXA,3,12.55,MODERADO,0.0,INCENTIVADO,36.0,0
synth-cli-0045,rf-cdb-2,2026-02-24,3870291.82,ARROJADO,MODERADO,6,33.4,6,0.2727,0.1634,0.2127,0.0729,0.092,0.0532,0.2727,0,RENDA_FIXA,1,13.08,CONSERVADOR,0.0,TRIBUTADO,0.101,1
synth-cli-0045,rv-bpac11,2026-03-19,3870291.82,ARROJADO,MODERADO,6,33.4,6,0.2727,0.1634,0.2127,0.0729,0.092,0.0532,0.2727,0,RENDA_VARIAVEL,4,19.32,ARROJADO,0.0,ISENTO,0.067,0
synth-cli-0046,coe-1,2026-04-21,2790695.58,MODERADO,MODERADO,9,11.8,1,0.7764,0.0,0.0,0.0,0.0,0.0,0.7764,0,ESTRUTURADOS,5,22.09,ARROJADO,0.0,TRIBUTADO,36.0,0
synth-cli-0046,firf-0,2026-01-28,2790695.58,MODERADO,MODERADO,9,11.8,1,0.7764,0.0,0.0,0.0,0.0,0.0,0.7764,0,FUNDOS,2,12.61,CONSERVADOR,0.86,TRIBUTADO,1.0,0
synth-cli-0046,rv-knri11,2026-04-28,2790695.58,MODERADO,MODERADO,9,11.8,1,0.7764,0.0,0.0,0.0,0.0,0.0,0.7764,0,RENDA_VARIAVEL,3,11.32,MODERADO,0.0,ISENTO,0.067,0
synth-cli-0046,prev-1,2026-03-04,2790695.58,MODERADO,MODERADO,9,11.8,1,0.7764,0.0,0.0,0.0,0.0,0.0,0.7764,0,PREVIDENCIA,3,10.58,MODERADO,0.86,INCENTIVADO,0.167,1
synth-cli-0046,rf-isento-0,2026-01-24,2790695.58,MODERADO,MODERADO,9,11.8,1,0.7764,0.0,0.0,0.0,0.0,0.0,0.7764,0,RENDA_FIXA,1,11.04,CONSERVADOR,0.0,ISENTO,24.0,1
synth-cli-0046,rf-pub-1,2026-03-14,2790695.58,MODERADO,MODERADO,9,11.8,1,0.7764,0.0,0.0,0.0,0.0,0.0,0.7764,0,RENDA_FIXA,3,12.55,MODERADO,0.0,INCENTIVADO,36.0,0
synth-cli-0046,rv-itsa4,2026-03-01,2790695.58,MODERADO,MODERADO,9,11.8,1,0.7764,0.0,0.0,0.0,0.0,0.0,0.7764,0,RENDA_VARIAVEL,4,15.45,ARROJADO,0.0,TRIBUTADO,0.067,0
synth-cli-0046,rf-cdb-0,2026-03-03,2790695.58,MODERADO,MODERADO,9,11.8,1,0.7764,0.0,0.0,0.0,0.0,0.0,0.7764,0,RENDA_FIXA,1,12.74,CONSERVADOR,0.0,TRIBUTADO,0.036,0
synth-cli-0046,rv-btlg11,2026-01-24,2790695.58,MODERADO,MODERADO,9,11.8,1,0.7764,0.0,0.0,0.0,0.0,0.0,0.7764,0,RENDA_VARIAVEL,3,11.31,MODERADO,0.0,ISENTO,0.067,0
synth-cli-0046,prev-0,2026-02-07,2790695.58,MODERADO,MODERADO,9,11.8,1,0.7764,0.0,0.0,0.0,0.0,0.0,0.7764,0,PREVIDENCIA,2,10.09,CONSERVADOR,0.96,INCENTIVADO,0.167,0
synth-cli-0046,firf-1,2026-03-03,2790695.58,MODERADO,MODERADO,9,11.8,1,0.7764,0.0,0.0,0.0,0.0,0.0,0.7764,0,FUNDOS,2,12.07,CONSERVADOR,0.99,TRIBUTADO,1.0,1
synth-cli-0046,rv-bpac11,2026-01-01,2790695.58,MODERADO,MODERADO,9,11.8,1,0.7764,0.0,0.0,0.0,0.0,0.0,0.7764,0,RENDA_VARIAVEL,4,19.32,ARROJADO,0.0,ISENTO,0.067,0
synth-cli-0046,prev-2,2026-03-27,2790695.58,MODERADO,MODERADO,9,11.8,1,0.7764,0.0,0.0,0.0,0.0,0.0,0.7764,0,PREVIDENCIA,2,10.47,MODERADO,0.87,INCENTIVADO,0.167,0
synth-cli-0046,rv-ivvb11,2026-01-16,2790695.58,MODERADO,MODERADO,9,11.8,1,0.7764,0.0,0.0,0.0,0.0,0.0,0.7764,0,RENDA_VARIAVEL,4,17.47,ARROJADO,0.0,ISENTO,0.067,0
synth-cli-0046,fundo-mm-3,2026-03-27,2790695.58,MODERADO,MODERADO,9,11.8,1,0.7764,0.0,0.0,0.0,0.0,0.0,0.7764,0,FUNDOS,4,16.33,ARROJADO,1.5,TRIBUTADO,1.093,0
synth-cli-0047,prev-2,2026-01-21,8162263.66,CONSERVADOR,CONSERVADOR,3,7.7,3,0.4361,0.0,0.1402,0.3017,0.0,0.0,0.4361,0,PREVIDENCIA,2,10.47,MODERADO,0.87,INCENTIVADO,0.167,0
synth-cli-0047,rf-isento-2,2026-01-03,8162263.66,CONSERVADOR,CONSERVADOR,3,7.7,3,0.4361,0.0,0.1402,0.3017,0.0,0.0,0.4361,0,RENDA_FIXA,1,11.97,CONSERVADOR,0.0,ISENTO,24.0,1
synth-cli-0047,firf-0,2026-01-26,8162263.66,CONSERVADOR,CONSERVADOR,3,7.7,3,0.4361,0.0,0.1402,0.3017,0.0,0.0,0.4361,0,FUNDOS,2,12.61,CONSERVADOR,0.86,TRIBUTADO,1.0,1
synth-cli-0047,prev-1,2026-04-02,8162263.66,CONSERVADOR,CONSERVADOR,3,7.7,3,0.4361,0.0,0.1402,0.3017,0.0,0.0,0.4361,0,PREVIDENCIA,3,10.58,MODERADO,0.86,INCENTIVADO,0.167,0
synth-cli-0047,rf-pub-2,2026-04-03,8162263.66,CONSERVADOR,CONSERVADOR,3,7.7,3,0.4361,0.0,0.1402,0.3017,0.0,0.0,0.4361,0,RENDA_FIXA,3,13.26,MODERADO,0.0,INCENTIVADO,36.0,0
synth-cli-0047,rf-cdb-2,2026-01-18,8162263.66,CONSERVADOR,CONSERVADOR,3,7.7,3,0.4361,0.0,0.1402,0.3017,0.0,0.0,0.4361,0,RENDA_FIXA,1,13.08,CONSERVADOR,0.0,TRIBUTADO,0.101,1
synth-cli-0047,prev-0,2026-04-13,8162263.66,CONSERVADOR,CONSERVADOR,3,7.7,3,0.4361,0.0,0.1402,0.3017,0.0,0.0,0.4361,0,PREVIDENCIA,2,10.09,CONSERVADOR,0.96,INCENTIVADO,0.167,0
synth-cli-0047,rv-bpac11,2026-04-08,8162263.66,CONSERVADOR,CONSERVADOR,3,7.7,3,0.4361,0.0,0.1402,0.3017,0.0,0.0,0.4361,0,RENDA_VARIAVEL,4,19.32,ARROJADO,0.0,ISENTO,0.067,0
synth-cli-0047,rv-knri11,2026-05-01,8162263.66,CONSERVADOR,CONSERVADOR,3,7.7,3,0.4361,0.0,0.1402,0.3017,0.0,0.0,0.4361,0,RENDA_VARIAVEL,3,11.32,MODERADO,0.0,ISENTO,0.067,0
synth-cli-0048,fundo-mm-1,2026-02-19,1116618.88,MODERADO,MODERADO,6,17.5,4,0.2804,0.1002,0.2587,0.1315,0.0,0.0,0.2804,0,FUNDOS,4,15.74,ARROJADO,1.01,TRIBUTADO,1.806,0
synth-cli-0048,fundo-mm-3,2026-05-09,1116618.88,MODERADO,MODERADO,6,17.5,4,0.2804,0.1002,0.2587,0.1315,0.0,0.0,0.2804,0,FUNDOS,4,16.33,ARROJADO,1.5,TRIBUTADO,1.093,0
synth-cli-0048,prev-1,2026-02-08,1116618.88,MODERADO,MODERADO,6,17.5,4,0.2804,0.1002,0.2587,0.1315,0.0,0.0,0.2804,0,PREVIDENCIA,3,10.58,MODERADO,0.86,INCENTIVADO,0.167,0
synth-cli-0048,fundo-mm-2,2026-01-02,1116618.88,MODERADO,MODERADO,6,17.5,4,0.2804,0.1002,0.2587,0.1315,0.0,0.0,0.2804,0,FUNDOS,3,15.29,MODERADO,1.51,TRIBUTADO,1.155,1
synth-cli-0048,rv-bpac11,2026-05-14,1116618.88,MODERADO,MODERADO,6,17.5,4,0.2804,0.1002,0.2587,0.1315,0.0,0.0,0.2804,0,RENDA_VARIAVEL,4,19.32,ARROJADO,0.0,ISENTO,0.067,0
synth-cli-0048,prev-2,2026-05-18,1116618.88,MODERADO,MODERADO,6,17.5,4,0.2804,0.1002,0.2587,0.1315,0.0,0.0,0.2804,0,PREVIDENCIA,2,10.47,MODERADO,0.87,INCENTIVADO,0.167,0
synth-cli-0048,rf-cdb-3,2026-02-16,1116618.88,MODERADO,MODERADO,6,17.5,4,0.2804,0.1002,0.2587,0.1315,0.0,0.0,0.2804,0,RENDA_FIXA,1,13.62,CONSERVADOR,0.0,TRIBUTADO,0.042,0
synth-cli-0048,rf-isento-2,2026-01-17,1116618.88,MODERADO,MODERADO,6,17.5,4,0.2804,0.1002,0.2587,0.1315,0.0,0.0,0.2804,0,RENDA_FIXA,1,11.97,CONSERVADOR,0.0,ISENTO,24.0,1
synth-cli-0048,rv-ivvb11,2026-02-02,1116618.88,MODERADO,MODERADO,6,17.5,4,0.2804,0.1002,0.2587,0.1315,0.0,0.0,0.2804,0,RENDA_VARIAVEL,4,17.47,ARROJADO,0.0,ISENTO,0.067,0
synth-cli-0048,rv-itsa4,2026-05-28,1116618.88,MODERADO,MODERADO,6,17.5,4,0.2804,0.1002,0.2587,0.1315,0.0,0.0,0.2804,0,RENDA_VARIAVEL,4,15.45,ARROJADO,0.0,TRIBUTADO,0.067,0
synth-cli-0048,rf-cdb-0,2026-03-07,1116618.88,MODERADO,MODERADO,6,17.5,4,0.2804,0.1002,0.2587,0.1315,0.0,0.0,0.2804,0,RENDA_FIXA,1,12.74,CONSERVADOR,0.0,TRIBUTADO,0.036,1
synth-cli-0048,cambio-0,2026-02-26,1116618.88,MODERADO,MODERADO,6,17.5,4,0.2804,0.1002,0.2587,0.1315,0.0,0.0,0.2804,0,CAMBIO,4,11.55,ARROJADO,1.87,TRIBUTADO,1.0,1
synth-cli-0048,firf-0,2026-04-20,1116618.88,MODERADO,MODERADO,6,17.5,4,0.2804,0.1002,0.2587,0.1315,0.0,0.0,0.2804,0,FUNDOS,2,12.61,CONSERVADOR,0.86,TRIBUTADO,1.0,0
synth-cli-0048,rv-knri11,2026-05-19,1116618.88,MODERADO,MODERADO,6,17.5,4,0.2804,0.1002,0.2587,0.1315,0.0,0.0,0.2804,0,RENDA_VARIAVEL,3,11.32,MODERADO,0.0,ISENTO,0.067,0
synth-cli-0048,rf-pub-1,2026-02-04,1116618.88,MODERADO,MODERADO,6,17.5,4,0.2804,0.1002,0.2587,0.1315,0.0,0.0,0.2804,1,RENDA_FIXA,3,12.55,MODERADO,0.0,INCENTIVADO,36.0,1
synth-cli-0048,prev-0,2026-01-16,1116618.88,MODERADO,MODERADO,6,17.5,4,0.2804,0.1002,0.2587,0.1315,0.0,0.0,0.2804,0,PREVIDENCIA,2,10.09,CONSERVADOR,0.96,INCENTIVADO,0.167,0
synth-cli-0048,rf-cdb-1,2026-02-15,1116618.88,MODERADO,MODERADO,6,17.5,4,0.2804,0.1002,0.2587,0.1315,0.0,0.0,0.2804,0,RENDA_FIXA,1,11.46,CONSERVADOR,0.0,TRIBUTADO,0.056,1
synth-cli-0048,rv-btlg11,2026-02-16,1116618.88,MODERADO,MODERADO,6,17.5,4,0.2804,0.1002,0.2587,0.1315,0.0,0.0,0.2804,0,RENDA_VARIAVEL,3,11.31,MODERADO,0.0,ISENTO,0.067,0
synth-cli-0048,rf-isento-1,2026-04-07,1116618.88,MODERADO,MODERADO,6,17.5,4,0.2804,0.1002,0.2587,0.1315,0.0,0.0,0.2804,0,RENDA_FIXA,1,11.3,CONSERVADOR,0.0,ISENTO,24.0,1
synth-cli-0048,fundo-mm-0,2026-01-12,1116618.88,MODERADO,MODERADO,6,17.5,4,0.2804,0.1002,0.2587,0.1315,0.0,0.0,0.2804,0,FUNDOS,3,14.68,MODERADO,1.33,TRIBUTADO,1.589,0
synth-cli-0048,coe-1,2026-03-01,1116618.88,MODERADO,MODERADO,6,17.5,4,0.2804,0.1002,0.2587,0.1315,0.0,0.0,0.2804,0,ESTRUTURADOS,5,22.09,ARROJADO,0.0,TRIBUTADO,36.0,0
synth-cli-0048,cambio-1,2026-02-10,1116618.88,MODERADO,MODERADO,6,17.5,4,0.2804,0.1002,0.2587,0.1315,0.0,0.0,0.2804,0,CAMBIO,4,10.47,ARROJADO,1.77,TRIBUTADO,1.0,0
synth-cli-0049,rf-pub-1,2026-01-11,1590335.03,MODERADO,MODERADO,4,15.9,3,0.0,0.1874,0.5288,0.143,0.0,0.0,0.5288,0,RENDA_FIXA,3,12.55,MODERADO,0.0,INCENTIVADO,36.0,1
synth-cli-0049,rv-ivvb11,2026-03-15,1590335.03,MODERADO,MODERADO,4,15.9,3,0.0,0.1874,0.5288,0.143,0.0,0.0,0.5288,0,RENDA_VARIAVEL,4,17.47,ARROJADO,0.0,ISENTO,0.067,0
synth-cli-0049,firf-2,2026-03-22,1590335.03,MODERADO,MODERADO,4,15.9,3,0.0,0.1874,0.5288,0.143,0.0,0.0,0.5288,0,FUNDOS,2,11.76,CONSERVADOR,0.78,TRIBUTADO,1.0,1
synth-cli-0049,prev-0,2026-05-14,1590335.03,MODERADO,MODERADO,4,15.9,3,0.0,0.1874,0.5288,0.143,0.0,0.0,0.5288,0,PREVIDENCIA,2,10.09,CONSERVADOR,0.96,INCENTIVADO,0.167,0
synth-cli-0049,fundo-mm-0,2026-01-04,1590335.03,MODERADO,MODERADO,4,15.9,3,0.0,0.1874,0.5288,0.143,0.0,0.0,0.5288,0,FUNDOS,3,14.68,MODERADO,1.33,TRIBUTADO,1.589,0
synth-cli-0049,rf-cdb-1,2026-02-18,1590335.03,MODERADO,MODERADO,4,15.9,3,0.0,0.1874,0.5288,0.143,0.0,0.0,0.5288,0,RENDA_FIXA,1,11.46,CONSERVADOR,0.0,TRIBUTADO,0.056,1
synth-cli-0049,rf-cdb-0,2026-03-11,1590335.03,MODERADO,MODERADO,4,15.9,3,0.0,0.1874,0.5288,0.143,0.0,0.0,0.5288,0,RENDA_FIXA,1,12.74,CONSERVADOR,0.0,TRIBUTADO,0.036,1
synth-cli-0049,cambio-1,2026-02-02,1590335.03,MODERADO,MODERADO,4,15.9,3,0.0,0.1874,0.5288,0.143,0.0,0.0,0.5288,1,CAMBIO,4,10.47,ARROJADO,1.77,TRIBUTADO,1.0,0
synth-cli-0049,rv-knri11,2026-03-26,1590335.03,MODERADO,MODERADO,4,15.9,3,0.0,0.1874,0.5288,0.143,0.0,0.0,0.5288,0,RENDA_VARIAVEL,3,11.32,MODERADO,0.0,ISENTO,0.067,0
synth-cli-0049,rf-isento-1,2026-02-02,1590335.03,MODERADO,MODERADO,4,15.9,3,0.0,0.1874,0.5288,0.143,0.0,0.0,0.5288,0,RENDA_FIXA,1,11.3,CONSERVADOR,0.0,ISENTO,24.0,1
synth-cli-0049,rf-pub-0,2026-05-19,1590335.03,MODERADO,MODERADO,4,15.9,3,0.0,0.1874,0.5288,0.143,0.0,0.0,0.5288,0,RENDA_FIXA,1,6.5,CONSERVADOR,0.0,TRIBUTADO,0.033,1
synth-cli-0049,rf-pub-2,2026-02-24,1590335.03,MODERADO,MODERADO,4,15.9,3,0.0,0.1874,0.5288,0.143,0.0,0.0,0.5288,0,RENDA_FIXA,3,13.26,MODERADO,0.0,INCENTIVADO,36.0,0
synth-cli-0049,rf-isento-0,2026-01-06,1590335.03,MODERADO,MODERADO,4,15.9,3,0.0,0.1874,0.5288,0.143,0.0,0.0,0.5288,0,RENDA_FIXA,1,11.04,CONSERVADOR,0.0,ISENTO,24.0,1
synth-cli-0049,cambio-0,2026-05-12,1590335.03,MODERADO,MODERADO,4,15.9,3,0.0,0.1874,0.5288,0.143,0.0,0.0,0.5288,0,CAMBIO,4,11.55,ARROJADO,1.87,TRIBUTADO,1.0,0
synth-cli-0049,rf-isento-2,2026-04-06,1590335.03,MODERADO,MODERADO,4,15.9,3,0.0,0.1874,0.5288,0.143,0.0,0.0,0.5288,0,RENDA_FIXA,1,11.97,CONSERVADOR,0.0,ISENTO,24.0,1
synth-cli-0049,rv-bpac11,2026-03-17,1590335.03,MODERADO,MODERADO,4,15.9,3,0.0,0.1874,0.5288,0.143,0.0,0.0,0.5288,0,RENDA_VARIAVEL,4,19.32,ARROJADO,0.0,ISENTO,0.067,0
synth-cli-0049,rf-cdb-2,2026-03-19,1590335.03,MODERADO,MODERADO,4,15.9,3,0.0,0.1874,0.5288,0.143,0.0,0.0,0.5288,0,RENDA_FIXA,1,13.08,CONSERVADOR,0.0,TRIBUTADO,0.101,1
synth-cli-0049,rf-cdb-3,2026-05-21,1590335.03,MODERADO,MODERADO,4,15.9,3,0.0,0.1874,0.5288,0.143,0.0,0.0,0.5288,0,RENDA_FIXA,1,13.62,CONSERVADOR,0.0,TRIBUTADO,0.042,1
synth-cli-0049,coe-0,2026-02-07,1590335.03,MODERADO,MODERADO,4,15.9,3,0.0,0.1874,0.5288,0.143,0.0,0.0,0.5288,0,ESTRUTURADOS,5,19.22,ARROJADO,0.0,TRIBUTADO,36.0,0
synth-cli-0049,fundo-mm-3,2026-02-13,1590335.03,MODERADO,MODERADO,4,15.9,3,0.0,0.1874,0.5288,0.143,0.0,0.0,0.5288,0,FUNDOS,4,16.33,ARROJADO,1.5,TRIBUTADO,1.093,0
synth-cli-0049,rf-cdb-4,2026-02-27,1590335.03,MODERADO,MODERADO,4,15.9,3,0.0,0.1874,0.5288,0.143,0.0,0.0,0.5288,0,RENDA_FIXA,1,11.98,CONSERVADOR,0.0,TRIBUTADO,0.036,1
synth-cli-0049,prev-1,2026-05-03,1590335.03,MODERADO,MODERADO,4,15.9,3,0.0,0.1874,0.5288,0.143,0.0,0.0,0.5288,0,PREVIDENCIA,3,10.58,MODERADO,0.86,INCENTIVADO,0.167,1
synth-cli-0050,prev-0,2026-03-26,4023450.8,ARROJADO,ARROJADO,9,33.1,5,0.0,0.3966,0.1982,0.0548,0.0757,0.0655,0.3966,0,PREVIDENCIA,2,10.09,CONSERVADOR,0.96,INCENTIVADO,0.167,0
synth-cli-0050,rf-cdb-2,2026-03-13,4023450.8,ARROJADO,ARROJADO,9,33.1,5,0.0,0.3966,0.1982,0.0548,0.0757,0.0655,0.3966,0,RENDA_FIXA,1,13.08,CONSERVADOR,0.0,TRIBUTADO,0.101,1
synth-cli-0050,rf-isento-1,2026-01-12,4023450.8,ARROJADO,ARROJADO,9,33.1,5,0.0,0.3966,0.1982,0.0548,0.0757,0.0655,0.3966,0,RENDA_FIXA,1,11.3,CONSERVADOR,0.0,ISENTO,24.0,1
synth-cli-0050,fundo-mm-3,2026-03-27,4023450.8,ARROJADO,ARROJADO,9,33.1,5,0.0,0.3966,0.1982,0.0548,0.0757,0.0655,0.3966,0,FUNDOS,4,16.33,ARROJADO,1.5,TRIBUTADO,1.093,0
synth-cli-0050,firf-0,2026-03-08,4023450.8,ARROJADO,ARROJADO,9,33.1,5,0.0,0.3966,0.1982,0.0548,0.0757,0.0655,0.3966,0,FUNDOS,2,12.61,CONSERVADOR,0.86,TRIBUTADO,1.0,1
synth-cli-0050,fundo-mm-0,2026-01-12,4023450.8,ARROJADO,ARROJADO,9,33.1,5,0.0,0.3966,0.1982,0.0548,0.0757,0.0655,0.3966,0,FUNDOS,3,14.68,MODERADO,1.33,TRIBUTADO,1.589,1
synth-cli-0050,rf-pub-2,2026-03-09,4023450.8,ARROJADO,ARROJADO,9,33.1,5,0.0,0.3966,0.1982,0.0548,0.0757,0.0655,0.3966,0,RENDA_FIXA,3,13.26,MODERADO,0.0,INCENTIVADO,36.0,1
synth-cli-0050,firf-2,2026-03-07,4023450.8,ARROJADO,ARROJADO,9,33.1,5,0.0,0.3966,0.1982,0.0548,0.0757,0.0655,0.3966,0,FUNDOS,2,11.76,CONSERVADOR,0.78,TRIBUTADO,1.0,1
synth-cli-0050,rf-cdb-1,2026-05-09,4023450.8,ARROJADO,ARROJADO,9,33.1,5,0.0,0.3966,0.1982,0.0548,0.0757,0.0655,0.3966,0,RENDA_FIXA,1,11.46,CONSERVADOR,0.0,TRIBUTADO,0.056,0
synth-cli-0050,coe-0,2026-03-10,4023450.8,ARROJADO,ARROJADO,9,33.1,5,0.0,0.3966,0.1982,0.0548,0.0757,0.0655,0.3966,0,ESTRUTURADOS,5,19.22,ARROJADO,0.0,TRIBUTADO,36.0,0
synth-cli-0050,prev-2,2026-04-13,4023450.8,ARROJADO,ARROJADO,9,33.1,5,0.0,0.3966,0.1982,0.0548,0.0757,0.0655,0.3966,0,PREVIDENCIA,2,10.47,MODERADO,0.87,INCENTIVADO,0.167,0
synth-cli-0050,rv-bpac11,2026-05-25,4023450.8,ARROJADO,ARROJADO,9,33.1,5,0.0,0.3966,0.1982,0.0548,0.0757,0.0655,0.3966,0,RENDA_VARIAVEL,4,19.32,ARROJADO,0.0,ISENTO,0.067,1
synth-cli-0051,coe-0,2026-04-11,2958692.69,MODERADO,ARROJADO,8,10.4,1,0.0,0.6216,0.0,0.0,0.0,0.0,0.6216,0,ESTRUTURADOS,5,19.22,ARROJADO,0.0,TRIBUTADO,36.0,0
synth-cli-0051,fundo-mm-1,2026-03-28,2958692.69,MODERADO,ARROJADO,8,10.4,1,0.0,0.6216,0.0,0.0,0.0,0.0,0.6216,0,FUNDOS,4,15.74,ARROJADO,1.01,TRIBUTADO,1.806,0
synth-cli-0051,rf-pub-2,2026-04-07,2958692.69,MODERADO,ARROJADO,8,10.4,1,0.0,0.6216,0.0,0.0,0.0,0.0,0.6216,0,RENDA_FIXA,3,13.26,MODERADO,0.0,INCENTIVADO,36.0,0
synth-cli-0051,coe-1,2026-05-01,2958692.69,MODERADO,ARROJADO,8,10.4,1,0.0,0.6216,0.0,0.0,0.0,0.0,0.6216,0,ESTRUTURADOS,5,22.09,ARROJADO,0.0,TRIBUTADO,36.0,0
synth-cli-0051,rv-knri11,2026-05-28,2958692.69,MODERADO,ARROJADO,8,10.4,1,0.0,0.6216,0.0,0.0,0.0,0.0,0.6216,1,RENDA_VARIAVEL,3,11.32,MODERADO,0.0,ISENTO,0.067,0
synth-cli-0051,prev-2,2026-01-16,2958692.69,MODERADO,ARROJADO,8,10.4,1,0.0,0.6216,0.0,0.0,0.0,0.0,0.6216,0,PREVIDENCIA,2,10.47,MODERADO,0.87,INCENTIVADO,0.167,1
synth-cli-0051,rf-pub-1,2026-03-11,2958692.69,MODERADO,ARROJADO,8,10.4,1,0.0,0.6216,0.0,0.0,0.0,0.0,0.6216,0,RENDA_FIXA,3,12.55,MODERADO,0.0,INCENTIVADO,36.0,0
synth-cli-0051,fundo-mm-4,2026-04-22,2958692.69,MODERADO,ARROJADO,8,10.4,1,0.0,0.6216,0.0,0.0,0.0,0.0,0.6216,0,FUNDOS,3,12.89,MODERADO,2.27,TRIBUTADO,1.604,0
synth-cli-0051,cambio-1,2026-05-10,2958692.69,MODERADO,ARROJADO,8,10.4,1,0.0,0.6216,0.0,0.0,0.0,0.0,0.6216,0,CAMBIO,4,10.47,ARROJADO,1.77,TRIBUTADO,1.0,0
synth-cli-0051,firf-0,2026-02-05,2958692.69,MODERADO,ARROJADO,8,10.4,1,0.0,0.6216,0.0,0.0,0.0,0.0,0.6216,0,FUNDOS,2,12.61,CONSERVADOR,0.86,TRIBUTADO,1.0,0
synth-cli-0051,firf-2,2026-03-19,2958692.69,MODERADO,ARROJADO,8,10.4,1,0.0,0.6216,0.0,0.0,0.0,0.0,0.6216,0,FUNDOS,2,11.76,CONSERVADOR,0.78,TRIBUTADO,1.0,0
synth-cli-0051,firf-1,2026-04-13,2958692.69,MODERADO,ARROJADO,8,10.4,1,0.0,0.6216,0.0,0.0,0.0,0.0,0.6216,0,FUNDOS,2,12.07,CONSERVADOR,0.99,TRIBUTADO,1.0,0
synth-cli-0052,cambio-1,2026-05-06,2666129.56,AGRESSIVO,ARROJADO,20,54.4,2,0.459,0.0,0.0,0.0,0.4581,0.0,0.459,0,CAMBIO,4,10.47,ARROJADO,1.77,TRIBUTADO,1.0,1
synth-cli-0052,fundo-mm-1,2026-02-07,2666129.56,AGRESSIVO,ARROJADO,20,54.4,2,0.459,0.0,0.0,0.0,0.4581,0.0,0.459,0,FUNDOS,4,15.74,ARROJADO,1.01,TRIBUTADO,1.806,1
synth-cli-0052,rf-cdb-2,2026-04-10,2666129.56,AGRESSIVO,ARROJADO,20,54.4,2,0.459,0.0,0.0,0.0,0.4581,0.0,0.459,0,RENDA_FIXA,1,13.08,CONSERVADOR,0.0,TRIBUTADO,0.101,1
synth-cli-0052,firf-1,2026-04-02,2666129.56,AGRESSIVO,ARROJADO,20,54.4,2,0.459,0.0,0.0,0.0,0.4581,0.0,0.459,0,FUNDOS,2,12.07,CONSERVADOR,0.99,TRIBUTADO,1.0,1
synth-cli-0052,cambio-0,2026-01-06,2666129.56,AGRESSIVO,ARROJADO,20,54.4,2,0.459,0.0,0.0,0.0,0.4581,0.0,0.459,0,CAMBIO,4,11.55,ARROJADO,1.87,TRIBUTADO,1.0,1
synth-cli-0052,rf-pub-1,2026-01-05,2666129.56,AGRESSIVO,ARROJADO,20,54.4,2,0.459,0.0,0.0,0.0,0.4581,0.0,0.459,0,RENDA_FIXA,3,12.55,MODERADO,0.0,INCENTIVADO,36.0,1
synth-cli-0052,fundo-mm-4,2026-04-24,2666129.56,AGRESSIVO,ARROJADO,20,54.4,2,0.459,0.0,0.0,0.0,0.4581,0.0,0.459,0,FUNDOS,3,12.89,MODERADO,2.27,TRIBUTADO,1.604,1
synth-cli-0052,rf-cdb-3,2026-02-05,2666129.56,AGRESSIVO,ARROJADO,20,54.4,2,0.459,0.0,0.0,0.0,0.4581,0.0,0.459,1,RENDA_FIXA,1,13.62,CONSERVADOR,0.0,TRIBUTADO,0.042,0
synth-cli-0052,rf-isento-2,2026-03-14,2666129.56,AGRESSIVO,ARROJADO,20,54.4,2,0.459,0.0,0.0,0.0,0.4581,0.0,0.459,1,RENDA_FIXA,1,11.97,CONSERVADOR,0.0,ISENTO,24.0,0
synth-cli-0052,firf-2,2026-05-10,2666129.56,AGRESSIVO,ARROJADO,20,54.4,2,0.459,0.0,0.0,0.0,0.4581,0.0,0.459,0,FUNDOS,2,11.76,CONSERVADOR,0.78,TRIBUTADO,1.0,1
synth-cli-0052,fundo-mm-3,2026-05-23,2666129.56,AGRESSIVO,ARROJADO,20,54.4,2,0.459,0.0,0.0,0.0,0.4581,0.0,0.459,0,FUNDOS,4,16.33,ARROJADO,1.5,TRIBUTADO,1.093,1
synth-cli-0052,rf-isento-1,2026-02-15,2666129.56,AGRESSIVO,ARROJADO,20,54.4,2,0.459,0.0,0.0,0.0,0.4581,0.0,0.459,0,RENDA_FIXA,1,11.3,CONSERVADOR,0.0,ISENTO,24.0,1
synth-cli-0052,coe-1,2026-04-20,2666129.56,AGRESSIVO,ARROJADO,20,54.4,2,0.459,0.0,0.0,0.0,0.4581,0.0,0.459,0,ESTRUTURADOS,5,22.09,ARROJADO,0.0,TRIBUTADO,36.0,1
synth-cli-0052,rf-pub-0,2026-04-15,2666129.56,AGRESSIVO,ARROJADO,20,54.4,2,0.459,0.0,0.0,0.0,0.4581,0.0,0.459,0,RENDA_FIXA,1,6.5,CONSERVADOR,0.0,TRIBUTADO,0.033,0
synth-cli-0053,firf-2,2026-02-23,769804.82,MODERADO,MODERADO,5,13.1,4,0.2742,0.0954,0.2733,0.0951,0.0,0.0,0.2742,0,FUNDOS,2,11.76,CONSERVADOR,0.78,TRIBUTADO,1.0,0
synth-cli-0053,rf-cdb-1,2026-02-28,769804.82,MODERADO,MODERADO,5,13.1,4,0.2742,0.0954,0.2733,0.0951,0.0,0.0,0.2742,0,RENDA_FIXA,1,11.46,CONSERVADOR,0.0,TRIBUTADO,0.056,0
synth-cli-0053,rv-knri11,2026-05-10,769804.82,MODERADO,MODERADO,5,13.1,4,0.2742,0.0954,0.2733,0.0951,0.0,0.0,0.2742,0,RENDA_VARIAVEL,3,11.32,MODERADO,0.0,ISENTO,0.067,0
synth-cli-0053,rf-cdb-2,2026-01-23,769804.82,MODERADO,MODERADO,5,13.1,4,0.2742,0.0954,0.2733,0.0951,0.0,0.0,0.2742,1,RENDA_FIXA,1,13.08,CONSERVADOR,0.0,TRIBUTADO,0.101,0
synth-cli-0053,rf-isento-1,2026-04-25,769804.82,MODERADO,MODERADO,5,13.1,4,0.2742,0.0954,0.2733,0.0951,0.0,0.0,0.2742,0,RENDA_FIXA,1,11.3,CONSERVADOR,0.0,ISENTO,24.0,0
synth-cli-0053,rv-ivvb11,2026-03-03,769804.82,MODERADO,MODERADO,5,13.1,4,0.2742,0.0954,0.2733,0.0951,0.0,0.0,0.2742,0,RENDA_VARIAVEL,4,17.47,ARROJADO,0.0,ISENTO,0.067,0
synth-cli-0053,fundo-mm-3,2026-05-25,769804.82,MODERADO,MODERADO,5,13.1,4,0.2742,0.0954,0.2733,0.0951,0.0,0.0,0.2742,0,FUNDOS,4,16.33,ARROJADO,1.5,TRIBUTADO,1.093,0
synth-cli-0053,fundo-mm-0,2026-04-15,769804.82,MODERADO,MODERADO,5,13.1,4,0.2742,0.0954,0.2733,0.0951,0.0,0.0,0.2742,0,FUNDOS,3,14.68,MODERADO,1.33,TRIBUTADO,1.589,0
synth-cli-0053,rv-btlg11,2026-02-17,769804.82,MODERADO,MODERADO,5,13.1,4,0.2742,0.0954,0.2733,0.0951,0.0,0.0,0.2742,0,RENDA_VARIAVEL,3,11.31,MODERADO,0.0,ISENTO,0.067,0
synth-cli-0053,prev-2,2026-01-03,769804.82,MODERADO,MODERADO,5,13.1,4,0.2742,0.0954,0.2733,0.0951,0.0,0.0,0.2742,0,PREVIDENCIA,2,10.47,MODERADO,0.87,INCENTIVADO,0.167,1
synth-cli-0053,fundo-mm-1,2026-04-13,769804.82,MODERADO,MODERADO,5,13.1,4,0.2742,0.0954,0.2733,0.0951,0.0,0.0,0.2742,0,FUNDOS,4,15.74,ARROJADO,1.01,TRIBUTADO,1.806,0
synth-cli-0053,rv-bpac11,2026-04-28,769804.82,MODERADO,MODERADO,5,13.1,4,0.2742,0.0954,0.2733,0.0951,0.0,0.0,0.2742,0,RENDA_VARIAVEL,4,19.32,ARROJADO,0.0,ISENTO,0.067,0
synth-cli-0053,rf-pub-0,2026-02-11,769804.82,MODERADO,MODERADO,5,13.1,4,0.2742,0.0954,0.2733,0.0951,0.0,0.0,0.2742,0,RENDA_FIXA,1,6.5,CONSERVADOR,0.0,TRIBUTADO,0.033,1
synth-cli-0053,fundo-mm-2,2026-04-16,769804.82,MODERADO,MODERADO,5,13.1,4,0.2742,0.0954,0.2733,0.0951,0.0,0.0,0.2742,0,FUNDOS,3,15.29,MODERADO,1.51,TRIBUTADO,1.155,0
synth-cli-0053,rf-pub-2,2026-01-18,769804.82,MODERADO,MODERADO,5,13.1,4,0.2742,0.0954,0.2733,0.0951,0.0,0.0,0.2742,0,RENDA_FIXA,3,13.26,MODERADO,0.0,INCENTIVADO,36.0,0
synth-cli-0053,cambio-1,2026-04-05,769804.82,MODERADO,MODERADO,5,13.1,4,0.2742,0.0954,0.2733,0.0951,0.0,0.0,0.2742,0,CAMBIO,4,10.47,ARROJADO,1.77,TRIBUTADO,1.0,0
synth-cli-0053,prev-0,2026-03-27,769804.82,MODERADO,MODERADO,5,13.1,4,0.2742,0.0954,0.2733,0.0951,0.0,0.0,0.2742,0,PREVIDENCIA,2,10.09,CONSERVADOR,0.96,INCENTIVADO,0.167,1
synth-cli-0053,rv-itsa4,2026-01-20,769804.82,MODERADO,MODERADO,5,13.1,4,0.2742,0.0954,0.2733,0.0951,0.0,0.0,0.2742,0,RENDA_VARIAVEL,4,15.45,ARROJADO,0.0,TRIBUTADO,0.067,0
synth-cli-0053,coe-1,2026-03-04,769804.82,MODERADO,MODERADO,5,13.1,4,0.2742,0.0954,0.2733,0.0951,0.0,0.0,0.2742,0,ESTRUTURADOS,5,22.09,ARROJADO,0.0,TRIBUTADO,36.0,0
synth-cli-0053,rf-pub-1,2026-04-06,769804.82,MODERADO,MODERADO,5,13.1,4,0.2742,0.0954,0.2733,0.0951,0.0,0.0,0.2742,0,RENDA_FIXA,3,12.55,MODERADO,0.0,INCENTIVADO,36.0,0
synth-cli-0053,firf-0,2026-02-15,769804.82,MODERADO,MODERADO,5,13.1,4,0.2742,0.0954,0.2733,0.0951,0.0,0.0,0.2742,0,FUNDOS,2,12.61,CONSERVADOR,0.86,TRIBUTADO,1.0,0
synth-cli-0053,prev-1,2026-02-23,769804.82,MODERADO,MODERADO,5,13.1,4,0.2742,0.0954,0.2733,0.0951,0.0,0.0,0.2742,0,PREVIDENCIA,3,10.58,MODERADO,0.86,INCENTIVADO,0.167,0
synth-cli-0054,coe-1,2026-01-13,598207.47,ARROJADO,ARROJADO,12,35.4,2,0.4347,0.3366,0.0,0.0,0.0,0.0,0.4347,0,ESTRUTURADOS,5,22.09,ARROJADO,0.0,TRIBUTADO,36.0,1
synth-cli-0054,rv-itsa4,2026-01-25,598207.47,ARROJADO,ARROJADO,12,35.4,2,0.4347,0.3366,0.0,0.0,0.0,0.0,0.4347,0,RENDA_VARIAVEL,4,15.45,ARROJADO,0.0,TRIBUTADO,0.067,0
synth-cli-0054,firf-1,2026-02-08,598207.47,ARROJADO,ARROJADO,12,35.4,2,0.4347,0.3366,0.0,0.0,0.0,0.0,0.4347,0,FUNDOS,2,12.07,CONSERVADOR,0.99,TRIBUTADO,1.0,1
synth-cli-0054,rf-pub-1,2026-04-01,598207.47,ARROJADO,ARROJADO,12,35.4,2,0.4347,0.3366,0.0,0.0,0.0,0.0,0.4347,0,RENDA_FIXA,3,12.55,MODERADO,0.0,INCENTIVADO,36.0,1
synth-cli-0054,fundo-mm-3,2026-03-27,598207.47,ARROJADO,ARROJADO,12,35.4,2,0.4347,0.3366,0.0,0.0,0.0,0.0,0.4347,0,FUNDOS,4,16.33,ARROJADO,1.5,TRIBUTADO,1.093,0
synth-cli-0054,rv-btlg11,2026-01-08,598207.47,ARROJADO,ARROJADO,12,35.4,2,0.4347,0.3366,0.0,0.0,0.0,0.0,0.4347,0,RENDA_VARIAVEL,3,11.31,MODERADO,0.0,ISENTO,0.067,0
synth-cli-0054,rf-cdb-1,2026-01-26,598207.47,ARROJADO,ARROJADO,12,35.4,2,0.4347,0.3366,0.0,0.0,0.0,0.0,0.4347,1,RENDA_FIXA,1,11.46,CONSERVADOR,0.0,TRIBUTADO,0.056,1
synth-cli-0054,rv-ivvb11,2026-01-14,598207.47,ARROJADO,ARROJADO,12,35.4,2,0.4347,0.3366,0.0,0.0,0.0,0.0,0.4347,0,RENDA_VARIAVEL,4,17.47,ARROJADO,0.0,ISENTO,0.067,1
synth-cli-0054,firf-0,2026-03-11,598207.47,ARROJADO,ARROJADO,12,35.4,2,0.4347,0.3366,0.0,0.0,0.0,0.0,0.4347,0,FUNDOS,2,12.61,CONSERVADOR,0.86,TRIBUTADO,1.0,0
synth-cli-0055,rv-ivvb11,2026-05-12,1642909.66,CONSERVADOR,CONSERVADOR,4,5.6,3,0.3268,0.0,0.111,0.3371,0.0,0.0,0.3371,0,RENDA_VARIAVEL,4,17.47,ARROJADO,0.0,ISENTO,0.067,0
synth-cli-0055,rf-pub-1,2026-02-14,1642909.66,CONSERVADOR,CONSERVADOR,4,5.6,3,0.3268,0.0,0.111,0.3371,0.0,0.0,0.3371,0,RENDA_FIXA,3,12.55,MODERADO,0.0,INCENTIVADO,36.0,0
synth-cli-0055,rv-bpac11,2026-05-16,1642909.66,CONSERVADOR,CONSERVADOR,4,5.6,3,0.3268,0.0,0.111,0.3371,0.0,0.0,0.3371,0,RENDA_VARIAVEL,4,19.32,ARROJADO,0.0,ISENTO,0.067,0
synth-cli-0055,cambio-0,2026-01-23,1642909.66,CONSERVADOR,CONSERVADOR,4,5.6,3,0.3268,0.0,0.111,0.3371,0.0,0.0,0.3371,0,CAMBIO,4,11.55,ARROJADO,1.87,TRIBUTADO,1.0,1
synth-cli-0055,firf-1,2026-05-06,1642909.66,CONSERVADOR,CONSERVADOR,4,5.6,3,0.3268,0.0,0.111,0.3371,0.0,0.0,0.3371,0,FUNDOS,2,12.07,CONSERVADOR,0.99,TRIBUTADO,1.0,0
synth-cli-0055,fundo-mm-1,2026-01-20,1642909.66,CONSERVADOR,CONSERVADOR,4,5.6,3,0.3268,0.0,0.111,0.3371,0.0,0.0,0.3371,0,FUNDOS,4,15.74,ARROJADO,1.01,TRIBUTADO,1.806,0
synth-cli-0055,fundo-mm-2,2026-04-22,1642909.66,CONSERVADOR,CONSERVADOR,4,5.6,3,0.3268,0.0,0.111,0.3371,0.0,0.0,0.3371,0,FUNDOS,3,15.29,MODERADO,1.51,TRIBUTADO,1.155,0
synth-cli-0055,rf-cdb-3,2026-02-11,1642909.66,CONSERVADOR,CONSERVADOR,4,5.6,3,0.3268,0.0,0.111,0.3371,0.0,0.0,0.3371,0,RENDA_FIXA,1,13.62,CONSERVADOR,0.0,TRIBUTADO,0.042,0
synth-cli-0055,rf-pub-2,2026-03-28,1642909.66,CONSERVADOR,CONSERVADOR,4,5.6,3,0.3268,0.0,0.111,0.3371,0.0,0.0,0.3371,0,RENDA_FIXA,3,13.26,MODERADO,0.0,INCENTIVADO,36.0,0
synth-cli-0055,coe-0,2026-01-11,1642909.66,CONSERVADOR,CONSERVADOR,4,5.6,3,0.3268,0.0,0.111,0.3371,0.0,0.0,0.3371,0,ESTRUTURADOS,5,19.22,ARROJADO,0.0,TRIBUTADO,36.0,0
synth-cli-0055,rv-knri11,2026-05-15,1642909.66,CONSERVADOR,CONSERVADOR,4,5.6,3,0.3268,0.0,0.111,0.3371,0.0,0.0,0.3371,0,RENDA_VARIAVEL,3,11.32,MODERADO,0.0,ISENTO,0.067,0
synth-cli-0055,fundo-mm-0,2026-02-17,1642909.66,CONSERVADOR,CONSERVADOR,4,5.6,3,0.3268,0.0,0.111,0.3371,0.0,0.0,0.3371,0,FUNDOS,3,14.68,MODERADO,1.33,TRIBUTADO,1.589,0
synth-cli-0055,rf-isento-2,2026-01-08,1642909.66,CONSERVADOR,CONSERVADOR,4,5.6,3,0.3268,0.0,0.111,0.3371,0.0,0.0,0.3371,0,RENDA_FIXA,1,11.97,CONSERVADOR,0.0,ISENTO,24.0,0
synth-cli-0055,rf-pub-0,2026-02-24,1642909.66,CONSERVADOR,CONSERVADOR,4,5.6,3,0.3268,0.0,0.111,0.3371,0.0,0.0,0.3371,0,RENDA_FIXA,1,6.5,CONSERVADOR,0.0,TRIBUTADO,0.033,1
synth-cli-0055,rf-cdb-0,2026-02-20,1642909.66,CONSERVADOR,CONSERVADOR,4,5.6,3,0.3268,0.0,0.111,0.3371,0.0,0.0,0.3371,0,RENDA_FIXA,1,12.74,CONSERVADOR,0.0,TRIBUTADO,0.036,1
synth-cli-0055,prev-1,2026-02-12,1642909.66,CONSERVADOR,CONSERVADOR,4,5.6,3,0.3268,0.0,0.111,0.3371,0.0,0.0,0.3371,0,PREVIDENCIA,3,10.58,MODERADO,0.86,INCENTIVADO,0.167,0
synth-cli-0055,firf-2,2026-02-05,1642909.66,CONSERVADOR,CONSERVADOR,4,5.6,3,0.3268,0.0,0.111,0.3371,0.0,0.0,0.3371,0,FUNDOS,2,11.76,CONSERVADOR,0.78,TRIBUTADO,1.0,0
synth-cli-0055,prev-2,2026-01-08,1642909.66,CONSERVADOR,CONSERVADOR,4,5.6,3,0.3268,0.0,0.111,0.3371,0.0,0.0,0.3371,0,PREVIDENCIA,2,10.47,MODERADO,0.87,INCENTIVADO,0.167,0
synth-cli-0055,firf-0,2026-05-15,1642909.66,CONSERVADOR,CONSERVADOR,4,5.6,3,0.3268,0.0,0.111,0.3371,0.0,0.0,0.3371,0,FUNDOS,2,12.61,CONSERVADOR,0.86,TRIBUTADO,1.0,0
synth-cli-0055,rv-itsa4,2026-03-05,1642909.66,CONSERVADOR,CONSERVADOR,4,5.6,3,0.3268,0.0,0.111,0.3371,0.0,0.0,0.3371,0,RENDA_VARIAVEL,4,15.45,ARROJADO,0.0,TRIBUTADO,0.067,0
synth-cli-0055,cambio-1,2026-01-17,1642909.66,CONSERVADOR,CONSERVADOR,4,5.6,3,0.3268,0.0,0.111,0.3371,0.0,0.0,0.3371,0,CAMBIO,4,10.47,ARROJADO,1.77,TRIBUTADO,1.0,0
synth-cli-0055,rv-btlg11,2026-04-21,1642909.66,CONSERVADOR,CONSERVADOR,4,5.6,3,0.3268,0.0,0.111,0.3371,0.0,0.0,0.3371,0,RENDA_VARIAVEL,3,11.31,MODERADO,0.0,ISENTO,0.067,0
synth-cli-0055,fundo-mm-3,2026-01-08,1642909.66,CONSERVADOR,CONSERVADOR,4,5.6,3,0.3268,0.0,0.111,0.3371,0.0,0.0,0.3371,0,FUNDOS,4,16.33,ARROJADO,1.5,TRIBUTADO,1.093,0
synth-cli-0055,rf-cdb-1,2026-05-02,1642909.66,CONSERVADOR,CONSERVADOR,4,5.6,3,0.3268,0.0,0.111,0.3371,0.0,0.0,0.3371,0,RENDA_FIXA,1,11.46,CONSERVADOR,0.0,TRIBUTADO,0.056,1
synth-cli-0055,prev-0,2026-02-26,1642909.66,CONSERVADOR,CONSERVADOR,4,5.6,3,0.3268,0.0,0.111,0.3371,0.0,0.0,0.3371,1,PREVIDENCIA,2,10.09,CONSERVADOR,0.96,INCENTIVADO,0.167,0
synth-cli-0056,rv-bpac11,2026-02-03,2045556.65,AGRESSIVO,AGRESSIVO,12,37.8,6,0.1449,0.2914,0.2139,0.0424,0.208,0.0512,0.2914,0,RENDA_VARIAVEL,4,19.32,ARROJADO,0.0,ISENTO,0.067,0
synth-cli-0056,coe-0,2026-02-08,2045556.65,AGRESSIVO,AGRESSIVO,12,37.8,6,0.1449,0.2914,0.2139,0.0424,0.208,0.0512,0.2914,0,ESTRUTURADOS,5,19.22,ARROJADO,0.0,TRIBUTADO,36.0,0
synth-cli-0056,fundo-mm-1,2026-04-24,2045556.65,AGRESSIVO,AGRESSIVO,12,37.8,6,0.1449,0.2914,0.2139,0.0424,0.208,0.0512,0.2914,0,FUNDOS,4,15.74,ARROJADO,1.01,TRIBUTADO,1.806,1
synth-cli-0056,firf-0,2026-04-06,2045556.65,AGRESSIVO,AGRESSIVO,12,37.8,6,0.1449,0.2914,0.2139,0.0424,0.208,0.0512,0.2914,0,FUNDOS,2,12.61,CONSERVADOR,0.86,TRIBUTADO,1.0,1
synth-cli-0056,rf-isento-2,2026-03-10,2045556.65,AGRESSIVO,AGRESSIVO,12,37.8,6,0.1449,0.2914,0.2139,0.0424,0.208,0.0512,0.2914,0,RENDA_FIXA,1,11.97,CONSERVADOR,0.0,ISENTO,24.0,0
synth-cli-0056,rf-pub-0,2026-04-03,2045556.65,AGRESSIVO,AGRESSIVO,12,37.8,6,0.1449,0.2914,0.2139,0.0424,0.208,0.0512,0.2914,0,RENDA_FIXA,1,6.5,CONSERVADOR,0.0,TRIBUTADO,0.033,0
synth-cli-0056,fundo-mm-3,2026-03-13,2045556.65,AGRESSIVO,AGRESSIVO,12,37.8,6,0.1449,0.2914,0.2139,0.0424,0.208,0.0512,0.2914,0,FUNDOS,4,16.33,ARROJADO,1.5,TRIBUTADO,1.093,0
synth-cli-0056,rv-ivvb11,2026-05-24,2045556.65,AGRESSIVO,AGRESSIVO,12,37.8,6,0.1449,0.2914,0.2139,0.0424,0.208,0.0512,0.2914,0,RENDA_VARIAVEL,4,17.47,ARROJADO,0.0,ISENTO,0.067,1
synth-cli-0056,rf-cdb-0,2026-02-27,2045556.65,AGRESSIVO,AGRESSIVO,12,37.8,6,0.1449,0.2914,0.2139,0.0424,0.208,0.0512,0.2914,0,RENDA_FIXA,1,12.74,CONSERVADOR,0.0,TRIBUTADO,0.036,0
synth-cli-0056,rf-cdb-2,2026-04-28,2045556.65,AGRESSIVO,AGRESSIVO,12,37.8,6,0.1449,0.2914,0.2139,0.0424,0.208,0.0512,0.2914,0,RENDA_FIXA,1,13.08,CONSERVADOR,0.0,TRIBUTADO,0.101,0
synth-cli-0056,fundo-mm-4,2026-03-20,2045556.65,AGRESSIVO,AGRESSIVO,12,37.8,6,0.1449,0.2914,0.2139,0.0424,0.208,0.0512,0.2914,0,FUNDOS,3,12.89,MODERADO,2.27,TRIBUTADO,1.604,1
synth-cli-0056,rv-itsa4,2026-04-15,2045556.65,AGRESSIVO,AGRESSIVO,12,37.8,6,0.1449,0.2914,0.2139,0.0424,0.208,0.0512,0.2914,1,RENDA_VARIAVEL,4,15.45,ARROJADO,0.0,TRIBUTADO,0.067,1
synth-cli-0056,rf-pub-1,2026-03-13,2045556.65,AGRESSIVO,AGRESSIVO,12,37.8,6,0.1449,0.2914,0.2139,0.0424,0.208,0.0512,0.2914,0,RENDA_FIXA,3,12.55,MODERADO,0.0,INCENTIVADO,36.0,1
synth-cli-0056,rf-cdb-1,2026-04-07,2045556.65,AGRESSIVO,AGRESSIVO,12,37.8,6,0.1449,0.2914,0.2139,0.0424,0.208,0.0512,0.2914,0,RENDA_FIXA,1,11.46,CONSERVADOR,0.0,TRIBUTADO,0.056,0
synth-cli-0056,rf-cdb-4,2026-02-01,2045556.65,AGRESSIVO,AGRESSIVO,12,37.8,6,0.1449,0.2914,0.2139,0.0424,0.208,0.0512,0.2914,0,RENDA_FIXA,1,11.98,CONSERVADOR,0.0,TRIBUTADO,0.036,1
synth-cli-0057,coe-0,2026-04-10,3758273.99,ARROJADO,ARROJADO,6,38.8,3,0.0,0.0,0.59,0.1168,0.0,0.1801,0.59,0,ESTRUTURADOS,5,19.22,ARROJADO,0.0,TRIBUTADO,36.0,1
synth-cli-0057,firf-0,2026-05-03,3758273.99,ARROJADO,ARROJADO,6,38.8,3,0.0,0.0,0.59,0.1168,0.0,0.1801,0.59,0,FUNDOS,2,12.61,CONSERVADOR,0.86,TRIBUTADO,1.0,0
synth-cli-0057,rv-knri11,2026-04-19,3758273.99,ARROJADO,ARROJADO,6,38.8,3,0.0,0.0,0.59,0.1168,0.0,0.1801,0.59,0,RENDA_VARIAVEL,3,11.32,MODERADO,0.0,ISENTO,0.067,0
synth-cli-0057,coe-1,2026-04-09,3758273.99,ARROJADO,ARROJADO,6,38.8,3,0.0,0.0,0.59,0.1168,0.0,0.1801,0.59,0,ESTRUTURADOS,5,22.09,ARROJADO,0.0,TRIBUTADO,36.0,1
synth-cli-0057,fundo-mm-0,2026-04-21,3758273.99,ARROJADO,ARROJADO,6,38.8,3,0.0,0.0,0.59,0.1168,0.0,0.1801,0.59,0,FUNDOS,3,14.68,MODERADO,1.33,TRIBUTADO,1.589,1
synth-cli-0057,fundo-mm-4,2026-01-21,3758273.99,ARROJADO,ARROJADO,6,38.8,3,0.0,0.0,0.59,0.1168,0.0,0.1801,0.59,0,FUNDOS,3,12.89,MODERADO,2.27,TRIBUTADO,1.604,0
synth-cli-0057,fundo-mm-1,2026-04-24,3758273.99,ARROJADO,ARROJADO,6,38.8,3,0.0,0.0,0.59,0.1168,0.0,0.1801,0.59,1,FUNDOS,4,15.74,ARROJADO,1.01,TRIBUTADO,1.806,0
synth-cli-0057,fundo-mm-2,2026-03-21,3758273.99,ARROJADO,ARROJADO,6,38.8,3,0.0,0.0,0.59,0.1168,0.0,0.1801,0.59,0,FUNDOS,3,15.29,MODERADO,1.51,TRIBUTADO,1.155,0
synth-cli-0058,rv-btlg11,2026-02-20,3365215.17,MODERADO,CONSERVADOR,8,11.9,2,0.445,0.0,0.0,0.242,0.0,0.0,0.445,1,RENDA_VARIAVEL,3,11.31,MODERADO,0.0,ISENTO,0.067,0
synth-cli-0058,rv-itsa4,2026-02-01,3365215.17,MODERADO,CONSERVADOR,8,11.9,2,0.445,0.0,0.0,0.242,0.0,0.0,0.445,0,RENDA_VARIAVEL,4,15.45,ARROJADO,0.0,TRIBUTADO,0.067,0
synth-cli-0058,rv-ivvb11,2026-01-21,3365215.17,MODERADO,CONSERVADOR,8,11.9,2,0.445,0.0,0.0,0.242,0.0,0.0,0.445,0,RENDA_VARIAVEL,4,17.47,ARROJADO,0.0,ISENTO,0.067,0
synth-cli-0058,rf-cdb-4,2026-04-13,3365215.17,MODERADO,CONSERVADOR,8,11.9,2,0.445,0.0,0.0,0.242,0.0,0.0,0.445,0,RENDA_FIXA,1,11.98,CONSERVADOR,0.0,TRIBUTADO,0.036,0
synth-cli-0058,rf-isento-0,2026-02-14,3365215.17,MODERADO,CONSERVADOR,8,11.9,2,0.445,0.0,0.0,0.242,0.0,0.0,0.445,0,RENDA_FIXA,1,11.04,CONSERVADOR,0.0,ISENTO,24.0,1
synth-cli-0058,rv-bpac11,2026-04-09,3365215.17,MODERADO,CONSERVADOR,8,11.9,2,0.445,0.0,0.0,0.242,0.0,0.0,0.445,0,RENDA_VARIAVEL,4,19.32,ARROJADO,0.0,ISENTO,0.067,0
synth-cli-0058,fundo-mm-3,2026-05-18,3365215.17,MODERADO,CONSERVADOR,8,11.9,2,0.445,0.0,0.0,0.242,0.0,0.0,0.445,0,FUNDOS,4,16.33,ARROJADO,1.5,TRIBUTADO,1.093,0
synth-cli-0058,cambio-0,2026-04-19,3365215.17,MODERADO,CONSERVADOR,8,11.9,2,0.445,0.0,0.0,0.242,0.0,0.0,0.445,0,CAMBIO,4,11.55,ARROJADO,1.87,TRIBUTADO,1.0,0
synth-cli-0059,rv-knri11,2026-01-03,5809361.57,ARROJADO,ARROJADO,11,36.3,5,0.1754,0.304,0.3873,0.0268,0.0,0.0722,0.3873,0,RENDA_VARIAVEL,3,11.32,MODERADO,0.0,ISENTO,0.067,0
synth-cli-0059,fundo-mm-2,2026-03-24,5809361.57,ARROJADO,ARROJADO,11,36.3,5,0.1754,0.304,0.3873,0.0268,0.0,0.0722,0.3873,0,FUNDOS,3,15.29,MODERADO,1.51,TRIBUTADO,1.155,1
synth-cli-0059,prev-0,2026-02-12,5809361.57,ARROJADO,ARROJADO,11,36.3,5,0.1754,0.304,0.3873,0.0268,0.0,0.0722,0.3873,0,PREVIDENCIA,2,10.09,CONSERVADOR,0.96,INCENTIVADO,0.167,0
synth-cli-0059,cambio-1,2026-05-04,5809361.57,ARROJADO,ARROJADO,11,36.3,5,0.1754,0.304,0.3873,0.0268,0.0,0.0722,0.3873,0,CAMBIO,4,10.47,ARROJADO,1.77,TRIBUTADO,1.0,0
synth-cli-0059,rf-cdb-2,2026-02-06,5809361.57,ARROJADO,ARROJADO,11,36.3,5,0.1754,0.304,0.3873,0.0268,0.0,0.0722,0.3873,0,RENDA_FIXA,1,13.08,CONSERVADOR,0.0,TRIBUTADO,0.101,1
synth-cli-0059,rf-cdb-3,2026-02-09,5809361.57,ARROJADO,ARROJADO,11,36.3,5,0.1754,0.304,0.3873,0.0268,0.0,0.0722,0.3873,0,RENDA_FIXA,1,13.62,CONSERVADOR,0.0,TRIBUTADO,0.042,0
synth-cli-0059,rv-ivvb11,2026-04-15,5809361.57,ARROJADO,ARROJADO,11,36.3,5,0.1754,0.304,0.3873,0.0268,0.0,0.0722,0.3873,0,RENDA_VARIAVEL,4,17.47,ARROJADO,0.0,ISENTO,0.067,0
synth-cli-0059,firf-2,2026-05-04,5809361.57,ARROJADO,ARROJADO,11,36.3,5,0.1754,0.304,0.3873,0.0268,0.0,0.0722,0.3873,1,FUNDOS,2,11.76,CONSERVADOR,0.78,TRIBUTADO,1.0,0
synth-cli-0059,fundo-mm-0,2026-04-04,5809361.57,ARROJADO,ARROJADO,11,36.3,5,0.1754,0.304,0.3873,0.0268,0.0,0.0722,0.3873,0,FUNDOS,3,14.68,MODERADO,1.33,TRIBUTADO,1.589,1
synth-cli-0059,rf-cdb-4,2026-03-01,5809361.57,ARROJADO,ARROJADO,11,36.3,5,0.1754,0.304,0.3873,0.0268,0.0,0.0722,0.3873,0,RENDA_FIXA,1,11.98,CONSERVADOR,0.0,TRIBUTADO,0.036,1
synth-cli-0059,rf-isento-0,2026-01-01,5809361.57,ARROJADO,ARROJADO,11,36.3,5,0.1754,0.304,0.3873,0.0268,0.0,0.0722,0.3873,0,RENDA_FIXA,1,11.04,CONSERVADOR,0.0,ISENTO,24.0,0
synth-cli-0059,rf-pub-1,2026-01-22,5809361.57,ARROJADO,ARROJADO,11,36.3,5,0.1754,0.304,0.3873,0.0268,0.0,0.0722,0.3873,0,RENDA_FIXA,3,12.55,MODERADO,0.0,INCENTIVADO,36.0,1
synth-cli-0059,fundo-mm-1,2026-05-26,5809361.57,ARROJADO,ARROJADO,11,36.3,5,0.1754,0.304,0.3873,0.0268,0.0,0.0722,0.3873,0,FUNDOS,4,15.74,ARROJADO,1.01,TRIBUTADO,1.806,1
synth-cli-0059,rf-isento-1,2026-05-17,5809361.57,ARROJADO,ARROJADO,11,36.3,5,0.1754,0.304,0.3873,0.0268,0.0,0.0722,0.3873,0,RENDA_FIXA,1,11.3,CONSERVADOR,0.0,ISENTO,24.0,1
synth-cli-0059,rf-cdb-0,2026-04-25,5809361.57,ARROJADO,ARROJADO,11,36.3,5,0.1754,0.304,0.3873,0.0268,0.0,0.0722,0.3873,0,RENDA_FIXA,1,12.74,CONSERVADOR,0.0,TRIBUTADO,0.036,0
synth-cli-0059,rf-pub-0,2026-04-11,5809361.57,ARROJADO,ARROJADO,11,36.3,5,0.1754,0.304,0.3873,0.0268,0.0,0.0722,0.3873,0,RENDA_FIXA,1,6.5,CONSERVADOR,0.0,TRIBUTADO,0.033,1
synth-cli-0059,cambio-0,2026-02-12,5809361.57,ARROJADO,ARROJADO,11,36.3,5,0.1754,0.304,0.3873,0.0268,0.0,0.0722,0.3873,0,CAMBIO,4,11.55,ARROJADO,1.87,TRIBUTADO,1.0,0
synth-cli-0060,fundo-mm-1,2026-04-17,869692.73,CONSERVADOR,CONSERVADOR,2,3.9,3,0.5836,0.0,0.0681,0.2041,0.0,0.0,0.5836,0,FUNDOS,4,15.74,ARROJADO,1.01,TRIBUTADO,1.806,0
synth-cli-0060,rv-bpac11,2026-02-01,869692.73,CONSERVADOR,CONSERVADOR,2,3.9,3,0.5836,0.0,0.0681,0.2041,0.0,0.0,0.5836,0,RENDA_VARIAVEL,4,19.32,ARROJADO,0.0,ISENTO,0.067,0
synth-cli-0060,rf-cdb-1,2026-03-01,869692.73,CONSERVADOR,CONSERVADOR,2,3.9,3,0.5836,0.0,0.0681,0.2041,0.0,0.0,0.5836,0,RENDA_FIXA,1,11.46,CONSERVADOR,0.0,TRIBUTADO,0.056,0
synth-cli-0060,fundo-mm-0,2026-01-26,869692.73,CONSERVADOR,CONSERVADOR,2,3.9,3,0.5836,0.0,0.0681,0.2041,0.0,0.0,0.5836,0,FUNDOS,3,14.68,MODERADO,1.33,TRIBUTADO,1.589,0
synth-cli-0060,rf-isento-2,2026-04-13,869692.73,CONSERVADOR,CONSERVADOR,2,3.9,3,0.5836,0.0,0.0681,0.2041,0.0,0.0,0.5836,0,RENDA_FIXA,1,11.97,CONSERVADOR,0.0,ISENTO,24.0,1
synth-cli-0060,prev-1,2026-01-12,869692.73,CONSERVADOR,CONSERVADOR,2,3.9,3,0.5836,0.0,0.0681,0.2041,0.0,0.0,0.5836,0,PREVIDENCIA,3,10.58,MODERADO,0.86,INCENTIVADO,0.167,0
synth-cli-0060,rf-cdb-3,2026-04-22,869692.73,CONSERVADOR,CONSERVADOR,2,3.9,3,0.5836,0.0,0.0681,0.2041,0.0,0.0,0.5836,0,RENDA_FIXA,1,13.62,CONSERVADOR,0.0,TRIBUTADO,0.042,0
synth-cli-0060,rf-cdb-0,2026-03-20,869692.73,CONSERVADOR,CONSERVADOR,2,3.9,3,0.5836,0.0,0.0681,0.2041,0.0,0.0,0.5836,0,RENDA_FIXA,1,12.74,CONSERVADOR,0.0,TRIBUTADO,0.036,0
synth-cli-0060,fundo-mm-3,2026-02-28,869692.73,CONSERVADOR,CONSERVADOR,2,3.9,3,0.5836,0.0,0.0681,0.2041,0.0,0.0,0.5836,0,FUNDOS,4,16.33,ARROJADO,1.5,TRIBUTADO,1.093,0
synth-cli-0060,cambio-1,2026-05-26,869692.73,CONSERVADOR,CONSERVADOR,2,3.9,3,0.5836,0.0,0.0681,0.2041,0.0,0.0,0.5836,0,CAMBIO,4,10.47,ARROJADO,1.77,TRIBUTADO,1.0,0
synth-cli-0060,rf-cdb-4,2026-05-02,869692.73,CONSERVADOR,CONSERVADOR,2,3.9,3,0.5836,0.0,0.0681,0.2041,0.0,0.0,0.5836,0,RENDA_FIXA,1,11.98,CONSERVADOR,0.0,TRIBUTADO,0.036,0
synth-cli-0060,rv-knri11,2026-01-10,869692.73,CONSERVADOR,CONSERVADOR,2,3.9,3,0.5836,0.0,0.0681,0.2041,0.0,0.0,0.5836,0,RENDA_VARIAVEL,3,11.32,MODERADO,0.0,ISENTO,0.067,0
synth-cli-0060,prev-0,2026-05-28,869692.73,CONSERVADOR,CONSERVADOR,2,3.9,3,0.5836,0.0,0.0681,0.2041,0.0,0.0,0.5836,0,PREVIDENCIA,2,10.09,CONSERVADOR,0.96,INCENTIVADO,0.167,0
synth-cli-0060,firf-0,2026-04-04,869692.73,CONSERVADOR,CONSERVADOR,2,3.9,3,0.5836,0.0,0.0681,0.2041,0.0,0.0,0.5836,0,FUNDOS,2,12.61,CONSERVADOR,0.86,TRIBUTADO,1.0,0
synth-cli-0060,rf-isento-0,2026-05-08,869692.73,CONSERVADOR,CONSERVADOR,2,3.9,3,0.5836,0.0,0.0681,0.2041,0.0,0.0,0.5836,1,RENDA_FIXA,1,11.04,CONSERVADOR,0.0,ISENTO,24.0,0
synth-cli-0060,rf-pub-2,2026-02-25,869692.73,CONSERVADOR,CONSERVADOR,2,3.9,3,0.5836,0.0,0.0681,0.2041,0.0,0.0,0.5836,0,RENDA_FIXA,3,13.26,MODERADO,0.0,INCENTIVADO,36.0,0
synth-cli-0060,rf-pub-0,2026-01-06,869692.73,CONSERVADOR,CONSERVADOR,2,3.9,3,0.5836,0.0,0.0681,0.2041,0.0,0.0,0.5836,0,RENDA_FIXA,1,6.5,CONSERVADOR,0.0,TRIBUTADO,0.033,1
synth-cli-0060,fundo-mm-4,2026-03-13,869692.73,CONSERVADOR,CONSERVADOR,2,3.9,3,0.5836,0.0,0.0681,0.2041,0.0,0.0,0.5836,0,FUNDOS,3,12.89,MODERADO,2.27,TRIBUTADO,1.604,0
synth-cli-0060,rf-isento-1,2026-02-24,869692.73,CONSERVADOR,CONSERVADOR,2,3.9,3,0.5836,0.0,0.0681,0.2041,0.0,0.0,0.5836,0,RENDA_FIXA,1,11.3,CONSERVADOR,0.0,ISENTO,24.0,0
synth-cli-0060,prev-2,2026-04-22,869692.73,CONSERVADOR,CONSERVADOR,2,3.9,3,0.5836,0.0,0.0681,0.2041,0.0,0.0,0.5836,0,PREVIDENCIA,2,10.47,MODERADO,0.87,INCENTIVADO,0.167,0
synth-cli-0061,rv-itsa4,2026-05-03,6693323.21,CONSERVADOR,CONSERVADOR,4,7.6,3,0.4715,0.0,0.0995,0.2594,0.0,0.0,0.4715,0,RENDA_VARIAVEL,4,15.45,ARROJADO,0.0,TRIBUTADO,0.067,0
synth-cli-0061,rf-cdb-4,2026-04-21,6693323.21,CONSERVADOR,CONSERVADOR,4,7.6,3,0.4715,0.0,0.0995,0.2594,0.0,0.0,0.4715,0,RENDA_FIXA,1,11.98,CONSERVADOR,0.0,TRIBUTADO,0.036,0
synth-cli-0061,firf-1,2026-05-28,6693323.21,CONSERVADOR,CONSERVADOR,4,7.6,3,0.4715,0.0,0.0995,0.2594,0.0,0.0,0.4715,0,FUNDOS,2,12.07,CONSERVADOR,0.99,TRIBUTADO,1.0,0
synth-cli-0061,rv-ivvb11,2026-02-08,6693323.21,CONSERVADOR,CONSERVADOR,4,7.6,3,0.4715,0.0,0.0995,0.2594,0.0,0.0,0.4715,0,RENDA_VARIAVEL,4,17.47,ARROJADO,0.0,ISENTO,0.067,0
synth-cli-0061,rv-knri11,2026-03-03,6693323.21,CONSERVADOR,CONSERVADOR,4,7.6,3,0.4715,0.0,0.0995,0.2594,0.0,0.0,0.4715,0,RENDA_VARIAVEL,3,11.32,MODERADO,0.0,ISENTO,0.067,0
synth-cli-0061,fundo-mm-4,2026-03-24,6693323.21,CONSERVADOR,CONSERVADOR,4,7.6,3,0.4715,0.0,0.0995,0.2594,0.0,0.0,0.4715,0,FUNDOS,3,12.89,MODERADO,2.27,TRIBUTADO,1.604,0
synth-cli-0061,rf-cdb-2,2026-02-24,6693323.21,CONSERVADOR,CONSERVADOR,4,7.6,3,0.4715,0.0,0.0995,0.2594,0.0,0.0,0.4715,1,RENDA_FIXA,1,13.08,CONSERVADOR,0.0,TRIBUTADO,0.101,0
synth-cli-0061,rv-btlg11,2026-05-12,6693323.21,CONSERVADOR,CONSERVADOR,4,7.6,3,0.4715,0.0,0.0995,0.2594,0.0,0.0,0.4715,0,RENDA_VARIAVEL,3,11.31,MODERADO,0.0,ISENTO,0.067,0
synth-cli-0061,rf-isento-2,2026-01-10,6693323.21,CONSERVADOR,CONSERVADOR,4,7.6,3,0.4715,0.0,0.0995,0.2594,0.0,0.0,0.4715,0,RENDA_FIXA,1,11.97,CONSERVADOR,0.0,ISENTO,24.0,1
synth-cli-0061,rf-pub-2,2026-05-07,6693323.21,CONSERVADOR,CONSERVADOR,4,7.6,3,0.4715,0.0,0.0995,0.2594,0.0,0.0,0.4715,0,RENDA_FIXA,3,13.26,MODERADO,0.0,INCENTIVADO,36.0,0
synth-cli-0061,firf-2,2026-04-11,6693323.21,CONSERVADOR,CONSERVADOR,4,7.6,3,0.4715,0.0,0.0995,0.2594,0.0,0.0,0.4715,0,FUNDOS,2,11.76,CONSERVADOR,0.78,TRIBUTADO,1.0,0
synth-cli-0062,prev-1,2026-04-05,415975.09,MODERADO,MODERADO,4,16.5,1,0.0,0.0,0.0,0.9846,0.0,0.0,0.9846,1,PREVIDENCIA,3,10.58,MODERADO,0.86,INCENTIVADO,0.167,0
synth-cli-0062,rv-itsa4,2026-02-24,415975.09,MODERADO,MODERADO,4,16.5,1,0.0,0.0,0.0,0.9846,0.0,0.0,0.9846,0,RENDA_VARIAVEL,4,15.45,ARROJADO,0.0,TRIBUTADO,0.067,0
synth-cli-0062,cambio-1,2026-01-20,415975.09,MODERADO,MODERADO,4,16.5,1,0.0,0.0,0.0,0.9846,0.0,0.0,0.9846,0,CAMBIO,4,10.47,ARROJADO,1.77,TRIBUTADO,1.0,0
synth-cli-0062,rf-cdb-4,2026-03-28,415975.09,MODERADO,MODERADO,4,16.5,1,0.0,0.0,0.0,0.9846,0.0,0.0,0.9846,0,RENDA_FIXA,1,11.98,CONSERVADOR,0.0,TRIBUTADO,0.036,0
synth-cli-0062,firf-0,2026-04-21,415975.09,MODERADO,MODERADO,4,16.5,1,0.0,0.0,0.0,0.9846,0.0,0.0,0.9846,0,FUNDOS,2,12.61,CONSERVADOR,0.86,TRIBUTADO,1.0,1
synth-cli-0062,cambio-0,2026-04-10,415975.09,MODERADO,MODERADO,4,16.5,1,0.0,0.0,0.0,0.9846,0.0,0.0,0.9846,0,CAMBIO,4,11.55,ARROJADO,1.87,TRIBUTADO,1.0,0
synth-cli-0062,rv-bpac11,2026-04-02,415975.09,MODERADO,MODERADO,4,16.5,1,0.0,0.0,0.0,0.9846,0.0,0.0,0.9846,0,RENDA_VARIAVEL,4,19.32,ARROJADO,0.0,ISENTO,0.067,0
synth-cli-0062,firf-2,2026-02-28,415975.09,MODERADO,MODERADO,4,16.5,1,0.0,0.0,0.0,0.9846,0.0,0.0,0.9846,0,FUNDOS,2,11.76,CONSERVADOR,0.78,TRIBUTADO,1.0,0
synth-cli-0062,rf-pub-2,2026-02-23,415975.09,MODERADO,MODERADO,4,16.5,1,0.0,0.0,0.0,0.9846,0.0,0.0,0.9846,0,RENDA_FIXA,3,13.26,MODERADO,0.0,INCENTIVADO,36.0,1
synth-cli-0062,rf-cdb-3,2026-04-24,415975.09,MODERADO,MODERADO,4,16.5,1,0.0,0.0,0.0,0.9846,0.0,0.0,0.9846,0,RENDA_FIXA,1,13.62,CONSERVADOR,0.0,TRIBUTADO,0.042,0
synth-cli-0062,fundo-mm-1,2026-02-01,415975.09,MODERADO,MODERADO,4,16.5,1,0.0,0.0,0.0,0.9846,0.0,0.0,0.9846,0,FUNDOS,4,15.74,ARROJADO,1.01,TRIBUTADO,1.806,0
synth-cli-0062,rf-cdb-0,2026-03-14,415975.09,MODERADO,MODERADO,4,16.5,1,0.0,0.0,0.0,0.9846,0.0,0.0,0.9846,0,RENDA_FIXA,1,12.74,CONSERVADOR,0.0,TRIBUTADO,0.036,0
synth-cli-0062,firf-1,2026-04-03,415975.09,MODERADO,MODERADO,4,16.5,1,0.0,0.0,0.0,0.9846,0.0,0.0,0.9846,0,FUNDOS,2,12.07,CONSERVADOR,0.99,TRIBUTADO,1.0,0
synth-cli-0062,fundo-mm-3,2026-03-10,415975.09,MODERADO,MODERADO,4,16.5,1,0.0,0.0,0.0,0.9846,0.0,0.0,0.9846,0,FUNDOS,4,16.33,ARROJADO,1.5,TRIBUTADO,1.093,0
synth-cli-0062,rf-isento-2,2026-02-23,415975.09,MODERADO,MODERADO,4,16.5,1,0.0,0.0,0.0,0.9846,0.0,0.0,0.9846,0,RENDA_FIXA,1,11.97,CONSERVADOR,0.0,ISENTO,24.0,0
synth-cli-0062,coe-0,2026-04-04,415975.09,MODERADO,MODERADO,4,16.5,1,0.0,0.0,0.0,0.9846,0.0,0.0,0.9846,0,ESTRUTURADOS,5,19.22,ARROJADO,0.0,TRIBUTADO,36.0,0
synth-cli-0062,fundo-mm-2,2026-01-28,415975.09,MODERADO,MODERADO,4,16.5,1,0.0,0.0,0.0,0.9846,0.0,0.0,0.9846,0,FUNDOS,3,15.29,MODERADO,1.51,TRIBUTADO,1.155,1
synth-cli-0062,fundo-mm-4,2026-03-15,415975.09,MODERADO,MODERADO,4,16.5,1,0.0,0.0,0.0,0.9846,0.0,0.0,0.9846,0,FUNDOS,3,12.89,MODERADO,2.27,TRIBUTADO,1.604,0
synth-cli-0062,coe-1,2026-05-05,415975.09,MODERADO,MODERADO,4,16.5,1,0.0,0.0,0.0,0.9846,0.0,0.0,0.9846,0,ESTRUTURADOS,5,22.09,ARROJADO,0.0,TRIBUTADO,36.0,0
synth-cli-0063,rv-btlg11,2026-02-02,2156413.5,MODERADO,CONSERVADOR,5,15.0,3,0.4955,0.0611,0.2908,0.0,0.0,0.0,0.4955,0,RENDA_VARIAVEL,3,11.31,MODERADO,0.0,ISENTO,0.067,1
synth-cli-0063,fundo-mm-4,2026-05-21,2156413.5,MODERADO,CONSERVADOR,5,15.0,3,0.4955,0.0611,0.2908,0.0,0.0,0.0,0.4955,0,FUNDOS,3,12.89,MODERADO,2.27,TRIBUTADO,1.604,0
synth-cli-0063,rf-isento-1,2026-04-05,2156413.5,MODERADO,CONSERVADOR,5,15.0,3,0.4955,0.0611,0.2908,0.0,0.0,0.0,0.4955,1,RENDA_FIXA,1,11.3,CONSERVADOR,0.0,ISENTO,24.0,0
synth-cli-0063,rf-cdb-4,2026-02-13,2156413.5,MODERADO,CONSERVADOR,5,15.0,3,0.4955,0.0611,0.2908,0.0,0.0,0.0,0.4955,0,RENDA_FIXA,1,11.98,CONSERVADOR,0.0,TRIBUTADO,0.036,1
synth-cli-0063,rf-pub-1,2026-05-06,2156413.5,MODERADO,CONSERVADOR,5,15.0,3,0.4955,0.0611,0.2908,0.0,0.0,0.0,0.4955,0,RENDA_FIXA,3,12.55,MODERADO,0.0,INCENTIVADO,36.0,0
synth-cli-0063,prev-2,2026-04-25,2156413.5,MODERADO,CONSERVADOR,5,15.0,3,0.4955,0.0611,0.2908,0.0,0.0,0.0,0.4955,0,PREVIDENCIA,2,10.47,MODERADO,0.87,INCENTIVADO,0.167,0
synth-cli-0063,rv-knri11,2026-01-25,2156413.5,MODERADO,CONSERVADOR,5,15.0,3,0.4955,0.0611,0.2908,0.0,0.0,0.0,0.4955,0,RENDA_VARIAVEL,3,11.32,MODERADO,0.0,ISENTO,0.067,0
synth-cli-0063,prev-1,2026-04-09,2156413.5,MODERADO,CONSERVADOR,5,15.0,3,0.4955,0.0611,0.2908,0.0,0.0,0.0,0.4955,0,PREVIDENCIA,3,10.58,MODERADO,0.86,INCENTIVADO,0.167,0
synth-cli-0063,rv-ivvb11,2026-04-12,2156413.5,MODERADO,CONSERVADOR,5,15.0,3,0.4955,0.0611,0.2908,0.0,0.0,0.0,0.4955,0,RENDA_VARIAVEL,4,17.47,ARROJADO,0.0,ISENTO,0.067,0
synth-cli-0063,rf-cdb-0,2026-01-03,2156413.5,MODERADO,CONSERVADOR,5,15.0,3,0.4955,0.0611,0.2908,0.0,0.0,0.0,0.4955,0,RENDA_FIXA,1,12.74,CONSERVADOR,0.0,TRIBUTADO,0.036,1
synth-cli-0063,fundo-mm-0,2026-05-08,2156413.5,MODERADO,CONSERVADOR,5,15.0,3,0.4955,0.0611,0.2908,0.0,0.0,0.0,0.4955,0,FUNDOS,3,14.68,MODERADO,1.33,TRIBUTADO,1.589,0
synth-cli-0063,firf-2,2026-03-23,2156413.5,MODERADO,CONSERVADOR,5,15.0,3,0.4955,0.0611,0.2908,0.0,0.0,0.0,0.4955,0,FUNDOS,2,11.76,CONSERVADOR,0.78,TRIBUTADO,1.0,1
synth-cli-0063,rf-cdb-3,2026-05-06,2156413.5,MODERADO,CONSERVADOR,5,15.0,3,0.4955,0.0611,0.2908,0.0,0.0,0.0,0.4955,0,RENDA_FIXA,1,13.62,CONSERVADOR,0.0,TRIBUTADO,0.042,0
synth-cli-0063,coe-0,2026-04-10,2156413.5,MODERADO,CONSERVADOR,5,15.0,3,0.4955,0.0611,0.2908,0.0,0.0,0.0,0.4955,0,ESTRUTURADOS,5,19.22,ARROJADO,0.0,TRIBUTADO,36.0,0
synth-cli-0063,fundo-mm-1,2026-01-11,2156413.5,MODERADO,CONSERVADOR,5,15.0,3,0.4955,0.0611,0.2908,0.0,0.0,0.0,0.4955,0,FUNDOS,4,15.74,ARROJADO,1.01,TRIBUTADO,1.806,0
synth-cli-0063,fundo-mm-2,2026-05-06,2156413.5,MODERADO,CONSERVADOR,5,15.0,3,0.4955,0.0611,0.2908,0.0,0.0,0.0,0.4955,0,FUNDOS,3,15.29,MODERADO,1.51,TRIBUTADO,1.155,0
synth-cli-0063,rf-isento-2,2026-05-26,2156413.5,MODERADO,CONSERVADOR,5,15.0,3,0.4955,0.0611,0.2908,0.0,0.0,0.0,0.4955,0,RENDA_FIXA,1,11.97,CONSERVADOR,0.0,ISENTO,24.0,1
synth-cli-0063,cambio-0,2026-04-03,2156413.5,MODERADO,CONSERVADOR,5,15.0,3,0.4955,0.0611,0.2908,0.0,0.0,0.0,0.4955,0,CAMBIO,4,11.55,ARROJADO,1.87,TRIBUTADO,1.0,0
synth-cli-0063,rf-cdb-2,2026-05-18,2156413.5,MODERADO,CONSERVADOR,5,15.0,3,0.4955,0.0611,0.2908,0.0,0.0,0.0,0.4955,0,RENDA_FIXA,1,13.08,CONSERVADOR,0.0,TRIBUTADO,0.101,1
synth-cli-0063,rv-itsa4,2026-01-25,2156413.5,MODERADO,CONSERVADOR,5,15.0,3,0.4955,0.0611,0.2908,0.0,0.0,0.0,0.4955,0,RENDA_VARIAVEL,4,15.45,ARROJADO,0.0,TRIBUTADO,0.067,0
synth-cli-0063,rf-cdb-1,2026-01-06,2156413.5,MODERADO,CONSERVADOR,5,15.0,3,0.4955,0.0611,0.2908,0.0,0.0,0.0,0.4955,1,RENDA_FIXA,1,11.46,CONSERVADOR,0.0,TRIBUTADO,0.056,0
synth-cli-0063,rf-pub-0,2026-04-26,2156413.5,MODERADO,CONSERVADOR,5,15.0,3,0.4955,0.0611,0.2908,0.0,0.0,0.0,0.4955,0,RENDA_FIXA,1,6.5,CONSERVADOR,0.0,TRIBUTADO,0.033,1
synth-cli-0064,rf-cdb-3,2026-01-08,1788297.28,MODERADO,MODERADO,9,15.4,4,0.3513,0.0579,0.2537,0.175,0.0,0.0,0.3513,0,RENDA_FIXA,1,13.62,CONSERVADOR,0.0,TRIBUTADO,0.042,1
synth-cli-0064,rf-cdb-1,2026-05-26,1788297.28,MODERADO,MODERADO,9,15.4,4,0.3513,0.0579,0.2537,0.175,0.0,0.0,0.3513,1,RENDA_FIXA,1,11.46,CONSERVADOR,0.0,TRIBUTADO,0.056,0
synth-cli-0064,rf-cdb-4,2026-04-23,1788297.28,MODERADO,MODERADO,9,15.4,4,0.3513,0.0579,0.2537,0.175,0.0,0.0,0.3513,0,RENDA_FIXA,1,11.98,CONSERVADOR,0.0,TRIBUTADO,0.036,1
synth-cli-0064,firf-2,2026-03-20,1788297.28,MODERADO,MODERADO,9,15.4,4,0.3513,0.0579,0.2537,0.175,0.0,0.0,0.3513,0,FUNDOS,2,11.76,CONSERVADOR,0.78,TRIBUTADO,1.0,1
synth-cli-0064,rf-pub-1,2026-01-08,1788297.28,MODERADO,MODERADO,9,15.4,4,0.3513,0.0579,0.2537,0.175,0.0,0.0,0.3513,0,RENDA_FIXA,3,12.55,MODERADO,0.0,INCENTIVADO,36.0,1
synth-cli-0064,rv-ivvb11,2026-02-10,1788297.28,MODERADO,MODERADO,9,15.4,4,0.3513,0.0579,0.2537,0.175,0.0,0.0,0.3513,0,RENDA_VARIAVEL,4,17.47,ARROJADO,0.0,ISENTO,0.067,0
synth-cli-0064,rf-pub-0,2026-02-05,1788297.28,MODERADO,MODERADO,9,15.4,4,0.3513,0.0579,0.2537,0.175,0.0,0.0,0.3513,0,RENDA_FIXA,1,6.5,CONSERVADOR,0.0,TRIBUTADO,0.033,0
synth-cli-0064,rf-cdb-2,2026-02-24,1788297.28,MODERADO,MODERADO,9,15.4,4,0.3513,0.0579,0.2537,0.175,0.0,0.0,0.3513,0,RENDA_FIXA,1,13.08,CONSERVADOR,0.0,TRIBUTADO,0.101,1
synth-cli-0064,firf-1,2026-01-18,1788297.28,MODERADO,MODERADO,9,15.4,4,0.3513,0.0579,0.2537,0.175,0.0,0.0,0.3513,0,FUNDOS,2,12.07,CONSERVADOR,0.99,TRIBUTADO,1.0,0
synth-cli-0064,rf-isento-0,2026-04-15,1788297.28,MODERADO,MODERADO,9,15.4,4,0.3513,0.0579,0.2537,0.175,0.0,0.0,0.3513,0,RENDA_FIXA,1,11.04,CONSERVADOR,0.0,ISENTO,24.0,0
synth-cli-0064,cambio-0,2026-03-22,1788297.28,MODERADO,MODERADO,9,15.4,4,0.3513,0.0579,0.2537,0.175,0.0,0.0,0.3513,0,CAMBIO,4,11.55,ARROJADO,1.87,TRIBUTADO,1.0,0
synth-cli-0064,rv-knri11,2026-02-18,1788297.28,MODERADO,MODERADO,9,15.4,4,0.3513,0.0579,0.2537,0.175,0.0,0.0,0.3513,0,RENDA_VARIAVEL,3,11.32,MODERADO,0.0,ISENTO,0.067,1
synth-cli-0064,cambio-1,2026-03-21,1788297.28,MODERADO,MODERADO,9,15.4,4,0.3513,0.0579,0.2537,0.175,0.0,0.0,0.3513,0,CAMBIO,4,10.47,ARROJADO,1.77,TRIBUTADO,1.0,0
synth-cli-0064,firf-0,2026-05-20,1788297.28,MODERADO,MODERADO,9,15.4,4,0.3513,0.0579,0.2537,0.175,0.0,0.0,0.3513,0,FUNDOS,2,12.61,CONSERVADOR,0.86,TRIBUTADO,1.0,1
synth-cli-0064,rf-isento-1,2026-02-11,1788297.28,MODERADO,MODERADO,9,15.4,4,0.3513,0.0579,0.2537,0.175,0.0,0.0,0.3513,1,RENDA_FIXA,1,11.3,CONSERVADOR,0.0,ISENTO,24.0,0
synth-cli-0064,fundo-mm-0,2026-04-13,1788297.28,MODERADO,MODERADO,9,15.4,4,0.3513,0.0579,0.2537,0.175,0.0,0.0,0.3513,0,FUNDOS,3,14.68,MODERADO,1.33,TRIBUTADO,1.589,0
synth-cli-0064,rv-itsa4,2026-05-08,1788297.28,MODERADO,MODERADO,9,15.4,4,0.3513,0.0579,0.2537,0.175,0.0,0.0,0.3513,0,RENDA_VARIAVEL,4,15.45,ARROJADO,0.0,TRIBUTADO,0.067,0
synth-cli-0064,rv-bpac11,2026-01-18,1788297.28,MODERADO,MODERADO,9,15.4,4,0.3513,0.0579,0.2537,0.175,0.0,0.0,0.3513,0,RENDA_VARIAVEL,4,19.32,ARROJADO,0.0,ISENTO,0.067,0
synth-cli-0065,rv-itsa4,2026-04-08,2399966.92,ARROJADO,AGRESSIVO,8,33.6,6,0.1686,0.3654,0.2217,0.041,0.1356,0.0519,0.3654,0,RENDA_VARIAVEL,4,15.45,ARROJADO,0.0,TRIBUTADO,0.067,1
synth-cli-0065,firf-1,2026-01-26,2399966.92,ARROJADO,AGRESSIVO,8,33.6,6,0.1686,0.3654,0.2217,0.041,0.1356,0.0519,0.3654,0,FUNDOS,2,12.07,CONSERVADOR,0.99,TRIBUTADO,1.0,0
synth-cli-0065,fundo-mm-2,2026-03-19,2399966.92,ARROJADO,AGRESSIVO,8,33.6,6,0.1686,0.3654,0.2217,0.041,0.1356,0.0519,0.3654,0,FUNDOS,3,15.29,MODERADO,1.51,TRIBUTADO,1.155,0
synth-cli-0065,rf-cdb-2,2026-04-04,2399966.92,ARROJADO,AGRESSIVO,8,33.6,6,0.1686,0.3654,0.2217,0.041,0.1356,0.0519,0.3654,0,RENDA_FIXA,1,13.08,CONSERVADOR,0.0,TRIBUTADO,0.101,0
synth-cli-0065,rf-isento-2,2026-05-09,2399966.92,ARROJADO,AGRESSIVO,8,33.6,6,0.1686,0.3654,0.2217,0.041,0.1356,0.0519,0.3654,0,RENDA_FIXA,1,11.97,CONSERVADOR,0.0,ISENTO,24.0,0
synth-cli-0065,rv-ivvb11,2026-01-06,2399966.92,ARROJADO,AGRESSIVO,8,33.6,6,0.1686,0.3654,0.2217,0.041,0.1356,0.0519,0.3654,0,RENDA_VARIAVEL,4,17.47,ARROJADO,0.0,ISENTO,0.067,1
synth-cli-0065,coe-0,2026-05-18,2399966.92,ARROJADO,AGRESSIVO,8,33.6,6,0.1686,0.3654,0.2217,0.041,0.1356,0.0519,0.3654,0,ESTRUTURADOS,5,19.22,ARROJADO,0.0,TRIBUTADO,36.0,1
synth-cli-0065,fundo-mm-0,2026-04-16,2399966.92,ARROJADO,AGRESSIVO,8,33.6,6,0.1686,0.3654,0.2217,0.041,0.1356,0.0519,0.3654,0,FUNDOS,3,14.68,MODERADO,1.33,TRIBUTADO,1.589,1
synth-cli-0065,prev-2,2026-02-22,2399966.92,ARROJADO,AGRESSIVO,8,33.6,6,0.1686,0.3654,0.2217,0.041,0.1356,0.0519,0.3654,0,PREVIDENCIA,2,10.47,MODERADO,0.87,INCENTIVADO,0.167,0
synth-cli-0065,rf-isento-0,2026-04-19,2399966.92,ARROJADO,AGRESSIVO,8,33.6,6,0.1686,0.3654,0.2217,0.041,0.1356,0.0519,0.3654,0,RENDA_FIXA,1,11.04,CONSERVADOR,0.0,ISENTO,24.0,1
synth-cli-0065,rf-cdb-4,2026-03-23,2399966.92,ARROJADO,AGRESSIVO,8,33.6,6,0.1686,0.3654,0.2217,0.041,0.1356,0.0519,0.3654,0,RENDA_FIXA,1,11.98,CONSERVADOR,0.0,TRIBUTADO,0.036,0
synth-cli-0066,rv-itsa4,2026-01-10,2225426.56,CONSERVADOR,CONSERVADOR,3,4.2,3,0.3833,0.0,0.1337,0.3783,0.0,0.0,0.3833,0,RENDA_VARIAVEL,4,15.45,ARROJADO,0.0,TRIBUTADO,0.067,0
synth-cli-0066,rv-bpac11,2026-03-28,2225426.56,CONSERVADOR,CONSERVADOR,3,4.2,3,0.3833,0.0,0.1337,0.3783,0.0,0.0,0.3833,0,RENDA_VARIAVEL,4,19.32,ARROJADO,0.0,ISENTO,0.067,0
synth-cli-0066,fundo-mm-2,2026-01-03,2225426.56,CONSERVADOR,CONSERVADOR,3,4.2,3,0.3833,0.0,0.1337,0.3783,0.0,0.0,0.3833,0,FUNDOS,3,15.29,MODERADO,1.51,TRIBUTADO,1.155,0
synth-cli-0066,rv-btlg11,2026-01-06,2225426.56,CONSERVADOR,CONSERVADOR,3,4.2,3,0.3833,0.0,0.1337,0.3783,0.0,0.0,0.3833,0,RENDA_VARIAVEL,3,11.31,MODERADO,0.0,ISENTO,0.067,0
synth-cli-0066,fundo-mm-3,2026-01-24,2225426.56,CONSERVADOR,CONSERVADOR,3,4.2,3,0.3833,0.0,0.1337,0.3783,0.0,0.0,0.3833,0,FUNDOS,4,16.33,ARROJADO,1.5,TRIBUTADO,1.093,0
synth-cli-0066,rf-pub-0,2026-04-26,2225426.56,CONSERVADOR,CONSERVADOR,3,4.2,3,0.3833,0.0,0.1337,0.3783,0.0,0.0,0.3833,0,RENDA_FIXA,1,6.5,CONSERVADOR,0.0,TRIBUTADO,0.033,1
synth-cli-0066,prev-2,2026-04-22,2225426.56,CONSERVADOR,CONSERVADOR,3,4.2,3,0.3833,0.0,0.1337,0.3783,0.0,0.0,0.3833,0,PREVIDENCIA,2,10.47,MODERADO,0.87,INCENTIVADO,0.167,0
synth-cli-0066,fundo-mm-0,2026-02-16,2225426.56,CONSERVADOR,CONSERVADOR,3,4.2,3,0.3833,0.0,0.1337,0.3783,0.0,0.0,0.3833,0,FUNDOS,3,14.68,MODERADO,1.33,TRIBUTADO,1.589,0
synth-cli-0066,prev-0,2026-05-23,2225426.56,CONSERVADOR,CONSERVADOR,3,4.2,3,0.3833,0.0,0.1337,0.3783,0.0,0.0,0.3833,0,PREVIDENCIA,2,10.09,CONSERVADOR,0.96,INCENTIVADO,0.167,0
synth-cli-0066,firf-0,2026-01-20,2225426.56,CONSERVADOR,CONSERVADOR,3,4.2,3,0.3833,0.0,0.1337,0.3783,0.0,0.0,0.3833,0,FUNDOS,2,12.61,CONSERVADOR,0.86,TRIBUTADO,1.0,0
synth-cli-0066,rf-isento-1,2026-04-23,2225426.56,CONSERVADOR,CONSERVADOR,3,4.2,3,0.3833,0.0,0.1337,0.3783,0.0,0.0,0.3833,0,RENDA_FIXA,1,11.3,CONSERVADOR,0.0,ISENTO,24.0,1
synth-cli-0066,rf-isento-0,2026-03-08,2225426.56,CONSERVADOR,CONSERVADOR,3,4.2,3,0.3833,0.0,0.1337,0.3783,0.0,0.0,0.3833,1,RENDA_FIXA,1,11.04,CONSERVADOR,0.0,ISENTO,24.0,0
synth-cli-0066,coe-1,2026-05-22,2225426.56,CONSERVADOR,CONSERVADOR,3,4.2,3,0.3833,0.0,0.1337,0.3783,0.0,0.0,0.3833,0,ESTRUTURADOS,5,22.09,ARROJADO,0.0,TRIBUTADO,36.0,1
synth-cli-0066,cambio-1,2026-05-15,2225426.56,CONSERVADOR,CONSERVADOR,3,4.2,3,0.3833,0.0,0.1337,0.3783,0.0,0.0,0.3833,0,CAMBIO,4,10.47,ARROJADO,1.77,TRIBUTADO,1.0,0
synth-cli-0066,rf-pub-2,2026-05-08,2225426.56,CONSERVADOR,CONSERVADOR,3,4.2,3,0.3833,0.0,0.1337,0.3783,0.0,0.0,0.3833,0,RENDA_FIXA,3,13.26,MODERADO,0.0,INCENTIVADO,36.0,1
synth-cli-0067,rf-cdb-2,2026-02-27,1706909.99,MODERADO,MODERADO,6,11.6,3,0.0,0.1196,0.5262,0.1738,0.0,0.0,0.5262,0,RENDA_FIXA,1,13.08,CONSERVADOR,0.0,TRIBUTADO,0.101,1
synth-cli-0067,fundo-mm-0,2026-01-10,1706909.99,MODERADO,MODERADO,6,11.6,3,0.0,0.1196,0.5262,0.1738,0.0,0.0,0.5262,0,FUNDOS,3,14.68,MODERADO,1.33,TRIBUTADO,1.589,0
synth-cli-0067,prev-2,2026-05-13,1706909.99,MODERADO,MODERADO,6,11.6,3,0.0,0.1196,0.5262,0.1738,0.0,0.0,0.5262,0,PREVIDENCIA,2,10.47,MODERADO,0.87,INCENTIVADO,0.167,1
synth-cli-0067,rf-cdb-4,2026-03-21,1706909.99,MODERADO,MODERADO,6,11.6,3,0.0,0.1196,0.5262,0.1738,0.0,0.0,0.5262,0,RENDA_FIXA,1,11.98,CONSERVADOR,0.0,TRIBUTADO,0.036,1
synth-cli-0067,firf-0,2026-05-28,1706909.99,MODERADO,MODERADO,6,11.6,3,0.0,0.1196,0.5262,0.1738,0.0,0.0,0.5262,0,FUNDOS,2,12.61,CONSERVADOR,0.86,TRIBUTADO,1.0,0
synth-cli-0067,cambio-0,2026-03-01,1706909.99,MODERADO,MODERADO,6,11.6,3,0.0,0.1196,0.5262,0.1738,0.0,0.0,0.5262,0,CAMBIO,4,11.55,ARROJADO,1.87,TRIBUTADO,1.0,0
synth-cli-0067,rf-cdb-1,2026-03-10,1706909.99,MODERADO,MODERADO,6,11.6,3,0.0,0.1196,0.5262,0.1738,0.0,0.0,0.5262,0,RENDA_FIXA,1,11.46,CONSERVADOR,0.0,TRIBUTADO,0.056,1
synth-cli-0067,fundo-mm-2,2026-01-12,1706909.99,MODERADO,MODERADO,6,11.6,3,0.0,0.1196,0.5262,0.1738,0.0,0.0,0.5262,0,FUNDOS,3,15.29,MODERADO,1.51,TRIBUTADO,1.155,0
synth-cli-0067,fundo-mm-4,2026-02-13,1706909.99,MODERADO,MODERADO,6,11.6,3,0.0,0.1196,0.5262,0.1738,0.0,0.0,0.5262,0,FUNDOS,3,12.89,MODERADO,2.27,TRIBUTADO,1.604,0
synth-cli-0067,fundo-mm-1,2026-01-14,1706909.99,MODERADO,MODERADO,6,11.6,3,0.0,0.1196,0.5262,0.1738,0.0,0.0,0.5262,0,FUNDOS,4,15.74,ARROJADO,1.01,TRIBUTADO,1.806,0
synth-cli-0067,rf-pub-0,2026-02-14,1706909.99,MODERADO,MODERADO,6,11.6,3,0.0,0.1196,0.5262,0.1738,0.0,0.0,0.5262,0,RENDA_FIXA,1,6.5,CONSERVADOR,0.0,TRIBUTADO,0.033,1
synth-cli-0067,prev-1,2026-04-01,1706909.99,MODERADO,MODERADO,6,11.6,3,0.0,0.1196,0.5262,0.1738,0.0,0.0,0.5262,0,PREVIDENCIA,3,10.58,MODERADO,0.86,INCENTIVADO,0.167,0
synth-cli-0067,rf-cdb-3,2026-03-08,1706909.99,MODERADO,MODERADO,6,11.6,3,0.0,0.1196,0.5262,0.1738,0.0,0.0,0.5262,0,RENDA_FIXA,1,13.62,CONSERVADOR,0.0,TRIBUTADO,0.042,1
synth-cli-0068,fundo-mm-1,2026-04-14,1166587.51,MODERADO,MODERADO,4,14.2,4,0.4511,0.0725,0.1757,0.0643,0.0,0.0,0.4511,0,FUNDOS,4,15.74,ARROJADO,1.01,TRIBUTADO,1.806,0
synth-cli-0068,fundo-mm-0,2026-02-16,1166587.51,MODERADO,MODERADO,4,14.2,4,0.4511,0.0725,0.1757,0.0643,0.0,0.0,0.4511,0,FUNDOS,3,14.68,MODERADO,1.33,TRIBUTADO,1.589,1
synth-cli-0068,rf-isento-1,2026-03-04,1166587.51,MODERADO,MODERADO,4,14.2,4,0.4511,0.0725,0.1757,0.0643,0.0,0.0,0.4511,0,RENDA_FIXA,1,11.3,CONSERVADOR,0.0,ISENTO,24.0,0
synth-cli-0068,cambio-0,2026-05-16,1166587.51,MODERADO,MODERADO,4,14.2,4,0.4511,0.0725,0.1757,0.0643,0.0,0.0,0.4511,0,CAMBIO,4,11.55,ARROJADO,1.87,TRIBUTADO,1.0,0
synth-cli-0068,fundo-mm-2,2026-04-17,1166587.51,MODERADO,MODERADO,4,14.2,4,0.4511,0.0725,0.1757,0.0643,0.0,0.0,0.4511,0,FUNDOS,3,15.29,MODERADO,1.51,TRIBUTADO,1.155,1
synth-cli-0068,rf-pub-0,2026-04-05,1166587.51,MODERADO,MODERADO,4,14.2,4,0.4511,0.0725,0.1757,0.0643,0.0,0.0,0.4511,0,RENDA_FIXA,1,6.5,CONSERVADOR,0.0,TRIBUTADO,0.033,0
synth-cli-0068,firf-1,2026-02-12,1166587.51,MODERADO,MODERADO,4,14.2,4,0.4511,0.0725,0.1757,0.0643,0.0,0.0,0.4511,0,FUNDOS,2,12.07,CONSERVADOR,0.99,TRIBUTADO,1.0,1
synth-cli-0068,rf-isento-0,2026-02-02,1166587.51,MODERADO,MODERADO,4,14.2,4,0.4511,0.0725,0.1757,0.0643,0.0,0.0,0.4511,0,RENDA_FIXA,1,11.04,CONSERVADOR,0.0,ISENTO,24.0,1
synth-cli-0068,rf-cdb-3,2026-03-14,1166587.51,MODERADO,MODERADO,4,14.2,4,0.4511,0.0725,0.1757,0.0643,0.0,0.0,0.4511,1,RENDA_FIXA,1,13.62,CONSERVADOR,0.0,TRIBUTADO,0.042,0
synth-cli-0068,fundo-mm-3,2026-01-14,1166587.51,MODERADO,MODERADO,4,14.2,4,0.4511,0.0725,0.1757,0.0643,0.0,0.0,0.4511,0,FUNDOS,4,16.33,ARROJADO,1.5,TRIBUTADO,1.093,1
synth-cli-0068,rv-itsa4,2026-03-16,1166587.51,MODERADO,MODERADO,4,14.2,4,0.4511,0.0725,0.1757,0.0643,0.0,0.0,0.4511,0,RENDA_VARIAVEL,4,15.45,ARROJADO,0.0,TRIBUTADO,0.067,0
synth-cli-0068,prev-1,2026-05-06,1166587.51,MODERADO,MODERADO,4,14.2,4,0.4511,0.0725,0.1757,0.0643,0.0,0.0,0.4511,0,PREVIDENCIA,3,10.58,MODERADO,0.86,INCENTIVADO,0.167,1
synth-cli-0068,rf-cdb-4,2026-01-28,1166587.51,MODERADO,MODERADO,4,14.2,4,0.4511,0.0725,0.1757,0.0643,0.0,0.0,0.4511,0,RENDA_FIXA,1,11.98,CONSERVADOR,0.0,TRIBUTADO,0.036,1
synth-cli-0068,coe-0,2026-02-22,1166587.51,MODERADO,MODERADO,4,14.2,4,0.4511,0.0725,0.1757,0.0643,0.0,0.0,0.4511,0,ESTRUTURADOS,5,19.22,ARROJADO,0.0,TRIBUTADO,36.0,0
synth-cli-0068,prev-2,2026-01-23,1166587.51,MODERADO,MODERADO,4,14.2,4,0.4511,0.0725,0.1757,0.0643,0.0,0.0,0.4511,0,PREVIDENCIA,2,10.47,MODERADO,0.87,INCENTIVADO,0.167,0
synth-cli-0068,rf-cdb-0,2026-05-06,1166587.51,MODERADO,MODERADO,4,14.2,4,0.4511,0.0725,0.1757,0.0643,0.0,0.0,0.4511,0,RENDA_FIXA,1,12.74,CONSERVADOR,0.0,TRIBUTADO,0.036,0
synth-cli-0068,rv-bpac11,2026-05-21,1166587.51,MODERADO,MODERADO,4,14.2,4,0.4511,0.0725,0.1757,0.0643,0.0,0.0,0.4511,0,RENDA_VARIAVEL,4,19.32,ARROJADO,0.0,ISENTO,0.067,0
synth-cli-0068,firf-0,2026-01-09,1166587.51,MODERADO,MODERADO,4,14.2,4,0.4511,0.0725,0.1757,0.0643,0.0,0.0,0.4511,0,FUNDOS,2,12.61,CONSERVADOR,0.86,TRIBUTADO,1.0,1
synth-cli-0068,prev-0,2026-02-14,1166587.51,MODERADO,MODERADO,4,14.2,4,0.4511,0.0725,0.1757,0.0643,0.0,0.0,0.4511,0,PREVIDENCIA,2,10.09,CONSERVADOR,0.96,INCENTIVADO,0.167,0
synth-cli-0068,rv-btlg11,2026-04-14,1166587.51,MODERADO,MODERADO,4,14.2,4,0.4511,0.0725,0.1757,0.0643,0.0,0.0,0.4511,0,RENDA_VARIAVEL,3,11.31,MODERADO,0.0,ISENTO,0.067,0
synth-cli-0068,rf-cdb-1,2026-02-08,1166587.51,MODERADO,MODERADO,4,14.2,4,0.4511,0.0725,0.1757,0.0643,0.0,0.0,0.4511,0,RENDA_FIXA,1,11.46,CONSERVADOR,0.0,TRIBUTADO,0.056,0
synth-cli-0068,cambio-1,2026-04-02,1166587.51,MODERADO,MODERADO,4,14.2,4,0.4511,0.0725,0.1757,0.0643,0.0,0.0,0.4511,0,CAMBIO,4,10.47,ARROJADO,1.77,TRIBUTADO,1.0,0
synth-cli-0068,firf-2,2026-03-12,1166587.51,MODERADO,MODERADO,4,14.2,4,0.4511,0.0725,0.1757,0.0643,0.0,0.0,0.4511,0,FUNDOS,2,11.76,CONSERVADOR,0.78,TRIBUTADO,1.0,1
synth-cli-0069,cambio-1,2026-01-14,5749141.77,MODERADO,ARROJADO,6,14.3,4,0.3952,0.1058,0.2401,0.148,0.0,0.0,0.3952,0,CAMBIO,4,10.47,ARROJADO,1.77,TRIBUTADO,1.0,0
synth-cli-0069,fundo-mm-0,2026-04-12,5749141.77,MODERADO,ARROJADO,6,14.3,4,0.3952,0.1058,0.2401,0.148,0.0,0.0,0.3952,0,FUNDOS,3,14.68,MODERADO,1.33,TRIBUTADO,1.589,1
synth-cli-0069,rv-btlg11,2026-05-25,5749141.77,MODERADO,ARROJADO,6,14.3,4,0.3952,0.1058,0.2401,0.148,0.0,0.0,0.3952,0,RENDA_VARIAVEL,3,11.31,MODERADO,0.0,ISENTO,0.067,0
synth-cli-0069,fundo-mm-2,2026-03-12,5749141.77,MODERADO,ARROJADO,6,14.3,4,0.3952,0.1058,0.2401,0.148,0.0,0.0,0.3952,0,FUNDOS,3,15.29,MODERADO,1.51,TRIBUTADO,1.155,0
synth-cli-0069,rf-pub-2,2026-05-20,5749141.77,MODERADO,ARROJADO,6,14.3,4,0.3952,0.1058,0.2401,0.148,0.0,0.0,0.3952,0,RENDA_FIXA,3,13.26,MODERADO,0.0,INCENTIVADO,36.0,0
synth-cli-0069,rf-isento-2,2026-03-07,5749141.77,MODERADO,ARROJADO,6,14.3,4,0.3952,0.1058,0.2401,0.148,0.0,0.0,0.3952,1,RENDA_FIXA,1,11.97,CONSERVADOR,0.0,ISENTO,24.0,0
synth-cli-0069,rf-cdb-1,2026-01-04,5749141.77,MODERADO,ARROJADO,6,14.3,4,0.3952,0.1058,0.2401,0.148,0.0,0.0,0.3952,0,RENDA_FIXA,1,11.46,CONSERVADOR,0.0,TRIBUTADO,0.056,0
synth-cli-0069,rf-pub-0,2026-05-21,5749141.77,MODERADO,ARROJADO,6,14.3,4,0.3952,0.1058,0.2401,0.148,0.0,0.0,0.3952,0,RENDA_FIXA,1,6.5,CONSERVADOR,0.0,TRIBUTADO,0.033,1
synth-cli-0069,prev-0,2026-02-23,5749141.77,MODERADO,ARROJADO,6,14.3,4,0.3952,0.1058,0.2401,0.148,0.0,0.0,0.3952,0,PREVIDENCIA,2,10.09,CONSERVADOR,0.96,INCENTIVADO,0.167,0
synth-cli-0069,rf-cdb-0,2026-05-11,5749141.77,MODERADO,ARROJADO,6,14.3,4,0.3952,0.1058,0.2401,0.148,0.0,0.0,0.3952,0,RENDA_FIXA,1,12.74,CONSERVADOR,0.0,TRIBUTADO,0.036,0
synth-cli-0069,coe-1,2026-04-25,5749141.77,MODERADO,ARROJADO,6,14.3,4,0.3952,0.1058,0.2401,0.148,0.0,0.0,0.3952,0,ESTRUTURADOS,5,22.09,ARROJADO,0.0,TRIBUTADO,36.0,0
synth-cli-0069,prev-1,2026-02-02,5749141.77,MODERADO,ARROJADO,6,14.3,4,0.3952,0.1058,0.2401,0.148,0.0,0.0,0.3952,0,PREVIDENCIA,3,10.58,MODERADO,0.86,INCENTIVADO,0.167,1
synth-cli-0069,rf-pub-1,2026-05-12,5749141.77,MODERADO,ARROJADO,6,14.3,4,0.3952,0.1058,0.2401,0.148,0.0,0.0,0.3952,0,RENDA_FIXA,3,12.55,MODERADO,0.0,INCENTIVADO,36.0,1
synth-cli-0069,rf-isento-1,2026-04-21,5749141.77,MODERADO,ARROJADO,6,14.3,4,0.3952,0.1058,0.2401,0.148,0.0,0.0,0.3952,0,RENDA_FIXA,1,11.3,CONSERVADOR,0.0,ISENTO,24.0,0
synth-cli-0069,fundo-mm-4,2026-04-17,5749141.77,MODERADO,ARROJADO,6,14.3,4,0.3952,0.1058,0.2401,0.148,0.0,0.0,0.3952,0,FUNDOS,3,12.89,MODERADO,2.27,TRIBUTADO,1.604,1
synth-cli-0069,rf-isento-0,2026-05-26,5749141.77,MODERADO,ARROJADO,6,14.3,4,0.3952,0.1058,0.2401,0.148,0.0,0.0,0.3952,0,RENDA_FIXA,1,11.04,CONSERVADOR,0.0,ISENTO,24.0,0
synth-cli-0070,rf-pub-0,2026-04-16,4262902.97,CONSERVADOR,MODERADO,4,7.2,3,0.4721,0.0,0.0965,0.3154,0.0,0.0,0.4721,0,RENDA_FIXA,1,6.5,CONSERVADOR,0.0,TRIBUTADO,0.033,1
synth-cli-0070,rv-bpac11,2026-05-03,4262902.97,CONSERVADOR,MODERADO,4,7.2,3,0.4721,0.0,0.0965,0.3154,0.0,0.0,0.4721,0,RENDA_VARIAVEL,4,19.32,ARROJADO,0.0,ISENTO,0.067,0
synth-cli-0070,rf-isento-0,2026-05-13,4262902.97,CONSERVADOR,MODERADO,4,7.2,3,0.4721,0.0,0.0965,0.3154,0.0,0.0,0.4721,0,RENDA_FIXA,1,11.04,CONSERVADOR,0.0,ISENTO,24.0,1
synth-cli-0070,rv-btlg11,2026-04-13,4262902.97,CONSERVADOR,MODERADO,4,7.2,3,0.4721,0.0,0.0965,0.3154,0.0,0.0,0.4721,0,RENDA_VARIAVEL,3,11.31,MODERADO,0.0,ISENTO,0.067,0
synth-cli-0070,rf-cdb-4,2026-02-06,4262902.97,CONSERVADOR,MODERADO,4,7.2,3,0.4721,0.0,0.0965,0.3154,0.0,0.0,0.4721,1,RENDA_FIXA,1,11.98,CONSERVADOR,0.0,TRIBUTADO,0.036,0
synth-cli-0070,rf-isento-1,2026-01-26,4262902.97,CONSERVADOR,MODERADO,4,7.2,3,0.4721,0.0,0.0965,0.3154,0.0,0.0,0.4721,0,RENDA_FIXA,1,11.3,CONSERVADOR,0.0,ISENTO,24.0,1
synth-cli-0070,rf-cdb-1,2026-05-23,4262902.97,CONSERVADOR,MODERADO,4,7.2,3,0.4721,0.0,0.0965,0.3154,0.0,0.0,0.4721,0,RENDA_FIXA,1,11.46,CONSERVADOR,0.0,TRIBUTADO,0.056,1
synth-cli-0070,firf-2,2026-03-23,4262902.97,CONSERVADOR,MODERADO,4,7.2,3,0.4721,0.0,0.0965,0.3154,0.0,0.0,0.4721,0,FUNDOS,2,11.76,CONSERVADOR,0.78,TRIBUTADO,1.0,0
synth-cli-0071,firf-1,2026-02-18,2048598.12,MODERADO,MODERADO,6,16.7,4,0.3254,0.0448,0.2238,0.113,0.0,0.0,0.3254,0,FUNDOS,2,12.07,CONSERVADOR,0.99,TRIBUTADO,1.0,0
synth-cli-0071,rf-cdb-3,2026-03-21,2048598.12,MODERADO,MODERADO,6,16.7,4,0.3254,0.0448,0.2238,0.113,0.0,0.0,0.3254,1,RENDA_FIXA,1,13.62,CONSERVADOR,0.0,TRIBUTADO,0.042,0
synth-cli-0071,rf-pub-0,2026-05-09,2048598.12,MODERADO,MODERADO,6,16.7,4,0.3254,0.0448,0.2238,0.113,0.0,0.0,0.3254,0,RENDA_FIXA,1,6.5,CONSERVADOR,0.0,TRIBUTADO,0.033,1
synth-cli-0071,rf-pub-2,2026-04-20,2048598.12,MODERADO,MODERADO,6,16.7,4,0.3254,0.0448,0.2238,0.113,0.0,0.0,0.3254,0,RENDA_FIXA,3,13.26,MODERADO,0.0,INCENTIVADO,36.0,0
synth-cli-0071,rf-cdb-1,2026-01-27,2048598.12,MODERADO,MODERADO,6,16.7,4,0.3254,0.0448,0.2238,0.113,0.0,0.0,0.3254,0,RENDA_FIXA,1,11.46,CONSERVADOR,0.0,TRIBUTADO,0.056,0
synth-cli-0071,cambio-1,2026-03-06,2048598.12,MODERADO,MODERADO,6,16.7,4,0.3254,0.0448,0.2238,0.113,0.0,0.0,0.3254,0,CAMBIO,4,10.47,ARROJADO,1.77,TRIBUTADO,1.0,0
synth-cli-0071,coe-0,2026-01-18,2048598.12,MODERADO,MODERADO,6,16.7,4,0.3254,0.0448,0.2238,0.113,0.0,0.0,0.3254,0,ESTRUTURADOS,5,19.22,ARROJADO,0.0,TRIBUTADO,36.0,0
synth-cli-0071,rf-isento-1,2026-05-04,2048598.12,MODERADO,MODERADO,6,16.7,4,0.3254,0.0448,0.2238,0.113,0.0,0.0,0.3254,0,RENDA_FIXA,1,11.3,CONSERVADOR,0.0,ISENTO,24.0,1
synth-cli-0071,prev-2,2026-03-28,2048598.12,MODERADO,MODERADO,6,16.7,4,0.3254,0.0448,0.2238,0.113,0.0,0.0,0.3254,0,PREVIDENCIA,2,10.47,MODERADO,0.87,INCENTIVADO,0.167,0
synth-cli-0071,rv-ivvb11,2026-05-18,2048598.12,MODERADO,MODERADO,6,16.7,4,0.3254,0.0448,0.2238,0.113,0.0,0.0,0.3254,0,RENDA_VARIAVEL,4,17.47,ARROJADO,0.0,ISENTO,0.067,0
synth-cli-0071,rf-cdb-4,2026-04-08,2048598.12,MODERADO,MODERADO,6,16.7,4,0.3254,0.0448,0.2238,0.113,0.0,0.0,0.3254,0,RENDA_FIXA,1,11.98,CONSERVADOR,0.0,TRIBUTADO,0.036,1
synth-cli-0071,rf-isento-0,2026-04-05,2048598.12,MODERADO,MODERADO,6,16.7,4,0.3254,0.0448,0.2238,0.113,0.0,0.0,0.3254,0,RENDA_FIXA,1,11.04,CONSERVADOR,0.0,ISENTO,24.0,0
synth-cli-0071,rv-itsa4,2026-04-12,2048598.12,MODERADO,MODERADO,6,16.7,4,0.3254,0.0448,0.2238,0.113,0.0,0.0,0.3254,0,RENDA_VARIAVEL,4,15.45,ARROJADO,0.0,TRIBUTADO,0.067,0
synth-cli-0071,rv-bpac11,2026-04-03,2048598.12,MODERADO,MODERADO,6,16.7,4,0.3254,0.0448,0.2238,0.113,0.0,0.0,0.3254,0,RENDA_VARIAVEL,4,19.32,ARROJADO,0.0,ISENTO,0.067,0
synth-cli-0071,rv-btlg11,2026-04-06,2048598.12,MODERADO,MODERADO,6,16.7,4,0.3254,0.0448,0.2238,0.113,0.0,0.0,0.3254,0,RENDA_VARIAVEL,3,11.31,MODERADO,0.0,ISENTO,0.067,1
synth-cli-0071,prev-0,2026-02-21,2048598.12,MODERADO,MODERADO,6,16.7,4,0.3254,0.0448,0.2238,0.113,0.0,0.0,0.3254,0,PREVIDENCIA,2,10.09,CONSERVADOR,0.96,INCENTIVADO,0.167,0
synth-cli-0072,rf-cdb-0,2026-02-24,595711.85,AGRESSIVO,AGRESSIVO,14,60.5,5,0.0,0.2346,0.3562,0.0399,0.1072,0.1221,0.3562,0,RENDA_FIXA,1,12.74,CONSERVADOR,0.0,TRIBUTADO,0.036,0
synth-cli-0072,rf-isento-1,2026-04-01,595711.85,AGRESSIVO,AGRESSIVO,14,60.5,5,0.0,0.2346,0.3562,0.0399,0.1072,0.1221,0.3562,0,RENDA_FIXA,1,11.3,CONSERVADOR,0.0,ISENTO,24.0,1
synth-cli-0072,rf-pub-0,2026-01-25,595711.85,AGRESSIVO,AGRESSIVO,14,60.5,5,0.0,0.2346,0.3562,0.0399,0.1072,0.1221,0.3562,0,RENDA_FIXA,1,6.5,CONSERVADOR,0.0,TRIBUTADO,0.033,1
synth-cli-0072,coe-1,2026-01-09,595711.85,AGRESSIVO,AGRESSIVO,14,60.5,5,0.0,0.2346,0.3562,0.0399,0.1072,0.1221,0.3562,0,ESTRUTURADOS,5,22.09,ARROJADO,0.0,TRIBUTADO,36.0,1
synth-cli-0072,prev-2,2026-05-01,595711.85,AGRESSIVO,AGRESSIVO,14,60.5,5,0.0,0.2346,0.3562,0.0399,0.1072,0.1221,0.3562,0,PREVIDENCIA,2,10.47,MODERADO,0.87,INCENTIVADO,0.167,1
synth-cli-0072,fundo-mm-1,2026-05-24,595711.85,AGRESSIVO,AGRESSIVO,14,60.5,5,0.0,0.2346,0.3562,0.0399,0.1072,0.1221,0.3562,0,FUNDOS,4,15.74,ARROJADO,1.01,TRIBUTADO,1.806,0
synth-cli-0072,rv-itsa4,2026-01-07,595711.85,AGRESSIVO,AGRESSIVO,14,60.5,5,0.0,0.2346,0.3562,0.0399,0.1072,0.1221,0.3562,0,RENDA_VARIAVEL,4,15.45,ARROJADO,0.0,TRIBUTADO,0.067,0
synth-cli-0072,rv-bpac11,2026-02-10,595711.85,AGRESSIVO,AGRESSIVO,14,60.5,5,0.0,0.2346,0.3562,0.0399,0.1072,0.1221,0.3562,0,RENDA_VARIAVEL,4,19.32,ARROJADO,0.0,ISENTO,0.067,1
synth-cli-0072,rf-pub-1,2026-02-08,595711.85,AGRESSIVO,AGRESSIVO,14,60.5,5,0.0,0.2346,0.3562,0.0399,0.1072,0.1221,0.3562,0,RENDA_FIXA,3,12.55,MODERADO,0.0,INCENTIVADO,36.0,1
synth-cli-0072,rf-cdb-2,2026-01-01,595711.85,AGRESSIVO,AGRESSIVO,14,60.5,5,0.0,0.2346,0.3562,0.0399,0.1072,0.1221,0.3562,0,RENDA_FIXA,1,13.08,CONSERVADOR,0.0,TRIBUTADO,0.101,1
synth-cli-0072,rf-cdb-4,2026-01-18,595711.85,AGRESSIVO,AGRESSIVO,14,60.5,5,0.0,0.2346,0.3562,0.0399,0.1072,0.1221,0.3562,0,RENDA_FIXA,1,11.98,CONSERVADOR,0.0,TRIBUTADO,0.036,0
synth-cli-0072,prev-0,2026-02-01,595711.85,AGRESSIVO,AGRESSIVO,14,60.5,5,0.0,0.2346,0.3562,0.0399,0.1072,0.1221,0.3562,0,PREVIDENCIA,2,10.09,CONSERVADOR,0.96,INCENTIVADO,0.167,0
synth-cli-0072,fundo-mm-2,2026-01-08,595711.85,AGRESSIVO,AGRESSIVO,14,60.5,5,0.0,0.2346,0.3562,0.0399,0.1072,0.1221,0.3562,0,FUNDOS,3,15.29,MODERADO,1.51,TRIBUTADO,1.155,0
synth-cli-0072,rf-pub-2,2026-02-22,595711.85,AGRESSIVO,AGRESSIVO,14,60.5,5,0.0,0.2346,0.3562,0.0399,0.1072,0.1221,0.3562,0,RENDA_FIXA,3,13.26,MODERADO,0.0,INCENTIVADO,36.0,1
synth-cli-0072,fundo-mm-3,2026-01-16,595711.85,AGRESSIVO,AGRESSIVO,14,60.5,5,0.0,0.2346,0.3562,0.0399,0.1072,0.1221,0.3562,0,FUNDOS,4,16.33,ARROJADO,1.5,TRIBUTADO,1.093,1
synth-cli-0072,prev-1,2026-03-12,595711.85,AGRESSIVO,AGRESSIVO,14,60.5,5,0.0,0.2346,0.3562,0.0399,0.1072,0.1221,0.3562,0,PREVIDENCIA,3,10.58,MODERADO,0.86,INCENTIVADO,0.167,1
synth-cli-0072,rf-cdb-1,2026-03-04,595711.85,AGRESSIVO,AGRESSIVO,14,60.5,5,0.0,0.2346,0.3562,0.0399,0.1072,0.1221,0.3562,0,RENDA_FIXA,1,11.46,CONSERVADOR,0.0,TRIBUTADO,0.056,1
synth-cli-0073,cambio-0,2026-01-26,6167424.75,AGRESSIVO,AGRESSIVO,13,43.6,4,0.0,0.4915,0.0,0.0495,0.274,0.0993,0.4915,0,CAMBIO,4,11.55,ARROJADO,1.87,TRIBUTADO,1.0,0
synth-cli-0073,cambio-1,2026-02-25,6167424.75,AGRESSIVO,AGRESSIVO,13,43.6,4,0.0,0.4915,0.0,0.0495,0.274,0.0993,0.4915,0,CAMBIO,4,10.47,ARROJADO,1.77,TRIBUTADO,1.0,1
synth-cli-0073,rf-cdb-2,2026-04-27,6167424.75,AGRESSIVO,AGRESSIVO,13,43.6,4,0.0,0.4915,0.0,0.0495,0.274,0.0993,0.4915,0,RENDA_FIXA,1,13.08,CONSERVADOR,0.0,TRIBUTADO,0.101,1
synth-cli-0073,rf-cdb-1,2026-05-14,6167424.75,AGRESSIVO,AGRESSIVO,13,43.6,4,0.0,0.4915,0.0,0.0495,0.274,0.0993,0.4915,0,RENDA_FIXA,1,11.46,CONSERVADOR,0.0,TRIBUTADO,0.056,1
synth-cli-0073,rv-bpac11,2026-02-06,6167424.75,AGRESSIVO,AGRESSIVO,13,43.6,4,0.0,0.4915,0.0,0.0495,0.274,0.0993,0.4915,0,RENDA_VARIAVEL,4,19.32,ARROJADO,0.0,ISENTO,0.067,1
synth-cli-0073,rf-cdb-4,2026-03-11,6167424.75,AGRESSIVO,AGRESSIVO,13,43.6,4,0.0,0.4915,0.0,0.0495,0.274,0.0993,0.4915,0,RENDA_FIXA,1,11.98,CONSERVADOR,0.0,TRIBUTADO,0.036,0
synth-cli-0073,rf-pub-0,2026-05-26,6167424.75,AGRESSIVO,AGRESSIVO,13,43.6,4,0.0,0.4915,0.0,0.0495,0.274,0.0993,0.4915,0,RENDA_FIXA,1,6.5,CONSERVADOR,0.0,TRIBUTADO,0.033,0
synth-cli-0073,fundo-mm-2,2026-02-26,6167424.75,AGRESSIVO,AGRESSIVO,13,43.6,4,0.0,0.4915,0.0,0.0495,0.274,0.0993,0.4915,0,FUNDOS,3,15.29,MODERADO,1.51,TRIBUTADO,1.155,0
synth-cli-0073,firf-0,2026-05-16,6167424.75,AGRESSIVO,AGRESSIVO,13,43.6,4,0.0,0.4915,0.0,0.0495,0.274,0.0993,0.4915,0,FUNDOS,2,12.61,CONSERVADOR,0.86,TRIBUTADO,1.0,1
synth-cli-0073,rf-isento-2,2026-04-18,6167424.75,AGRESSIVO,AGRESSIVO,13,43.6,4,0.0,0.4915,0.0,0.0495,0.274,0.0993,0.4915,0,RENDA_FIXA,1,11.97,CONSERVADOR,0.0,ISENTO,24.0,1
synth-cli-0073,prev-2,2026-04-17,6167424.75,AGRESSIVO,AGRESSIVO,13,43.6,4,0.0,0.4915,0.0,0.0495,0.274,0.0993,0.4915,0,PREVIDENCIA,2,10.47,MODERADO,0.87,INCENTIVADO,0.167,1
synth-cli-0073,prev-0,2026-02-23,6167424.75,AGRESSIVO,AGRESSIVO,13,43.6,4,0.0,0.4915,0.0,0.0495,0.274,0.0993,0.4915,0,PREVIDENCIA,2,10.09,CONSERVADOR,0.96,INCENTIVADO,0.167,0
synth-cli-0073,rv-knri11,2026-01-12,6167424.75,AGRESSIVO,AGRESSIVO,13,43.6,4,0.0,0.4915,0.0,0.0495,0.274,0.0993,0.4915,0,RENDA_VARIAVEL,3,11.32,MODERADO,0.0,ISENTO,0.067,1
synth-cli-0073,prev-1,2026-02-04,6167424.75,AGRESSIVO,AGRESSIVO,13,43.6,4,0.0,0.4915,0.0,0.0495,0.274,0.0993,0.4915,0,PREVIDENCIA,3,10.58,MODERADO,0.86,INCENTIVADO,0.167,0
synth-cli-0073,rf-isento-1,2026-02-10,6167424.75,AGRESSIVO,AGRESSIVO,13,43.6,4,0.0,0.4915,0.0,0.0495,0.274,0.0993,0.4915,0,RENDA_FIXA,1,11.3,CONSERVADOR,0.0,ISENTO,24.0,0
synth-cli-0073,rv-btlg11,2026-05-14,6167424.75,AGRESSIVO,AGRESSIVO,13,43.6,4,0.0,0.4915,0.0,0.0495,0.274,0.0993,0.4915,1,RENDA_VARIAVEL,3,11.31,MODERADO,0.0,ISENTO,0.067,0
synth-cli-0073,rv-ivvb11,2026-02-02,6167424.75,AGRESSIVO,AGRESSIVO,13,43.6,4,0.0,0.4915,0.0,0.0495,0.274,0.0993,0.4915,0,RENDA_VARIAVEL,4,17.47,ARROJADO,0.0,ISENTO,0.067,1
synth-cli-0073,coe-0,2026-01-23,6167424.75,AGRESSIVO,AGRESSIVO,13,43.6,4,0.0,0.4915,0.0,0.0495,0.274,0.0993,0.4915,1,ESTRUTURADOS,5,19.22,ARROJADO,0.0,TRIBUTADO,36.0,0
synth-cli-0073,firf-1,2026-04-12,6167424.75,AGRESSIVO,AGRESSIVO,13,43.6,4,0.0,0.4915,0.0,0.0495,0.274,0.0993,0.4915,0,FUNDOS,2,12.07,CONSERVADOR,0.99,TRIBUTADO,1.0,1
synth-cli-0074,rv-btlg11,2026-02-03,5326135.87,MODERADO,MODERADO,5,12.4,3,0.6849,0.0751,0.0,0.1713,0.0,0.0,0.6849,0,RENDA_VARIAVEL,3,11.31,MODERADO,0.0,ISENTO,0.067,0
synth-cli-0074,rf-cdb-3,2026-01-19,5326135.87,MODERADO,MODERADO,5,12.4,3,0.6849,0.0751,0.0,0.1713,0.0,0.0,0.6849,0,RENDA_FIXA,1,13.62,CONSERVADOR,0.0,TRIBUTADO,0.042,1
synth-cli-0074,rv-itsa4,2026-04-05,5326135.87,MODERADO,MODERADO,5,12.4,3,0.6849,0.0751,0.0,0.1713,0.0,0.0,0.6849,0,RENDA_VARIAVEL,4,15.45,ARROJADO,0.0,TRIBUTADO,0.067,0
synth-cli-0074,firf-2,2026-05-23,5326135.87,MODERADO,MODERADO,5,12.4,3,0.6849,0.0751,0.0,0.1713,0.0,0.0,0.6849,0,FUNDOS,2,11.76,CONSERVADOR,0.78,TRIBUTADO,1.0,1
synth-cli-0074,rf-cdb-2,2026-04-14,5326135.87,MODERADO,MODERADO,5,12.4,3,0.6849,0.0751,0.0,0.1713,0.0,0.0,0.6849,1,RENDA_FIXA,1,13.08,CONSERVADOR,0.0,TRIBUTADO,0.101,0
synth-cli-0074,fundo-mm-4,2026-04-26,5326135.87,MODERADO,MODERADO,5,12.4,3,0.6849,0.0751,0.0,0.1713,0.0,0.0,0.6849,0,FUNDOS,3,12.89,MODERADO,2.27,TRIBUTADO,1.604,0
synth-cli-0074,rv-bpac11,2026-01-10,5326135.87,MODERADO,MODERADO,5,12.4,3,0.6849,0.0751,0.0,0.1713,0.0,0.0,0.6849,0,RENDA_VARIAVEL,4,19.32,ARROJADO,0.0,ISENTO,0.067,0
synth-cli-0074,rf-pub-0,2026-01-21,5326135.87,MODERADO,MODERADO,5,12.4,3,0.6849,0.0751,0.0,0.1713,0.0,0.0,0.6849,0,RENDA_FIXA,1,6.5,CONSERVADOR,0.0,TRIBUTADO,0.033,1
synth-cli-0074,rf-cdb-0,2026-01-13,5326135.87,MODERADO,MODERADO,5,12.4,3,0.6849,0.0751,0.0,0.1713,0.0,0.0,0.6849,0,RENDA_FIXA,1,12.74,CONSERVADOR,0.0,TRIBUTADO,0.036,1
synth-cli-0075,rv-itsa4,2026-04-06,6867286.65,MODERADO,MODERADO,10,10.6,3,0.7182,0.1639,0.0,0.117,0.0,0.0,0.7182,0,RENDA_VARIAVEL,4,15.45,ARROJADO,0.0,TRIBUTADO,0.067,0
synth-cli-0075,coe-1,2026-05-20,6867286.65,MODERADO,MODERADO,10,10.6,3,0.7182,0.1639,0.0,0.117,0.0,0.0,0.7182,0,ESTRUTURADOS,5,22.09,ARROJADO,0.0,TRIBUTADO,36.0,0
synth-cli-0075,fundo-mm-3,2026-04-16,6867286.65,MODERADO,MODERADO,10,10.6,3,0.7182,0.1639,0.0,0.117,0.0,0.0,0.7182,0,FUNDOS,4,16.33,ARROJADO,1.5,TRIBUTADO,1.093,0
synth-cli-0075,firf-1,2026-04-27,6867286.65,MODERADO,MODERADO,10,10.6,3,0.7182,0.1639,0.0,0.117,0.0,0.0,0.7182,0,FUNDOS,2,12.07,CONSERVADOR,0.99,TRIBUTADO,1.0,1
synth-cli-0075,rv-btlg11,2026-01-26,6867286.65,MODERADO,MODERADO,10,10.6,3,0.7182,0.1639,0.0,0.117,0.0,0.0,0.7182,0,RENDA_VARIAVEL,3,11.31,MODERADO,0.0,ISENTO,0.067,0
synth-cli-0075,rf-isento-0,2026-01-03,6867286.65,MODERADO,MODERADO,10,10.6,3,0.7182,0.1639,0.0,0.117,0.0,0.0,0.7182,0,RENDA_FIXA,1,11.04,CONSERVADOR,0.0,ISENTO,24.0,1
synth-cli-0075,firf-2,2026-03-01,6867286.65,MODERADO,MODERADO,10,10.6,3,0.7182,0.1639,0.0,0.117,0.0,0.0,0.7182,0,FUNDOS,2,11.76,CONSERVADOR,0.78,TRIBUTADO,1.0,1
synth-cli-0075,firf-0,2026-02-20,6867286.65,MODERADO,MODERADO,10,10.6,3,0.7182,0.1639,0.0,0.117,0.0,0.0,0.7182,0,FUNDOS,2,12.61,CONSERVADOR,0.86,TRIBUTADO,1.0,1
synth-cli-0075,rf-isento-1,2026-03-07,6867286.65,MODERADO,MODERADO,10,10.6,3,0.7182,0.1639,0.0,0.117,0.0,0.0,0.7182,0,RENDA_FIXA,1,11.3,CONSERVADOR,0.0,ISENTO,24.0,1
synth-cli-0075,rf-pub-2,2026-01-08,6867286.65,MODERADO,MODERADO,10,10.6,3,0.7182,0.1639,0.0,0.117,0.0,0.0,0.7182,0,RENDA_FIXA,3,13.26,MODERADO,0.0,INCENTIVADO,36.0,0
synth-cli-0075,fundo-mm-2,2026-05-19,6867286.65,MODERADO,MODERADO,10,10.6,3,0.7182,0.1639,0.0,0.117,0.0,0.0,0.7182,0,FUNDOS,3,15.29,MODERADO,1.51,TRIBUTADO,1.155,0
synth-cli-0075,rf-pub-0,2026-01-11,6867286.65,MODERADO,MODERADO,10,10.6,3,0.7182,0.1639,0.0,0.117,0.0,0.0,0.7182,0,RENDA_FIXA,1,6.5,CONSERVADOR,0.0,TRIBUTADO,0.033,1
synth-cli-0075,prev-1,2026-03-01,6867286.65,MODERADO,MODERADO,10,10.6,3,0.7182,0.1639,0.0,0.117,0.0,0.0,0.7182,0,PREVIDENCIA,3,10.58,MODERADO,0.86,INCENTIVADO,0.167,0
synth-cli-0075,rf-cdb-2,2026-03-13,6867286.65,MODERADO,MODERADO,10,10.6,3,0.7182,0.1639,0.0,0.117,0.0,0.0,0.7182,0,RENDA_FIXA,1,13.08,CONSERVADOR,0.0,TRIBUTADO,0.101,0
synth-cli-0075,rv-knri11,2026-03-25,6867286.65,MODERADO,MODERADO,10,10.6,3,0.7182,0.1639,0.0,0.117,0.0,0.0,0.7182,0,RENDA_VARIAVEL,3,11.32,MODERADO,0.0,ISENTO,0.067,0
synth-cli-0075,fundo-mm-1,2026-03-05,6867286.65,MODERADO,MODERADO,10,10.6,3,0.7182,0.1639,0.0,0.117,0.0,0.0,0.7182,0,FUNDOS,4,15.74,ARROJADO,1.01,TRIBUTADO,1.806,0
synth-cli-0075,coe-0,2026-01-11,6867286.65,MODERADO,MODERADO,10,10.6,3,0.7182,0.1639,0.0,0.117,0.0,0.0,0.7182,0,ESTRUTURADOS,5,19.22,ARROJADO,0.0,TRIBUTADO,36.0,0
synth-cli-0075,fundo-mm-0,2026-05-04,6867286.65,MODERADO,MODERADO,10,10.6,3,0.7182,0.1639,0.0,0.117,0.0,0.0,0.7182,0,FUNDOS,3,14.68,MODERADO,1.33,TRIBUTADO,1.589,0
synth-cli-0075,rf-cdb-3,2026-04-16,6867286.65,MODERADO,MODERADO,10,10.6,3,0.7182,0.1639,0.0,0.117,0.0,0.0,0.7182,0,RENDA_FIXA,1,13.62,CONSERVADOR,0.0,TRIBUTADO,0.042,1
synth-cli-0075,rf-pub-1,2026-01-10,6867286.65,MODERADO,MODERADO,10,10.6,3,0.7182,0.1639,0.0,0.117,0.0,0.0,0.7182,1,RENDA_FIXA,3,12.55,MODERADO,0.0,INCENTIVADO,36.0,0
synth-cli-0075,prev-2,2026-04-03,6867286.65,MODERADO,MODERADO,10,10.6,3,0.7182,0.1639,0.0,0.117,0.0,0.0,0.7182,0,PREVIDENCIA,2,10.47,MODERADO,0.87,INCENTIVADO,0.167,1
synth-cli-0076,cambio-1,2026-05-21,2296230.22,AGRESSIVO,AGRESSIVO,15,56.9,4,0.2311,0.0,0.4092,0.0782,0.0,0.1647,0.4092,0,CAMBIO,4,10.47,ARROJADO,1.77,TRIBUTADO,1.0,0
synth-cli-0076,rv-btlg11,2026-03-15,2296230.22,AGRESSIVO,AGRESSIVO,15,56.9,4,0.2311,0.0,0.4092,0.0782,0.0,0.1647,0.4092,0,RENDA_VARIAVEL,3,11.31,MODERADO,0.0,ISENTO,0.067,1
synth-cli-0076,rf-pub-2,2026-04-02,2296230.22,AGRESSIVO,AGRESSIVO,15,56.9,4,0.2311,0.0,0.4092,0.0782,0.0,0.1647,0.4092,0,RENDA_FIXA,3,13.26,MODERADO,0.0,INCENTIVADO,36.0,1
synth-cli-0076,rf-pub-1,2026-04-08,2296230.22,AGRESSIVO,AGRESSIVO,15,56.9,4,0.2311,0.0,0.4092,0.0782,0.0,0.1647,0.4092,0,RENDA_FIXA,3,12.55,MODERADO,0.0,INCENTIVADO,36.0,0
synth-cli-0076,prev-1,2026-02-19,2296230.22,AGRESSIVO,AGRESSIVO,15,56.9,4,0.2311,0.0,0.4092,0.0782,0.0,0.1647,0.4092,0,PREVIDENCIA,3,10.58,MODERADO,0.86,INCENTIVADO,0.167,1
synth-cli-0076,rv-itsa4,2026-04-04,2296230.22,AGRESSIVO,AGRESSIVO,15,56.9,4,0.2311,0.0,0.4092,0.0782,0.0,0.1647,0.4092,0,RENDA_VARIAVEL,4,15.45,ARROJADO,0.0,TRIBUTADO,0.067,1
synth-cli-0076,rv-ivvb11,2026-05-28,2296230.22,AGRESSIVO,AGRESSIVO,15,56.9,4,0.2311,0.0,0.4092,0.0782,0.0,0.1647,0.4092,0,RENDA_VARIAVEL,4,17.47,ARROJADO,0.0,ISENTO,0.067,1
synth-cli-0076,rf-cdb-4,2026-01-16,2296230.22,AGRESSIVO,AGRESSIVO,15,56.9,4,0.2311,0.0,0.4092,0.0782,0.0,0.1647,0.4092,0,RENDA_FIXA,1,11.98,CONSERVADOR,0.0,TRIBUTADO,0.036,0
synth-cli-0076,cambio-0,2026-03-06,2296230.22,AGRESSIVO,AGRESSIVO,15,56.9,4,0.2311,0.0,0.4092,0.0782,0.0,0.1647,0.4092,1,CAMBIO,4,11.55,ARROJADO,1.87,TRIBUTADO,1.0,0
synth-cli-0076,rf-pub-0,2026-03-12,2296230.22,AGRESSIVO,AGRESSIVO,15,56.9,4,0.2311,0.0,0.4092,0.0782,0.0,0.1647,0.4092,0,RENDA_FIXA,1,6.5,CONSERVADOR,0.0,TRIBUTADO,0.033,0
synth-cli-0077,rf-cdb-2,2026-01-19,1056797.77,CONSERVADOR,CONSERVADOR,4,5.7,3,0.5265,0.0,0.0849,0.1241,0.0,0.0,0.5265,1,RENDA_FIXA,1,13.08,CONSERVADOR,0.0,TRIBUTADO,0.101,0
synth-cli-0077,rf-pub-0,2026-03-28,1056797.77,CONSERVADOR,CONSERVADOR,4,5.7,3,0.5265,0.0,0.0849,0.1241,0.0,0.0,0.5265,0,RENDA_FIXA,1,6.5,CONSERVADOR,0.0,TRIBUTADO,0.033,0
synth-cli-0077,rv-btlg11,2026-04-28,1056797.77,CONSERVADOR,CONSERVADOR,4,5.7,3,0.5265,0.0,0.0849,0.1241,0.0,0.0,0.5265,0,RENDA_VARIAVEL,3,11.31,MODERADO,0.0,ISENTO,0.067,0
synth-cli-0077,prev-0,2026-02-15,1056797.77,CONSERVADOR,CONSERVADOR,4,5.7,3,0.5265,0.0,0.0849,0.1241,0.0,0.0,0.5265,0,PREVIDENCIA,2,10.09,CONSERVADOR,0.96,INCENTIVADO,0.167,0
synth-cli-0077,fundo-mm-3,2026-05-11,1056797.77,CONSERVADOR,CONSERVADOR,4,5.7,3,0.5265,0.0,0.0849,0.1241,0.0,0.0,0.5265,0,FUNDOS,4,16.33,ARROJADO,1.5,TRIBUTADO,1.093,0
synth-cli-0077,rf-isento-0,2026-04-17,1056797.77,CONSERVADOR,CONSERVADOR,4,5.7,3,0.5265,0.0,0.0849,0.1241,0.0,0.0,0.5265,1,RENDA_FIXA,1,11.04,CONSERVADOR,0.0,ISENTO,24.0,0
synth-cli-0077,fundo-mm-4,2026-01-20,1056797.77,CONSERVADOR,CONSERVADOR,4,5.7,3,0.5265,0.0,0.0849,0.1241,0.0,0.0,0.5265,0,FUNDOS,3,12.89,MODERADO,2.27,TRIBUTADO,1.604,0
synth-cli-0077,prev-1,2026-01-24,1056797.77,CONSERVADOR,CONSERVADOR,4,5.7,3,0.5265,0.0,0.0849,0.1241,0.0,0.0,0.5265,0,PREVIDENCIA,3,10.58,MODERADO,0.86,INCENTIVADO,0.167,1
synth-cli-0077,prev-2,2026-05-01,1056797.77,CONSERVADOR,CONSERVADOR,4,5.7,3,0.5265,0.0,0.0849,0.1241,0.0,0.0,0.5265,0,PREVIDENCIA,2,10.47,MODERADO,0.87,INCENTIVADO,0.167,0
synth-cli-0077,rv-ivvb11,2026-01-10,1056797.77,CONSERVADOR,CONSERVADOR,4,5.7,3,0.5265,0.0,0.0849,0.1241,0.0,0.0,0.5265,0,RENDA_VARIAVEL,4,17.47,ARROJADO,0.0,ISENTO,0.067,0
synth-cli-0078,rf-pub-0,2026-02-13,4894226.15,ARROJADO,ARROJADO,15,23.1,4,0.0,0.3268,0.3555,0.0,0.1331,0.0633,0.3555,0,RENDA_FIXA,1,6.5,CONSERVADOR,0.0,TRIBUTADO,0.033,0
synth-cli-0078,firf-2,2026-03-11,4894226.15,ARROJADO,ARROJADO,15,23.1,4,0.0,0.3268,0.3555,0.0,0.1331,0.0633,0.3555,0,FUNDOS,2,11.76,CONSERVADOR,0.78,TRIBUTADO,1.0,0
synth-cli-0078,fundo-mm-1,2026-04-07,4894226.15,ARROJADO,ARROJADO,15,23.1,4,0.0,0.3268,0.3555,0.0,0.1331,0.0633,0.3555,1,FUNDOS,4,15.74,ARROJADO,1.01,TRIBUTADO,1.806,1
synth-cli-0078,coe-0,2026-04-04,4894226.15,ARROJADO,ARROJADO,15,23.1,4,0.0,0.3268,0.3555,0.0,0.1331,0.0633,0.3555,0,ESTRUTURADOS,5,19.22,ARROJADO,0.0,TRIBUTADO,36.0,0
synth-cli-0078,rf-cdb-2,2026-04-05,4894226.15,ARROJADO,ARROJADO,15,23.1,4,0.0,0.3268,0.3555,0.0,0.1331,0.0633,0.3555,0,RENDA_FIXA,1,13.08,CONSERVADOR,0.0,TRIBUTADO,0.101,1
synth-cli-0078,rf-pub-2,2026-03-19,4894226.15,ARROJADO,ARROJADO,15,23.1,4,0.0,0.3268,0.3555,0.0,0.1331,0.0633,0.3555,0,RENDA_FIXA,3,13.26,MODERADO,0.0,INCENTIVADO,36.0,1
synth-cli-0078,coe-1,2026-05-25,4894226.15,ARROJADO,ARROJADO,15,23.1,4,0.0,0.3268,0.3555,0.0,0.1331,0.0633,0.3555,0,ESTRUTURADOS,5,22.09,ARROJADO,0.0,TRIBUTADO,36.0,0
synth-cli-0078,fundo-mm-3,2026-03-26,4894226.15,ARROJADO,ARROJADO,15,23.1,4,0.0,0.3268,0.3555,0.0,0.1331,0.0633,0.3555,0,FUNDOS,4,16.33,ARROJADO,1.5,TRIBUTADO,1.093,0
synth-cli-0078,rv-itsa4,2026-04-07,4894226.15,ARROJADO,ARROJADO,15,23.1,4,0.0,0.3268,0.3555,0.0,0.1331,0.0633,0.3555,0,RENDA_VARIAVEL,4,15.45,ARROJADO,0.0,TRIBUTADO,0.067,0
synth-cli-0078,prev-2,2026-04-09,4894226.15,ARROJADO,ARROJADO,15,23.1,4,0.0,0.3268,0.3555,0.0,0.1331,0.0633,0.3555,0,PREVIDENCIA,2,10.47,MODERADO,0.87,INCENTIVADO,0.167,0
synth-cli-0078,fundo-mm-0,2026-02-03,4894226.15,ARROJADO,ARROJADO,15,23.1,4,0.0,0.3268,0.3555,0.0,0.1331,0.0633,0.3555,0,FUNDOS,3,14.68,MODERADO,1.33,TRIBUTADO,1.589,1
synth-cli-0078,rv-knri11,2026-04-28,4894226.15,ARROJADO,ARROJADO,15,23.1,4,0.0,0.3268,0.3555,0.0,0.1331,0.0633,0.3555,0,RENDA_VARIAVEL,3,11.32,MODERADO,0.0,ISENTO,0.067,1
synth-cli-0078,rv-bpac11,2026-02-22,4894226.15,ARROJADO,ARROJADO,15,23.1,4,0.0,0.3268,0.3555,0.0,0.1331,0.0633,0.3555,0,RENDA_VARIAVEL,4,19.32,ARROJADO,0.0,ISENTO,0.067,0
synth-cli-0078,firf-1,2026-02-27,4894226.15,ARROJADO,ARROJADO,15,23.1,4,0.0,0.3268,0.3555,0.0,0.1331,0.0633,0.3555,0,FUNDOS,2,12.07,CONSERVADOR,0.99,TRIBUTADO,1.0,0
synth-cli-0078,cambio-0,2026-04-11,4894226.15,ARROJADO,ARROJADO,15,23.1,4,0.0,0.3268,0.3555,0.0,0.1331,0.0633,0.3555,0,CAMBIO,4,11.55,ARROJADO,1.87,TRIBUTADO,1.0,0
synth-cli-0078,rf-cdb-3,2026-04-16,4894226.15,ARROJADO,ARROJADO,15,23.1,4,0.0,0.3268,0.3555,0.0,0.1331,0.0633,0.3555,0,RENDA_FIXA,1,13.62,CONSERVADOR,0.0,TRIBUTADO,0.042,1
synth-cli-0078,rf-cdb-1,2026-02-23,4894226.15,ARROJADO,ARROJADO,15,23.1,4,0.0,0.3268,0.3555,0.0,0.1331,0.0633,0.3555,0,RENDA_FIXA,1,11.46,CONSERVADOR,0.0,TRIBUTADO,0.056,1
synth-cli-0078,rv-btlg11,2026-01-18,4894226.15,ARROJADO,ARROJADO,15,23.1,4,0.0,0.3268,0.3555,0.0,0.1331,0.0633,0.3555,0,RENDA_VARIAVEL,3,11.31,MODERADO,0.0,ISENTO,0.067,0
synth-cli-0078,rv-ivvb11,2026-05-07,4894226.15,ARROJADO,ARROJADO,15,23.1,4,0.0,0.3268,0.3555,0.0,0.1331,0.0633,0.3555,0,RENDA_VARIAVEL,4,17.47,ARROJADO,0.0,ISENTO,0.067,0
synth-cli-0078,firf-0,2026-05-20,4894226.15,ARROJADO,ARROJADO,15,23.1,4,0.0,0.3268,0.3555,0.0,0.1331,0.0633,0.3555,0,FUNDOS,2,12.61,CONSERVADOR,0.86,TRIBUTADO,1.0,1
synth-cli-0079,rf-isento-2,2026-04-09,658176.07,AGRESSIVO,AGRESSIVO,15,37.7,4,0.089,0.3102,0.3419,0.0514,0.0,0.0,0.3991,0,RENDA_FIXA,1,11.97,CONSERVADOR,0.0,ISENTO,24.0,0
synth-cli-0079,rv-itsa4,2026-01-15,658176.07,AGRESSIVO,AGRESSIVO,15,37.7,4,0.089,0.3102,0.3419,0.0514,0.0,0.0,0.3991,0,RENDA_VARIAVEL,4,15.45,ARROJADO,0.0,TRIBUTADO,0.067,1
synth-cli-0079,prev-2,2026-05-04,658176.07,AGRESSIVO,AGRESSIVO,15,37.7,4,0.089,0.3102,0.3419,0.0514,0.0,0.0,0.3991,0,PREVIDENCIA,2,10.47,MODERADO,0.87,INCENTIVADO,0.167,0
synth-cli-0079,rv-knri11,2026-02-14,658176.07,AGRESSIVO,AGRESSIVO,15,37.7,4,0.089,0.3102,0.3419,0.0514,0.0,0.0,0.3991,0,RENDA_VARIAVEL,3,11.32,MODERADO,0.0,ISENTO,0.067,1
synth-cli-0079,coe-0,2026-02-20,658176.07,AGRESSIVO,AGRESSIVO,15,37.7,4,0.089,0.3102,0.3419,0.0514,0.0,0.0,0.3991,1,ESTRUTURADOS,5,19.22,ARROJADO,0.0,TRIBUTADO,36.0,0
synth-cli-0079,coe-1,2026-05-01,658176.07,AGRESSIVO,AGRESSIVO,15,37.7,4,0.089,0.3102,0.3419,0.0514,0.0,0.0,0.3991,0,ESTRUTURADOS,5,22.09,ARROJADO,0.0,TRIBUTADO,36.0,0
synth-cli-0079,prev-1,2026-03-01,658176.07,AGRESSIVO,AGRESSIVO,15,37.7,4,0.089,0.3102,0.3419,0.0514,0.0,0.0,0.3991,0,PREVIDENCIA,3,10.58,MODERADO,0.86,INCENTIVADO,0.167,1
synth-cli-0079,cambio-1,2026-01-23,658176.07,AGRESSIVO,AGRESSIVO,15,37.7,4,0.089,0.3102,0.3419,0.0514,0.0,0.0,0.3991,0,CAMBIO,4,10.47,ARROJADO,1.77,TRIBUTADO,1.0,0
synth-cli-0079,rf-cdb-0,2026-04-14,658176.07,AGRESSIVO,AGRESSIVO,15,37.7,4,0.089,0.3102,0.3419,0.0514,0.0,0.0,0.3991,1,RENDA_FIXA,1,12.74,CONSERVADOR,0.0,TRIBUTADO,0.036,0
synth-cli-0079,rf-cdb-4,2026-03-27,658176.07,AGRESSIVO,AGRESSIVO,15,37.7,4,0.089,0.3102,0.3419,0.0514,0.0,0.0,0.3991,0,RENDA_FIXA,1,11.98,CONSERVADOR,0.0,TRIBUTADO,0.036,0
synth-cli-0079,fundo-mm-3,2026-01-06,658176.07,AGRESSIVO,AGRESSIVO,15,37.7,4,0.089,0.3102,0.3419,0.0514,0.0,0.0,0.3991,0,FUNDOS,4,16.33,ARROJADO,1.5,TRIBUTADO,1.093,0
synth-cli-0079,cambio-0,2026-03-06,658176.07,AGRESSIVO,AGRESSIVO,15,37.7,4,0.089,0.3102,0.3419,0.0514,0.0,0.0,0.3991,0,CAMBIO,4,11.55,ARROJADO,1.87,TRIBUTADO,1.0,0
synth-cli-0080,rv-bpac11,2026-05-26,603144.78,ARROJADO,ARROJADO,6,25.7,2,0.0,0.7414,0.0,0.0,0.0,0.0932,0.7414,0,RENDA_VARIAVEL,4,19.32,ARROJADO,0.0,ISENTO,0.067,1
synth-cli-0080,rf-pub-0,2026-02-25,603144.78,ARROJADO,ARROJADO,6,25.7,2,0.0,0.7414,0.0,0.0,0.0,0.0932,0.7414,0,RENDA_FIXA,1,6.5,CONSERVADOR,0.0,TRIBUTADO,0.033,1
synth-cli-0080,firf-1,2026-04-04,603144.78,ARROJADO,ARROJADO,6,25.7,2,0.0,0.7414,0.0,0.0,0.0,0.0932,0.7414,0,FUNDOS,2,12.07,CONSERVADOR,0.99,TRIBUTADO,1.0,1
synth-cli-0080,fundo-mm-2,2026-04-14,603144.78,ARROJADO,ARROJADO,6,25.7,2,0.0,0.7414,0.0,0.0,0.0,0.0932,0.7414,0,FUNDOS,3,15.29,MODERADO,1.51,TRIBUTADO,1.155,1
synth-cli-0080,fundo-mm-1,2026-04-01,603144.78,ARROJADO,ARROJADO,6,25.7,2,0.0,0.7414,0.0,0.0,0.0,0.0932,0.7414,0,FUNDOS,4,15.74,ARROJADO,1.01,TRIBUTADO,1.806,0
synth-cli-0080,rf-isento-1,2026-03-22,603144.78,ARROJADO,ARROJADO,6,25.7,2,0.0,0.7414,0.0,0.0,0.0,0.0932,0.7414,0,RENDA_FIXA,1,11.3,CONSERVADOR,0.0,ISENTO,24.0,1
synth-cli-0080,rv-itsa4,2026-04-22,603144.78,ARROJADO,ARROJADO,6,25.7,2,0.0,0.7414,0.0,0.0,0.0,0.0932,0.7414,0,RENDA_VARIAVEL,4,15.45,ARROJADO,0.0,TRIBUTADO,0.067,1
synth-cli-0080,rv-btlg11,2026-04-02,603144.78,ARROJADO,ARROJADO,6,25.7,2,0.0,0.7414,0.0,0.0,0.0,0.0932,0.7414,1,RENDA_VARIAVEL,3,11.31,MODERADO,0.0,ISENTO,0.067,0
synth-cli-0080,prev-0,2026-05-27,603144.78,ARROJADO,ARROJADO,6,25.7,2,0.0,0.7414,0.0,0.0,0.0,0.0932,0.7414,0,PREVIDENCIA,2,10.09,CONSERVADOR,0.96,INCENTIVADO,0.167,0
synth-cli-0080,coe-0,2026-03-11,603144.78,ARROJADO,ARROJADO,6,25.7,2,0.0,0.7414,0.0,0.0,0.0,0.0932,0.7414,1,ESTRUTURADOS,5,19.22,ARROJADO,0.0,TRIBUTADO,36.0,0
synth-cli-0080,rv-ivvb11,2026-05-14,603144.78,ARROJADO,ARROJADO,6,25.7,2,0.0,0.7414,0.0,0.0,0.0,0.0932,0.7414,0,RENDA_VARIAVEL,4,17.47,ARROJADO,0.0,ISENTO,0.067,1
synth-cli-0080,prev-1,2026-04-27,603144.78,ARROJADO,ARROJADO,6,25.7,2,0.0,0.7414,0.0,0.0,0.0,0.0932,0.7414,0,PREVIDENCIA,3,10.58,MODERADO,0.86,INCENTIVADO,0.167,1
synth-cli-0080,rf-cdb-3,2026-05-14,603144.78,ARROJADO,ARROJADO,6,25.7,2,0.0,0.7414,0.0,0.0,0.0,0.0932,0.7414,0,RENDA_FIXA,1,13.62,CONSERVADOR,0.0,TRIBUTADO,0.042,1
synth-cli-0080,rf-cdb-2,2026-02-13,603144.78,ARROJADO,ARROJADO,6,25.7,2,0.0,0.7414,0.0,0.0,0.0,0.0932,0.7414,0,RENDA_FIXA,1,13.08,CONSERVADOR,0.0,TRIBUTADO,0.101,0
synth-cli-0080,firf-2,2026-05-06,603144.78,ARROJADO,ARROJADO,6,25.7,2,0.0,0.7414,0.0,0.0,0.0,0.0932,0.7414,0,FUNDOS,2,11.76,CONSERVADOR,0.78,TRIBUTADO,1.0,0
synth-cli-0080,coe-1,2026-01-23,603144.78,ARROJADO,ARROJADO,6,25.7,2,0.0,0.7414,0.0,0.0,0.0,0.0932,0.7414,0,ESTRUTURADOS,5,22.09,ARROJADO,0.0,TRIBUTADO,36.0,0
synth-cli-0080,rf-isento-2,2026-04-27,603144.78,ARROJADO,ARROJADO,6,25.7,2,0.0,0.7414,0.0,0.0,0.0,0.0932,0.7414,0,RENDA_FIXA,1,11.97,CONSERVADOR,0.0,ISENTO,24.0,1
synth-cli-0080,rf-cdb-0,2026-03-27,603144.78,ARROJADO,ARROJADO,6,25.7,2,0.0,0.7414,0.0,0.0,0.0,0.0932,0.7414,1,RENDA_FIXA,1,12.74,CONSERVADOR,0.0,TRIBUTADO,0.036,0
synth-cli-0080,cambio-1,2026-03-07,603144.78,ARROJADO,ARROJADO,6,25.7,2,0.0,0.7414,0.0,0.0,0.0,0.0932,0.7414,0,CAMBIO,4,10.47,ARROJADO,1.77,TRIBUTADO,1.0,0
synth-cli-0080,rf-pub-1,2026-05-05,603144.78,ARROJADO,ARROJADO,6,25.7,2,0.0,0.7414,0.0,0.0,0.0,0.0932,0.7414,0,RENDA_FIXA,3,12.55,MODERADO,0.0,INCENTIVADO,36.0,1
synth-cli-0080,rf-cdb-1,2026-05-03,603144.78,ARROJADO,ARROJADO,6,25.7,2,0.0,0.7414,0.0,0.0,0.0,0.0932,0.7414,0,RENDA_FIXA,1,11.46,CONSERVADOR,0.0,TRIBUTADO,0.056,1
synth-cli-0080,rf-pub-2,2026-04-21,603144.78,ARROJADO,ARROJADO,6,25.7,2,0.0,0.7414,0.0,0.0,0.0,0.0932,0.7414,0,RENDA_FIXA,3,13.26,MODERADO,0.0,INCENTIVADO,36.0,1
synth-cli-0080,rf-isento-0,2026-03-06,603144.78,ARROJADO,ARROJADO,6,25.7,2,0.0,0.7414,0.0,0.0,0.0,0.0932,0.7414,0,RENDA_FIXA,1,11.04,CONSERVADOR,0.0,ISENTO,24.0,1
synth-cli-0080,fundo-mm-3,2026-05-27,603144.78,ARROJADO,ARROJADO,6,25.7,2,0.0,0.7414,0.0,0.0,0.0,0.0932,0.7414,0,FUNDOS,4,16.33,ARROJADO,1.5,TRIBUTADO,1.093,1
synth-cli-0080,cambio-0,2026-04-25,603144.78,ARROJADO,ARROJADO,6,25.7,2,0.0,0.7414,0.0,0.0,0.0,0.0932,0.7414,0,CAMBIO,4,11.55,ARROJADO,1.87,TRIBUTADO,1.0,1
synth-cli-0081,rv-itsa4,2026-02-03,4160386.43,CONSERVADOR,CONSERVADOR,4,5.8,3,0.4049,0.0,0.1195,0.2795,0.0,0.0,0.4049,0,RENDA_VARIAVEL,4,15.45,ARROJADO,0.0,TRIBUTADO,0.067,0
synth-cli-0081,rf-cdb-1,2026-03-27,4160386.43,CONSERVADOR,CONSERVADOR,4,5.8,3,0.4049,0.0,0.1195,0.2795,0.0,0.0,0.4049,1,RENDA_FIXA,1,11.46,CONSERVADOR,0.0,TRIBUTADO,0.056,0
synth-cli-0081,rf-isento-0,2026-04-03,4160386.43,CONSERVADOR,CONSERVADOR,4,5.8,3,0.4049,0.0,0.1195,0.2795,0.0,0.0,0.4049,0,RENDA_FIXA,1,11.04,CONSERVADOR,0.0,ISENTO,24.0,0
synth-cli-0081,rf-cdb-2,2026-01-07,4160386.43,CONSERVADOR,CONSERVADOR,4,5.8,3,0.4049,0.0,0.1195,0.2795,0.0,0.0,0.4049,0,RENDA_FIXA,1,13.08,CONSERVADOR,0.0,TRIBUTADO,0.101,1
synth-cli-0081,rf-cdb-4,2026-04-26,4160386.43,CONSERVADOR,CONSERVADOR,4,5.8,3,0.4049,0.0,0.1195,0.2795,0.0,0.0,0.4049,0,RENDA_FIXA,1,11.98,CONSERVADOR,0.0,TRIBUTADO,0.036,1
synth-cli-0081,rv-ivvb11,2026-03-01,4160386.43,CONSERVADOR,CONSERVADOR,4,5.8,3,0.4049,0.0,0.1195,0.2795,0.0,0.0,0.4049,0,RENDA_VARIAVEL,4,17.47,ARROJADO,0.0,ISENTO,0.067,0
synth-cli-0081,rf-cdb-0,2026-05-21,4160386.43,CONSERVADOR,CONSERVADOR,4,5.8,3,0.4049,0.0,0.1195,0.2795,0.0,0.0,0.4049,0,RENDA_FIXA,1,12.74,CONSERVADOR,0.0,TRIBUTADO,0.036,0
synth-cli-0081,prev-1,2026-01-04,4160386.43,CONSERVADOR,CONSERVADOR,4,5.8,3,0.4049,0.0,0.1195,0.2795,0.0,0.0,0.4049,0,PREVIDENCIA,3,10.58,MODERADO,0.86,INCENTIVADO,0.167,0
synth-cli-0081,firf-2,2026-03-16,4160386.43,CONSERVADOR,CONSERVADOR,4,5.8,3,0.4049,0.0,0.1195,0.2795,0.0,0.0,0.4049,0,FUNDOS,2,11.76,CONSERVADOR,0.78,TRIBUTADO,1.0,1
synth-cli-0081,rf-cdb-3,2026-05-24,4160386.43,CONSERVADOR,CONSERVADOR,4,5.8,3,0.4049,0.0,0.1195,0.2795,0.0,0.0,0.4049,0,RENDA_FIXA,1,13.62,CONSERVADOR,0.0,TRIBUTADO,0.042,1
synth-cli-0081,cambio-1,2026-01-07,4160386.43,CONSERVADOR,CONSERVADOR,4,5.8,3,0.4049,0.0,0.1195,0.2795,0.0,0.0,0.4049,0,CAMBIO,4,10.47,ARROJADO,1.77,TRIBUTADO,1.0,0
synth-cli-0081,fundo-mm-3,2026-05-01,4160386.43,CONSERVADOR,CONSERVADOR,4,5.8,3,0.4049,0.0,0.1195,0.2795,0.0,0.0,0.4049,0,FUNDOS,4,16.33,ARROJADO,1.5,TRIBUTADO,1.093,0
synth-cli-0081,rv-knri11,2026-02-07,4160386.43,CONSERVADOR,CONSERVADOR,4,5.8,3,0.4049,0.0,0.1195,0.2795,0.0,0.0,0.4049,0,RENDA_VARIAVEL,3,11.32,MODERADO,0.0,ISENTO,0.067,0
synth-cli-0081,rv-btlg11,2026-01-07,4160386.43,CONSERVADOR,CONSERVADOR,4,5.8,3,0.4049,0.0,0.1195,0.2795,0.0,0.0,0.4049,0,RENDA_VARIAVEL,3,11.31,MODERADO,0.0,ISENTO,0.067,0
synth-cli-0081,prev-2,2026-02-08,4160386.43,CONSERVADOR,CONSERVADOR,4,5.8,3,0.4049,0.0,0.1195,0.2795,0.0,0.0,0.4049,0,PREVIDENCIA,2,10.47,MODERADO,0.87,INCENTIVADO,0.167,0
synth-cli-0081,rf-isento-1,2026-02-09,4160386.43,CONSERVADOR,CONSERVADOR,4,5.8,3,0.4049,0.0,0.1195,0.2795,0.0,0.0,0.4049,1,RENDA_FIXA,1,11.3,CONSERVADOR,0.0,ISENTO,24.0,0
synth-cli-0082,fundo-mm-4,2026-03-13,43663611.68,CONSERVADOR,CONSERVADOR,2,3.7,1,0.0,0.0,0.8317,0.0,0.0,0.0,0.8317,0,FUNDOS,3,12.89,MODERADO,2.27,TRIBUTADO,1.604,0
synth-cli-0082,rf-pub-1,2026-05-10,43663611.68,CONSERVADOR,CONSERVADOR,2,3.7,1,0.0,0.0,0.8317,0.0,0.0,0.0,0.8317,0,RENDA_FIXA,3,12.55,MODERADO,0.0,INCENTIVADO,36.0,0
synth-cli-0082,rf-cdb-2,2026-02-24,43663611.68,CONSERVADOR,CONSERVADOR,2,3.7,1,0.0,0.0,0.8317,0.0,0.0,0.0,0.8317,0,RENDA_FIXA,1,13.08,CONSERVADOR,0.0,TRIBUTADO,0.101,1
synth-cli-0082,fundo-mm-0,2026-04-14,43663611.68,CONSERVADOR,CONSERVADOR,2,3.7,1,0.0,0.0,0.8317,0.0,0.0,0.0,0.8317,0,FUNDOS,3,14.68,MODERADO,1.33,TRIBUTADO,1.589,0
synth-cli-0082,rv-btlg11,2026-03-27,43663611.68,CONSERVADOR,CONSERVADOR,2,3.7,1,0.0,0.0,0.8317,0.0,0.0,0.0,0.8317,0,RENDA_VARIAVEL,3,11.31,MODERADO,0.0,ISENTO,0.067,0
synth-cli-0082,firf-1,2026-01-20,43663611.68,CONSERVADOR,CONSERVADOR,2,3.7,1,0.0,0.0,0.8317,0.0,0.0,0.0,0.8317,0,FUNDOS,2,12.07,CONSERVADOR,0.99,TRIBUTADO,1.0,0
synth-cli-0082,rv-ivvb11,2026-02-19,43663611.68,CONSERVADOR,CONSERVADOR,2,3.7,1,0.0,0.0,0.8317,0.0,0.0,0.0,0.8317,0,RENDA_VARIAVEL,4,17.47,ARROJADO,0.0,ISENTO,0.067,0
synth-cli-0082,rf-isento-1,2026-04-06,43663611.68,CONSERVADOR,CONSERVADOR,2,3.7,1,0.0,0.0,0.8317,0.0,0.0,0.0,0.8317,0,RENDA_FIXA,1,11.3,CONSERVADOR,0.0,ISENTO,24.0,0
synth-cli-0082,fundo-mm-3,2026-05-09,43663611.68,CONSERVADOR,CONSERVADOR,2,3.7,1,0.0,0.0,0.8317,0.0,0.0,0.0,0.8317,0,FUNDOS,4,16.33,ARROJADO,1.5,TRIBUTADO,1.093,0
synth-cli-0082,cambio-1,2026-03-20,43663611.68,CONSERVADOR,CONSERVADOR,2,3.7,1,0.0,0.0,0.8317,0.0,0.0,0.0,0.8317,0,CAMBIO,4,10.47,ARROJADO,1.77,TRIBUTADO,1.0,0
synth-cli-0082,fundo-mm-2,2026-05-12,43663611.68,CONSERVADOR,CONSERVADOR,2,3.7,1,0.0,0.0,0.8317,0.0,0.0,0.0,0.8317,0,FUNDOS,3,15.29,MODERADO,1.51,TRIBUTADO,1.155,0
synth-cli-0082,firf-0,2026-01-06,43663611.68,CONSERVADOR,CONSERVADOR,2,3.7,1,0.0,0.0,0.8317,0.0,0.0,0.0,0.8317,0,FUNDOS,2,12.61,CONSERVADOR,0.86,TRIBUTADO,1.0,0
synth-cli-0082,fundo-mm-1,2026-04-26,43663611.68,CONSERVADOR,CONSERVADOR,2,3.7,1,0.0,0.0,0.8317,0.0,0.0,0.0,0.8317,0,FUNDOS,4,15.74,ARROJADO,1.01,TRIBUTADO,1.806,0
synth-cli-0082,cambio-0,2026-02-03,43663611.68,CONSERVADOR,CONSERVADOR,2,3.7,1,0.0,0.0,0.8317,0.0,0.0,0.0,0.8317,0,CAMBIO,4,11.55,ARROJADO,1.87,TRIBUTADO,1.0,0
synth-cli-0082,rf-isento-0,2026-03-12,43663611.68,CONSERVADOR,CONSERVADOR,2,3.7,1,0.0,0.0,0.8317,0.0,0.0,0.0,0.8317,0,RENDA_FIXA,1,11.04,CONSERVADOR,0.0,ISENTO,24.0,1
synth-cli-0082,rf-pub-0,2026-01-23,43663611.68,CONSERVADOR,CONSERVADOR,2,3.7,1,0.0,0.0,0.8317,0.0,0.0,0.0,0.8317,0,RENDA_FIXA,1,6.5,CONSERVADOR,0.0,TRIBUTADO,0.033,1
synth-cli-0083,rf-pub-1,2026-01-19,427702.79,CONSERVADOR,CONSERVADOR,4,7.0,3,0.3812,0.0,0.0907,0.4921,0.0,0.0,0.4921,0,RENDA_FIXA,3,12.55,MODERADO,0.0,INCENTIVADO,36.0,0
synth-cli-0083,fundo-mm-3,2026-04-22,427702.79,CONSERVADOR,CONSERVADOR,4,7.0,3,0.3812,0.0,0.0907,0.4921,0.0,0.0,0.4921,0,FUNDOS,4,16.33,ARROJADO,1.5,TRIBUTADO,1.093,0
synth-cli-0083,firf-2,2026-03-27,427702.79,CONSERVADOR,CONSERVADOR,4,7.0,3,0.3812,0.0,0.0907,0.4921,0.0,0.0,0.4921,0,FUNDOS,2,11.76,CONSERVADOR,0.78,TRIBUTADO,1.0,0
synth-cli-0083,prev-1,2026-02-02,427702.79,CONSERVADOR,CONSERVADOR,4,7.0,3,0.3812,0.0,0.0907,0.4921,0.0,0.0,0.4921,0,PREVIDENCIA,3,10.58,MODERADO,0.86,INCENTIVADO,0.167,0
synth-cli-0083,rf-isento-2,2026-04-04,427702.79,CONSERVADOR,CONSERVADOR,4,7.0,3,0.3812,0.0,0.0907,0.4921,0.0,0.0,0.4921,0,RENDA_FIXA,1,11.97,CONSERVADOR,0.0,ISENTO,24.0,0
synth-cli-0083,rf-pub-2,2026-02-20,427702.79,CONSERVADOR,CONSERVADOR,4,7.0,3,0.3812,0.0,0.0907,0.4921,0.0,0.0,0.4921,0,RENDA_FIXA,3,13.26,MODERADO,0.0,INCENTIVADO,36.0,0
synth-cli-0083,firf-1,2026-04-08,427702.79,CONSERVADOR,CONSERVADOR,4,7.0,3,0.3812,0.0,0.0907,0.4921,0.0,0.0,0.4921,0,FUNDOS,2,12.07,CONSERVADOR,0.99,TRIBUTADO,1.0,1
synth-cli-0083,rf-cdb-2,2026-03-01,427702.79,CONSERVADOR,CONSERVADOR,4,7.0,3,0.3812,0.0,0.0907,0.4921,0.0,0.0,0.4921,0,RENDA_FIXA,1,13.08,CONSERVADOR,0.0,TRIBUTADO,0.101,0
synth-cli-0083,fundo-mm-1,2026-05-01,427702.79,CONSERVADOR,CONSERVADOR,4,7.0,3,0.3812,0.0,0.0907,0.4921,0.0,0.0,0.4921,0,FUNDOS,4,15.74,ARROJADO,1.01,TRIBUTADO,1.806,0
synth-cli-0083,rf-isento-1,2026-04-02,427702.79,CONSERVADOR,CONSERVADOR,4,7.0,3,0.3812,0.0,0.0907,0.4921,0.0,0.0,0.4921,0,RENDA_FIXA,1,11.3,CONSERVADOR,0.0,ISENTO,24.0,0
synth-cli-0083,rv-bpac11,2026-05-02,427702.79,CONSERVADOR,CONSERVADOR,4,7.0,3,0.3812,0.0,0.0907,0.4921,0.0,0.0,0.4921,0,RENDA_VARIAVEL,4,19.32,ARROJADO,0.0,ISENTO,0.067,0
synth-cli-0083,cambio-1,2026-01-03,427702.79,CONSERVADOR,CONSERVADOR,4,7.0,3,0.3812,0.0,0.0907,0.4921,0.0,0.0,0.4921,0,CAMBIO,4,10.47,ARROJADO,1.77,TRIBUTADO,1.0,0
synth-cli-0083,firf-0,2026-04-24,427702.79,CONSERVADOR,CONSERVADOR,4,7.0,3,0.3812,0.0,0.0907,0.4921,0.0,0.0,0.4921,0,FUNDOS,2,12.61,CONSERVADOR,0.86,TRIBUTADO,1.0,0
synth-cli-0083,rv-ivvb11,2026-03-25,427702.79,CONSERVADOR,CONSERVADOR,4,7.0,3,0.3812,0.0,0.0907,0.4921,0.0,0.0,0.4921,0,RENDA_VARIAVEL,4,17.47,ARROJADO,0.0,ISENTO,0.067,0
synth-cli-0083,rf-cdb-3,2026-04-20,427702.79,CONSERVADOR,CONSERVADOR,4,7.0,3,0.3812,0.0,0.0907,0.4921,0.0,0.0,0.4921,0,RENDA_FIXA,1,13.62,CONSERVADOR,0.0,TRIBUTADO,0.042,0
synth-cli-0083,rf-isento-0,2026-03-23,427702.79,CONSERVADOR,CONSERVADOR,4,7.0,3,0.3812,0.0,0.0907,0.4921,0.0,0.0,0.4921,0,RENDA_FIXA,1,11.04,CONSERVADOR,0.0,ISENTO,24.0,0
synth-cli-0083,fundo-mm-0,2026-04-28,427702.79,CONSERVADOR,CONSERVADOR,4,7.0,3,0.3812,0.0,0.0907,0.4921,0.0,0.0,0.4921,0,FUNDOS,3,14.68,MODERADO,1.33,TRIBUTADO,1.589,1
synth-cli-0083,rv-itsa4,2026-01-27,427702.79,CONSERVADOR,CONSERVADOR,4,7.0,3,0.3812,0.0,0.0907,0.4921,0.0,0.0,0.4921,0,RENDA_VARIAVEL,4,15.45,ARROJADO,0.0,TRIBUTADO,0.067,0
synth-cli-0084,cambio-1,2026-01-09,2949931.8,CONSERVADOR,CONSERVADOR,6,4.0,3,0.4574,0.0,0.1053,0.3045,0.0,0.0,0.4574,0,CAMBIO,4,10.47,ARROJADO,1.77,TRIBUTADO,1.0,0
synth-cli-0084,rv-bpac11,2026-01-04,2949931.8,CONSERVADOR,CONSERVADOR,6,4.0,3,0.4574,0.0,0.1053,0.3045,0.0,0.0,0.4574,0,RENDA_VARIAVEL,4,19.32,ARROJADO,0.0,ISENTO,0.067,0
synth-cli-0084,rf-cdb-3,2026-03-03,2949931.8,CONSERVADOR,CONSERVADOR,6,4.0,3,0.4574,0.0,0.1053,0.3045,0.0,0.0,0.4574,0,RENDA_FIXA,1,13.62,CONSERVADOR,0.0,TRIBUTADO,0.042,1
synth-cli-0084,rf-cdb-0,2026-04-09,2949931.8,CONSERVADOR,CONSERVADOR,6,4.0,3,0.4574,0.0,0.1053,0.3045,0.0,0.0,0.4574,0,RENDA_FIXA,1,12.74,CONSERVADOR,0.0,TRIBUTADO,0.036,0
synth-cli-0084,rf-pub-2,2026-02-19,2949931.8,CONSERVADOR,CONSERVADOR,6,4.0,3,0.4574,0.0,0.1053,0.3045,0.0,0.0,0.4574,0,RENDA_FIXA,3,13.26,MODERADO,0.0,INCENTIVADO,36.0,0
synth-cli-0084,rf-cdb-1,2026-02-11,2949931.8,CONSERVADOR,CONSERVADOR,6,4.0,3,0.4574,0.0,0.1053,0.3045,0.0,0.0,0.4574,0,RENDA_FIXA,1,11.46,CONSERVADOR,0.0,TRIBUTADO,0.056,1
synth-cli-0084,coe-0,2026-05-28,2949931.8,CONSERVADOR,CONSERVADOR,6,4.0,3,0.4574,0.0,0.1053,0.3045,0.0,0.0,0.4574,0,ESTRUTURADOS,5,19.22,ARROJADO,0.0,TRIBUTADO,36.0,0
synth-cli-0084,rf-cdb-4,2026-01-17,2949931.8,CONSERVADOR,CONSERVADOR,6,4.0,3,0.4574,0.0,0.1053,0.3045,0.0,0.0,0.4574,0,RENDA_FIXA,1,11.98,CONSERVADOR,0.0,TRIBUTADO,0.036,1
synth-cli-0084,coe-1,2026-05-16,2949931.8,CONSERVADOR,CONSERVADOR,6,4.0,3,0.4574,0.0,0.1053,0.3045,0.0,0.0,0.4574,0,ESTRUTURADOS,5,22.09,ARROJADO,0.0,TRIBUTADO,36.0,0
synth-cli-0084,rf-isento-2,2026-03-11,2949931.8,CONSERVADOR,CONSERVADOR,6,4.0,3,0.4574,0.0,0.1053,0.3045,0.0,0.0,0.4574,0,RENDA_FIXA,1,11.97,CONSERVADOR,0.0,ISENTO,24.0,1
synth-cli-0084,fundo-mm-2,2026-04-08,2949931.8,CONSERVADOR,CONSERVADOR,6,4.0,3,0.4574,0.0,0.1053,0.3045,0.0,0.0,0.4574,0,FUNDOS,3,15.29,MODERADO,1.51,TRIBUTADO,1.155,0
synth-cli-0084,prev-2,2026-03-23,2949931.8,CONSERVADOR,CONSERVADOR,6,4.0,3,0.4574,0.0,0.1053,0.3045,0.0,0.0,0.4574,0,PREVIDENCIA,2,10.47,MODERADO,0.87,INCENTIVADO,0.167,0
synth-cli-0084,rf-pub-0,2026-02-23,2949931.8,CONSERVADOR,CONSERVADOR,6,4.0,3,0.4574,0.0,0.1053,0.3045,0.0,0.0,0.4574,0,RENDA_FIXA,1,6.5,CONSERVADOR,0.0,TRIBUTADO,0.033,0
synth-cli-0084,rf-cdb-2,2026-04-02,2949931.8,CONSERVADOR,CONSERVADOR,6,4.0,3,0.4574,0.0,0.1053,0.3045,0.0,0.0,0.4574,1,RENDA_FIXA,1,13.08,CONSERVADOR,0.0,TRIBUTADO,0.101,0
synth-cli-0084,rf-pub-1,2026-02-15,2949931.8,CONSERVADOR,CONSERVADOR,6,4.0,3,0.4574,0.0,0.1053,0.3045,0.0,0.0,0.4574,0,RENDA_FIXA,3,12.55,MODERADO,0.0,INCENTIVADO,36.0,0
synth-cli-0084,fundo-mm-0,2026-02-16,2949931.8,CONSERVADOR,CONSERVADOR,6,4.0,3,0.4574,0.0,0.1053,0.3045,0.0,0.0,0.4574,0,FUNDOS,3,14.68,MODERADO,1.33,TRIBUTADO,1.589,0
synth-cli-0084,rv-ivvb11,2026-02-27,2949931.8,CONSERVADOR,CONSERVADOR,6,4.0,3,0.4574,0.0,0.1053,0.3045,0.0,0.0,0.4574,0,RENDA_VARIAVEL,4,17.47,ARROJADO,0.0,ISENTO,0.067,0
synth-cli-0084,rf-isento-0,2026-05-17,2949931.8,CONSERVADOR,CONSERVADOR,6,4.0,3,0.4574,0.0,0.1053,0.3045,0.0,0.0,0.4574,1,RENDA_FIXA,1,11.04,CONSERVADOR,0.0,ISENTO,24.0,0
synth-cli-0084,prev-0,2026-03-23,2949931.8,CONSERVADOR,CONSERVADOR,6,4.0,3,0.4574,0.0,0.1053,0.3045,0.0,0.0,0.4574,0,PREVIDENCIA,2,10.09,CONSERVADOR,0.96,INCENTIVADO,0.167,0
synth-cli-0085,rv-ivvb11,2026-02-15,533689.69,CONSERVADOR,CONSERVADOR,4,8.8,1,0.9285,0.0,0.0,0.0,0.0,0.0,0.9285,0,RENDA_VARIAVEL,4,17.47,ARROJADO,0.0,ISENTO,0.067,0
synth-cli-0085,rf-cdb-4,2026-01-08,533689.69,CONSERVADOR,CONSERVADOR,4,8.8,1,0.9285,0.0,0.0,0.0,0.0,0.0,0.9285,0,RENDA_FIXA,1,11.98,CONSERVADOR,0.0,TRIBUTADO,0.036,0
synth-cli-0085,coe-0,2026-04-06,533689.69,CONSERVADOR,CONSERVADOR,4,8.8,1,0.9285,0.0,0.0,0.0,0.0,0.0,0.9285,0,ESTRUTURADOS,5,19.22,ARROJADO,0.0,TRIBUTADO,36.0,0
synth-cli-0085,firf-0,2026-03-09,533689.69,CONSERVADOR,CONSERVADOR,4,8.8,1,0.9285,0.0,0.0,0.0,0.0,0.0,0.9285,0,FUNDOS,2,12.61,CONSERVADOR,0.86,TRIBUTADO,1.0,1
synth-cli-0085,rf-cdb-3,2026-05-03,533689.69,CONSERVADOR,CONSERVADOR,4,8.8,1,0.9285,0.0,0.0,0.0,0.0,0.0,0.9285,1,RENDA_FIXA,1,13.62,CONSERVADOR,0.0,TRIBUTADO,0.042,0
synth-cli-0085,cambio-0,2026-02-05,533689.69,CONSERVADOR,CONSERVADOR,4,8.8,1,0.9285,0.0,0.0,0.0,0.0,0.0,0.9285,0,CAMBIO,4,11.55,ARROJADO,1.87,TRIBUTADO,1.0,0
synth-cli-0085,rf-pub-2,2026-04-17,533689.69,CONSERVADOR,CONSERVADOR,4,8.8,1,0.9285,0.0,0.0,0.0,0.0,0.0,0.9285,0,RENDA_FIXA,3,13.26,MODERADO,0.0,INCENTIVADO,36.0,0
synth-cli-0085,fundo-mm-0,2026-04-09,533689.69,CONSERVADOR,CONSERVADOR,4,8.8,1,0.9285,0.0,0.0,0.0,0.0,0.0,0.9285,0,FUNDOS,3,14.68,MODERADO,1.33,TRIBUTADO,1.589,0
synth-cli-0085,fundo-mm-1,2026-01-21,533689.69,CONSERVADOR,CONSERVADOR,4,8.8,1,0.9285,0.0,0.0,0.0,0.0,0.0,0.9285,0,FUNDOS,4,15.74,ARROJADO,1.01,TRIBUTADO,1.806,0
synth-cli-0085,fundo-mm-3,2026-04-07,533689.69,CONSERVADOR,CONSERVADOR,4,8.8,1,0.9285,0.0,0.0,0.0,0.0,0.0,0.9285,0,FUNDOS,4,16.33,ARROJADO,1.5,TRIBUTADO,1.093,0
synth-cli-0085,rv-bpac11,2026-04-06,533689.69,CONSERVADOR,CONSERVADOR,4,8.8,1,0.9285,0.0,0.0,0.0,0.0,0.0,0.9285,0,RENDA_VARIAVEL,4,19.32,ARROJADO,0.0,ISENTO,0.067,0
synth-cli-0085,coe-1,2026-05-20,533689.69,CONSERVADOR,CONSERVADOR,4,8.8,1,0.9285,0.0,0.0,0.0,0.0,0.0,0.9285,0,ESTRUTURADOS,5,22.09,ARROJADO,0.0,TRIBUTADO,36.0,0
synth-cli-0085,rf-pub-1,2026-04-04,533689.69,CONSERVADOR,CONSERVADOR,4,8.8,1,0.9285,0.0,0.0,0.0,0.0,0.0,0.9285,0,RENDA_FIXA,3,12.55,MODERADO,0.0,INCENTIVADO,36.0,0
synth-cli-0085,rv-btlg11,2026-02-04,533689.69,CONSERVADOR,CONSERVADOR,4,8.8,1,0.9285,0.0,0.0,0.0,0.0,0.0,0.9285,0,RENDA_VARIAVEL,3,11.31,MODERADO,0.0,ISENTO,0.067,0
synth-cli-0085,firf-2,2026-01-02,533689.69,CONSERVADOR,CONSERVADOR,4,8.8,1,0.9285,0.0,0.0,0.0,0.0,0.0,0.9285,0,FUNDOS,2,11.76,CONSERVADOR,0.78,TRIBUTADO,1.0,1
synth-cli-0085,rf-cdb-2,2026-03-08,533689.69,CONSERVADOR,CONSERVADOR,4,8.8,1,0.9285,0.0,0.0,0.0,0.0,0.0,0.9285,0,RENDA_FIXA,1,13.08,CONSERVADOR,0.0,TRIBUTADO,0.101,0
synth-cli-0085,prev-1,2026-04-13,533689.69,CONSERVADOR,CONSERVADOR,4,8.8,1,0.9285,0.0,0.0,0.0,0.0,0.0,0.9285,0,PREVIDENCIA,3,10.58,MODERADO,0.86,INCENTIVADO,0.167,0
synth-cli-0085,cambio-1,2026-02-24,533689.69,CONSERVADOR,CONSERVADOR,4,8.8,1,0.9285,0.0,0.0,0.0,0.0,0.0,0.9285,0,CAMBIO,4,10.47,ARROJADO,1.77,TRIBUTADO,1.0,0
synth-cli-0085,fundo-mm-4,2026-03-16,533689.69,CONSERVADOR,CONSERVADOR,4,8.8,1,0.9285,0.0,0.0,0.0,0.0,0.0,0.9285,0,FUNDOS,3,12.89,MODERADO,2.27,TRIBUTADO,1.604,0
synth-cli-0085,rf-isento-2,2026-02-12,533689.69,CONSERVADOR,CONSERVADOR,4,8.8,1,0.9285,0.0,0.0,0.0,0.0,0.0,0.9285,1,RENDA_FIXA,1,11.97,CONSERVADOR,0.0,ISENTO,24.0,0
synth-cli-0085,rv-itsa4,2026-05-10,533689.69,CONSERVADOR,CONSERVADOR,4,8.8,1,0.9285,0.0,0.0,0.0,0.0,0.0,0.9285,0,RENDA_VARIAVEL,4,15.45,ARROJADO,0.0,TRIBUTADO,0.067,0
synth-cli-0085,rf-isento-1,2026-01-06,533689.69,CONSERVADOR,CONSERVADOR,4,8.8,1,0.9285,0.0,0.0,0.0,0.0,0.0,0.9285,0,RENDA_FIXA,1,11.3,CONSERVADOR,0.0,ISENTO,24.0,0
synth-cli-0086,cambio-0,2026-02-22,5401035.24,CONSERVADOR,CONSERVADOR,2,3.8,3,0.4927,0.0,0.0687,0.2987,0.0,0.0,0.4927,0,CAMBIO,4,11.55,ARROJADO,1.87,TRIBUTADO,1.0,0
synth-cli-0086,rv-btlg11,2026-01-20,5401035.24,CONSERVADOR,CONSERVADOR,2,3.8,3,0.4927,0.0,0.0687,0.2987,0.0,0.0,0.4927,0,RENDA_VARIAVEL,3,11.31,MODERADO,0.0,ISENTO,0.067,0
synth-cli-0086,rv-bpac11,2026-04-19,5401035.24,CONSERVADOR,CONSERVADOR,2,3.8,3,0.4927,0.0,0.0687,0.2987,0.0,0.0,0.4927,0,RENDA_VARIAVEL,4,19.32,ARROJADO,0.0,ISENTO,0.067,0
synth-cli-0086,fundo-mm-4,2026-02-16,5401035.24,CONSERVADOR,CONSERVADOR,2,3.8,3,0.4927,0.0,0.0687,0.2987,0.0,0.0,0.4927,0,FUNDOS,3,12.89,MODERADO,2.27,TRIBUTADO,1.604,0
synth-cli-0086,rv-knri11,2026-01-19,5401035.24,CONSERVADOR,CONSERVADOR,2,3.8,3,0.4927,0.0,0.0687,0.2987,0.0,0.0,0.4927,0,RENDA_VARIAVEL,3,11.32,MODERADO,0.0,ISENTO,0.067,0
synth-cli-0086,rf-isento-1,2026-05-06,5401035.24,CONSERVADOR,CONSERVADOR,2,3.8,3,0.4927,0.0,0.0687,0.2987,0.0,0.0,0.4927,0,RENDA_FIXA,1,11.3,CONSERVADOR,0.0,ISENTO,24.0,1
synth-cli-0086,cambio-1,2026-01-04,5401035.24,CONSERVADOR,CONSERVADOR,2,3.8,3,0.4927,0.0,0.0687,0.2987,0.0,0.0,0.4927,0,CAMBIO,4,10.47,ARROJADO,1.77,TRIBUTADO,1.0,0
synth-cli-0086,rf-pub-2,2026-03-15,5401035.24,CONSERVADOR,CONSERVADOR,2,3.8,3,0.4927,0.0,0.0687,0.2987,0.0,0.0,0.4927,0,RENDA_FIXA,3,13.26,MODERADO,0.0,INCENTIVADO,36.0,0
synth-cli-0086,rf-pub-0,2026-03-18,5401035.24,CONSERVADOR,CONSERVADOR,2,3.8,3,0.4927,0.0,0.0687,0.2987,0.0,0.0,0.4927,1,RENDA_FIXA,1,6.5,CONSERVADOR,0.0,TRIBUTADO,0.033,0
synth-cli-0086,rf-isento-2,2026-04-09,5401035.24,CONSERVADOR,CONSERVADOR,2,3.8,3,0.4927,0.0,0.0687,0.2987,0.0,0.0,0.4927,0,RENDA_FIXA,1,11.97,CONSERVADOR,0.0,ISENTO,24.0,1
synth-cli-0086,rf-cdb-2,2026-03-17,5401035.24,CONSERVADOR,CONSERVADOR,2,3.8,3,0.4927,0.0,0.0687,0.2987,0.0,0.0,0.4927,0,RENDA_FIXA,1,13.08,CONSERVADOR,0.0,TRIBUTADO,0.101,1
synth-cli-0086,prev-0,2026-05-16,5401035.24,CONSERVADOR,CONSERVADOR,2,3.8,3,0.4927,0.0,0.0687,0.2987,0.0,0.0,0.4927,0,PREVIDENCIA,2,10.09,CONSERVADOR,0.96,INCENTIVADO,0.167,0
synth-cli-0086,coe-1,2026-05-24,5401035.24,CONSERVADOR,CONSERVADOR,2,3.8,3,0.4927,0.0,0.0687,0.2987,0.0,0.0,0.4927,0,ESTRUTURADOS,5,22.09,ARROJADO,0.0,TRIBUTADO,36.0,0
synth-cli-0086,rv-itsa4,2026-02-14,5401035.24,CONSERVADOR,CONSERVADOR,2,3.8,3,0.4927,0.0,0.0687,0.2987,0.0,0.0,0.4927,0,RENDA_VARIAVEL,4,15.45,ARROJADO,0.0,TRIBUTADO,0.067,0
synth-cli-0086,fundo-mm-3,2026-02-12,5401035.24,CONSERVADOR,CONSERVADOR,2,3.8,3,0.4927,0.0,0.0687,0.2987,0.0,0.0,0.4927,0,FUNDOS,4,16.33,ARROJADO,1.5,TRIBUTADO,1.093,0
synth-cli-0086,rf-cdb-4,2026-02-19,5401035.24,CONSERVADOR,CONSERVADOR,2,3.8,3,0.4927,0.0,0.0687,0.2987,0.0,0.0,0.4927,0,RENDA_FIXA,1,11.98,CONSERVADOR,0.0,TRIBUTADO,0.036,1
synth-cli-0086,rf-cdb-0,2026-01-07,5401035.24,CONSERVADOR,CONSERVADOR,2,3.8,3,0.4927,0.0,0.0687,0.2987,0.0,0.0,0.4927,0,RENDA_FIXA,1,12.74,CONSERVADOR,0.0,TRIBUTADO,0.036,1
synth-cli-0086,firf-1,2026-04-21,5401035.24,CONSERVADOR,CONSERVADOR,2,3.8,3,0.4927,0.0,0.0687,0.2987,0.0,0.0,0.4927,0,FUNDOS,2,12.07,CONSERVADOR,0.99,TRIBUTADO,1.0,0
synth-cli-0086,prev-2,2026-03-21,5401035.24,CONSERVADOR,CONSERVADOR,2,3.8,3,0.4927,0.0,0.0687,0.2987,0.0,0.0,0.4927,0,PREVIDENCIA,2,10.47,MODERADO,0.87,INCENTIVADO,0.167,0
synth-cli-0086,rf-pub-1,2026-04-17,5401035.24,CONSERVADOR,CONSERVADOR,2,3.8,3,0.4927,0.0,0.0687,0.2987,0.0,0.0,0.4927,0,RENDA_FIXA,3,12.55,MODERADO,0.0,INCENTIVADO,36.0,0
synth-cli-0086,firf-2,2026-03-11,5401035.24,CONSERVADOR,CONSERVADOR,2,3.8,3,0.4927,0.0,0.0687,0.2987,0.0,0.0,0.4927,0,FUNDOS,2,11.76,CONSERVADOR,0.78,TRIBUTADO,1.0,0
synth-cli-0086,firf-0,2026-04-09,5401035.24,CONSERVADOR,CONSERVADOR,2,3.8,3,0.4927,0.0,0.0687,0.2987,0.0,0.0,0.4927,0,FUNDOS,2,12.61,CONSERVADOR,0.86,TRIBUTADO,1.0,0
synth-cli-0086,rv-ivvb11,2026-01-19,5401035.24,CONSERVADOR,CONSERVADOR,2,3.8,3,0.4927,0.0,0.0687,0.2987,0.0,0.0,0.4927,0,RENDA_VARIAVEL,4,17.47,ARROJADO,0.0,ISENTO,0.067,0
synth-cli-0086,coe-0,2026-03-27,5401035.24,CONSERVADOR,CONSERVADOR,2,3.8,3,0.4927,0.0,0.0687,0.2987,0.0,0.0,0.4927,0,ESTRUTURADOS,5,19.22,ARROJADO,0.0,TRIBUTADO,36.0,0
synth-cli-0087,fundo-mm-2,2026-02-15,1475090.35,MODERADO,MODERADO,10,14.1,2,0.0,0.1995,0.5695,0.0,0.0,0.0,0.5695,0,FUNDOS,3,15.29,MODERADO,1.51,TRIBUTADO,1.155,0
synth-cli-0087,prev-1,2026-05-22,1475090.35,MODERADO,MODERADO,10,14.1,2,0.0,0.1995,0.5695,0.0,0.0,0.0,0.5695,0,PREVIDENCIA,3,10.58,MODERADO,0.86,INCENTIVADO,0.167,1
synth-cli-0087,fundo-mm-3,2026-04-10,1475090.35,MODERADO,MODERADO,10,14.1,2,0.0,0.1995,0.5695,0.0,0.0,0.0,0.5695,0,FUNDOS,4,16.33,ARROJADO,1.5,TRIBUTADO,1.093,0
synth-cli-0087,firf-2,2026-03-01,1475090.35,MODERADO,MODERADO,10,14.1,2,0.0,0.1995,0.5695,0.0,0.0,0.0,0.5695,0,FUNDOS,2,11.76,CONSERVADOR,0.78,TRIBUTADO,1.0,1
synth-cli-0087,cambio-0,2026-02-10,1475090.35,MODERADO,MODERADO,10,14.1,2,0.0,0.1995,0.5695,0.0,0.0,0.0,0.5695,0,CAMBIO,4,11.55,ARROJADO,1.87,TRIBUTADO,1.0,0
synth-cli-0087,prev-2,2026-01-14,1475090.35,MODERADO,MODERADO,10,14.1,2,0.0,0.1995,0.5695,0.0,0.0,0.0,0.5695,0,PREVIDENCIA,2,10.47,MODERADO,0.87,INCENTIVADO,0.167,1
synth-cli-0087,fundo-mm-0,2026-01-02,1475090.35,MODERADO,MODERADO,10,14.1,2,0.0,0.1995,0.5695,0.0,0.0,0.0,0.5695,0,FUNDOS,3,14.68,MODERADO,1.33,TRIBUTADO,1.589,1
synth-cli-0087,rf-isento-1,2026-05-22,1475090.35,MODERADO,MODERADO,10,14.1,2,0.0,0.1995,0.5695,0.0,0.0,0.0,0.5695,0,RENDA_FIXA,1,11.3,CONSERVADOR,0.0,ISENTO,24.0,1
synth-cli-0087,rf-cdb-3,2026-05-05,1475090.35,MODERADO,MODERADO,10,14.1,2,0.0,0.1995,0.5695,0.0,0.0,0.0,0.5695,0,RENDA_FIXA,1,13.62,CONSERVADOR,0.0,TRIBUTADO,0.042,0
synth-cli-0087,rf-cdb-0,2026-02-14,1475090.35,MODERADO,MODERADO,10,14.1,2,0.0,0.1995,0.5695,0.0,0.0,0.0,0.5695,0,RENDA_FIXA,1,12.74,CONSERVADOR,0.0,TRIBUTADO,0.036,1
synth-cli-0087,fundo-mm-4,2026-01-10,1475090.35,MODERADO,MODERADO,10,14.1,2,0.0,0.1995,0.5695,0.0,0.0,0.0,0.5695,0,FUNDOS,3,12.89,MODERADO,2.27,TRIBUTADO,1.604,0
synth-cli-0088,rf-cdb-1,2026-05-05,3038832.25,MODERADO,MODERADO,9,17.9,3,0.2556,0.0542,0.3259,0.0,0.0,0.0,0.3259,0,RENDA_FIXA,1,11.46,CONSERVADOR,0.0,TRIBUTADO,0.056,1
synth-cli-0088,fundo-mm-4,2026-02-09,3038832.25,MODERADO,MODERADO,9,17.9,3,0.2556,0.0542,0.3259,0.0,0.0,0.0,0.3259,0,FUNDOS,3,12.89,MODERADO,2.27,TRIBUTADO,1.604,0
synth-cli-0088,fundo-mm-0,2026-01-10,3038832.25,MODERADO,MODERADO,9,17.9,3,0.2556,0.0542,0.3259,0.0,0.0,0.0,0.3259,0,FUNDOS,3,14.68,MODERADO,1.33,TRIBUTADO,1.589,1
synth-cli-0088,rf-pub-2,2026-04-18,3038832.25,MODERADO,MODERADO,9,17.9,3,0.2556,0.0542,0.3259,0.0,0.0,0.0,0.3259,0,RENDA_FIXA,3,13.26,MODERADO,0.0,INCENTIVADO,36.0,1
synth-cli-0088,prev-1,2026-01-05,3038832.25,MODERADO,MODERADO,9,17.9,3,0.2556,0.0542,0.3259,0.0,0.0,0.0,0.3259,0,PREVIDENCIA,3,10.58,MODERADO,0.86,INCENTIVADO,0.167,0
synth-cli-0088,rv-itsa4,2026-03-17,3038832.25,MODERADO,MODERADO,9,17.9,3,0.2556,0.0542,0.3259,0.0,0.0,0.0,0.3259,0,RENDA_VARIAVEL,4,15.45,ARROJADO,0.0,TRIBUTADO,0.067,0
synth-cli-0088,rv-ivvb11,2026-03-15,3038832.25,MODERADO,MODERADO,9,17.9,3,0.2556,0.0542,0.3259,0.0,0.0,0.0,0.3259,0,RENDA_VARIAVEL,4,17.47,ARROJADO,0.0,ISENTO,0.067,0
synth-cli-0088,fundo-mm-1,2026-04-14,3038832.25,MODERADO,MODERADO,9,17.9,3,0.2556,0.0542,0.3259,0.0,0.0,0.0,0.3259,0,FUNDOS,4,15.74,ARROJADO,1.01,TRIBUTADO,1.806,0
synth-cli-0088,fundo-mm-2,2026-04-01,3038832.25,MODERADO,MODERADO,9,17.9,3,0.2556,0.0542,0.3259,0.0,0.0,0.0,0.3259,0,FUNDOS,3,15.29,MODERADO,1.51,TRIBUTADO,1.155,0
synth-cli-0088,rv-knri11,2026-01-25,3038832.25,MODERADO,MODERADO,9,17.9,3,0.2556,0.0542,0.3259,0.0,0.0,0.0,0.3259,0,RENDA_VARIAVEL,3,11.32,MODERADO,0.0,ISENTO,0.067,0
synth-cli-0088,rf-cdb-3,2026-03-26,3038832.25,MODERADO,MODERADO,9,17.9,3,0.2556,0.0542,0.3259,0.0,0.0,0.0,0.3259,0,RENDA_FIXA,1,13.62,CONSERVADOR,0.0,TRIBUTADO,0.042,1
synth-cli-0088,rf-isento-0,2026-05-19,3038832.25,MODERADO,MODERADO,9,17.9,3,0.2556,0.0542,0.3259,0.0,0.0,0.0,0.3259,0,RENDA_FIXA,1,11.04,CONSERVADOR,0.0,ISENTO,24.0,1
synth-cli-0088,rf-isento-1,2026-01-25,3038832.25,MODERADO,MODERADO,9,17.9,3,0.2556,0.0542,0.3259,0.0,0.0,0.0,0.3259,0,RENDA_FIXA,1,11.3,CONSERVADOR,0.0,ISENTO,24.0,0
synth-cli-0088,firf-2,2026-02-13,3038832.25,MODERADO,MODERADO,9,17.9,3,0.2556,0.0542,0.3259,0.0,0.0,0.0,0.3259,1,FUNDOS,2,11.76,CONSERVADOR,0.78,TRIBUTADO,1.0,0
synth-cli-0088,rf-pub-0,2026-05-15,3038832.25,MODERADO,MODERADO,9,17.9,3,0.2556,0.0542,0.3259,0.0,0.0,0.0,0.3259,0,RENDA_FIXA,1,6.5,CONSERVADOR,0.0,TRIBUTADO,0.033,0
synth-cli-0089,rf-cdb-2,2026-05-16,816640.66,CONSERVADOR,CONSERVADOR,2,7.6,1,0.0,0.0,0.9932,0.0,0.0,0.0,0.9932,0,RENDA_FIXA,1,13.08,CONSERVADOR,0.0,TRIBUTADO,0.101,0
synth-cli-0089,rf-cdb-1,2026-05-22,816640.66,CONSERVADOR,CONSERVADOR,2,7.6,1,0.0,0.0,0.9932,0.0,0.0,0.0,0.9932,0,RENDA_FIXA,1,11.46,CONSERVADOR,0.0,TRIBUTADO,0.056,1
synth-cli-0089,rf-isento-0,2026-01-23,816640.66,CONSERVADOR,CONSERVADOR,2,7.6,1,0.0,0.0,0.9932,0.0,0.0,0.0,0.9932,0,RENDA_FIXA,1,11.04,CONSERVADOR,0.0,ISENTO,24.0,1
synth-cli-0089,prev-2,2026-02-18,816640.66,CONSERVADOR,CONSERVADOR,2,7.6,1,0.0,0.0,0.9932,0.0,0.0,0.0,0.9932,0,PREVIDENCIA,2,10.47,MODERADO,0.87,INCENTIVADO,0.167,0
synth-cli-0089,rv-ivvb11,2026-04-05,816640.66,CONSERVADOR,CONSERVADOR,2,7.6,1,0.0,0.0,0.9932,0.0,0.0,0.0,0.9932,0,RENDA_VARIAVEL,4,17.47,ARROJADO,0.0,ISENTO,0.067,0
synth-cli-0089,rf-cdb-3,2026-03-21,816640.66,CONSERVADOR,CONSERVADOR,2,7.6,1,0.0,0.0,0.9932,0.0,0.0,0.0,0.9932,0,RENDA_FIXA,1,13.62,CONSERVADOR,0.0,TRIBUTADO,0.042,0
synth-cli-0089,rf-isento-2,2026-01-26,816640.66,CONSERVADOR,CONSERVADOR,2,7.6,1,0.0,0.0,0.9932,0.0,0.0,0.0,0.9932,0,RENDA_FIXA,1,11.97,CONSERVADOR,0.0,ISENTO,24.0,1
synth-cli-0089,rv-bpac11,2026-02-04,816640.66,CONSERVADOR,CONSERVADOR,2,7.6,1,0.0,0.0,0.9932,0.0,0.0,0.0,0.9932,0,RENDA_VARIAVEL,4,19.32,ARROJADO,0.0,ISENTO,0.067,0
synth-cli-0089,prev-1,2026-02-20,816640.66,CONSERVADOR,CONSERVADOR,2,7.6,1,0.0,0.0,0.9932,0.0,0.0,0.0,0.9932,0,PREVIDENCIA,3,10.58,MODERADO,0.86,INCENTIVADO,0.167,0
synth-cli-0090,firf-0,2026-02-27,274972.35,MODERADO,MODERADO,4,11.9,3,0.5695,0.1926,0.0,0.1471,0.0,0.0,0.5695,0,FUNDOS,2,12.61,CONSERVADOR,0.86,TRIBUTADO,1.0,1
synth-cli-0090,rf-cdb-3,2026-05-09,274972.35,MODERADO,MODERADO,4,11.9,3,0.5695,0.1926,0.0,0.1471,0.0,0.0,0.5695,1,RENDA_FIXA,1,13.62,CONSERVADOR,0.0,TRIBUTADO,0.042,0
synth-cli-0090,rf-pub-2,2026-04-28,274972.35,MODERADO,MODERADO,4,11.9,3,0.5695,0.1926,0.0,0.1471,0.0,0.0,0.5695,0,RENDA_FIXA,3,13.26,MODERADO,0.0,INCENTIVADO,36.0,0
synth-cli-0090,rf-pub-1,2026-01-14,274972.35,MODERADO,MODERADO,4,11.9,3,0.5695,0.1926,0.0,0.1471,0.0,0.0,0.5695,0,RENDA_FIXA,3,12.55,MODERADO,0.0,INCENTIVADO,36.0,0
synth-cli-0090,cambio-0,2026-01-06,274972.35,MODERADO,MODERADO,4,11.9,3,0.5695,0.1926,0.0,0.1471,0.0,0.0,0.5695,0,CAMBIO,4,11.55,ARROJADO,1.87,TRIBUTADO,1.0,0
synth-cli-0090,fundo-mm-4,2026-02-06,274972.35,MODERADO,MODERADO,4,11.9,3,0.5695,0.1926,0.0,0.1471,0.0,0.0,0.5695,0,FUNDOS,3,12.89,MODERADO,2.27,TRIBUTADO,1.604,0
synth-cli-0090,rf-cdb-0,2026-05-07,274972.35,MODERADO,MODERADO,4,11.9,3,0.5695,0.1926,0.0,0.1471,0.0,0.0,0.5695,0,RENDA_FIXA,1,12.74,CONSERVADOR,0.0,TRIBUTADO,0.036,0
synth-cli-0090,cambio-1,2026-03-10,274972.35,MODERADO,MODERADO,4,11.9,3,0.5695,0.1926,0.0,0.1471,0.0,0.0,0.5695,0,CAMBIO,4,10.47,ARROJADO,1.77,TRIBUTADO,1.0,0
synth-cli-0090,fundo-mm-3,2026-05-16,274972.35,MODERADO,MODERADO,4,11.9,3,0.5695,0.1926,0.0,0.1471,0.0,0.0,0.5695,0,FUNDOS,4,16.33,ARROJADO,1.5,TRIBUTADO,1.093,0
synth-cli-0090,fundo-mm-1,2026-03-13,274972.35,MODERADO,MODERADO,4,11.9,3,0.5695,0.1926,0.0,0.1471,0.0,0.0,0.5695,0,FUNDOS,4,15.74,ARROJADO,1.01,TRIBUTADO,1.806,0
synth-cli-0090,rf-cdb-1,2026-04-05,274972.35,MODERADO,MODERADO,4,11.9,3,0.5695,0.1926,0.0,0.1471,0.0,0.0,0.5695,0,RENDA_FIXA,1,11.46,CONSERVADOR,0.0,TRIBUTADO,0.056,0
synth-cli-0091,rf-isento-1,2026-05-15,3240569.91,ARROJADO,ARROJADO,14,23.4,4,0.3354,0.0,0.4077,0.0,0.0699,0.0571,0.4077,0,RENDA_FIXA,1,11.3,CONSERVADOR,0.0,ISENTO,24.0,0
synth-cli-0091,fundo-mm-3,2026-03-05,3240569.91,ARROJADO,ARROJADO,14,23.4,4,0.3354,0.0,0.4077,0.0,0.0699,0.0571,0.4077,0,FUNDOS,4,16.33,ARROJADO,1.5,TRIBUTADO,1.093,1
synth-cli-0091,rf-cdb-3,2026-02-12,3240569.91,ARROJADO,ARROJADO,14,23.4,4,0.3354,0.0,0.4077,0.0,0.0699,0.0571,0.4077,0,RENDA_FIXA,1,13.62,CONSERVADOR,0.0,TRIBUTADO,0.042,0
synth-cli-0091,firf-2,2026-05-07,3240569.91,ARROJADO,ARROJADO,14,23.4,4,0.3354,0.0,0.4077,0.0,0.0699,0.0571,0.4077,0,FUNDOS,2,11.76,CONSERVADOR,0.78,TRIBUTADO,1.0,0
synth-cli-0091,fundo-mm-1,2026-01-06,3240569.91,ARROJADO,ARROJADO,14,23.4,4,0.3354,0.0,0.4077,0.0,0.0699,0.0571,0.4077,0,FUNDOS,4,15.74,ARROJADO,1.01,TRIBUTADO,1.806,1
synth-cli-0091,rf-cdb-0,2026-03-21,3240569.91,ARROJADO,ARROJADO,14,23.4,4,0.3354,0.0,0.4077,0.0,0.0699,0.0571,0.4077,0,RENDA_FIXA,1,12.74,CONSERVADOR,0.0,TRIBUTADO,0.036,0
synth-cli-0091,coe-0,2026-03-15,3240569.91,ARROJADO,ARROJADO,14,23.4,4,0.3354,0.0,0.4077,0.0,0.0699,0.0571,0.4077,0,ESTRUTURADOS,5,19.22,ARROJADO,0.0,TRIBUTADO,36.0,0
synth-cli-0091,cambio-1,2026-03-13,3240569.91,ARROJADO,ARROJADO,14,23.4,4,0.3354,0.0,0.4077,0.0,0.0699,0.0571,0.4077,0,CAMBIO,4,10.47,ARROJADO,1.77,TRIBUTADO,1.0,1
synth-cli-0092,cambio-0,2026-05-25,3622541.35,ARROJADO,ARROJADO,10,37.0,4,0.1494,0.3114,0.2197,0.0423,0.0,0.0,0.3114,0,CAMBIO,4,11.55,ARROJADO,1.87,TRIBUTADO,1.0,0
synth-cli-0092,prev-2,2026-05-19,3622541.35,ARROJADO,ARROJADO,10,37.0,4,0.1494,0.3114,0.2197,0.0423,0.0,0.0,0.3114,0,PREVIDENCIA,2,10.47,MODERADO,0.87,INCENTIVADO,0.167,0
synth-cli-0092,rv-ivvb11,2026-05-27,3622541.35,ARROJADO,ARROJADO,10,37.0,4,0.1494,0.3114,0.2197,0.0423,0.0,0.0,0.3114,0,RENDA_VARIAVEL,4,17.47,ARROJADO,0.0,ISENTO,0.067,1
synth-cli-0092,fundo-mm-4,2026-02-08,3622541.35,ARROJADO,ARROJADO,10,37.0,4,0.1494,0.3114,0.2197,0.0423,0.0,0.0,0.3114,0,FUNDOS,3,12.89,MODERADO,2.27,TRIBUTADO,1.604,0
synth-cli-0092,fundo-mm-1,2026-01-16,3622541.35,ARROJADO,ARROJADO,10,37.0,4,0.1494,0.3114,0.2197,0.0423,0.0,0.0,0.3114,0,FUNDOS,4,15.74,ARROJADO,1.01,TRIBUTADO,1.806,1
synth-cli-0092,coe-0,2026-02-04,3622541.35,ARROJADO,ARROJADO,10,37.0,4,0.1494,0.3114,0.2197,0.0423,0.0,0.0,0.3114,0,ESTRUTURADOS,5,19.22,ARROJADO,0.0,TRIBUTADO,36.0,1
synth-cli-0092,rv-bpac11,2026-02-24,3622541.35,ARROJADO,ARROJADO,10,37.0,4,0.1494,0.3114,0.2197,0.0423,0.0,0.0,0.3114,0,RENDA_VARIAVEL,4,19.32,ARROJADO,0.0,ISENTO,0.067,0
synth-cli-0092,rv-itsa4,2026-01-02,3622541.35,ARROJADO,ARROJADO,10,37.0,4,0.1494,0.3114,0.2197,0.0423,0.0,0.0,0.3114,0,RENDA_VARIAVEL,4,15.45,ARROJADO,0.0,TRIBUTADO,0.067,1
synth-cli-0092,rf-pub-0,2026-01-02,3622541.35,ARROJADO,ARROJADO,10,37.0,4,0.1494,0.3114,0.2197,0.0423,0.0,0.0,0.3114,0,RENDA_FIXA,1,6.5,CONSERVADOR,0.0,TRIBUTADO,0.033,0
synth-cli-0092,firf-2,2026-05-21,3622541.35,ARROJADO,ARROJADO,10,37.0,4,0.1494,0.3114,0.2197,0.0423,0.0,0.0,0.3114,0,FUNDOS,2,11.76,CONSERVADOR,0.78,TRIBUTADO,1.0,0
synth-cli-0093,cambio-0,2026-05-18,5740261.38,AGRESSIVO,AGRESSIVO,13,52.6,3,0.0,0.0,0.4097,0.0768,0.427,0.0,0.427,0,CAMBIO,4,11.55,ARROJADO,1.87,TRIBUTADO,1.0,0
synth-cli-0093,rf-pub-0,2026-03-08,5740261.38,AGRESSIVO,AGRESSIVO,13,52.6,3,0.0,0.0,0.4097,0.0768,0.427,0.0,0.427,0,RENDA_FIXA,1,6.5,CONSERVADOR,0.0,TRIBUTADO,0.033,0
synth-cli-0093,rf-isento-2,2026-02-14,5740261.38,AGRESSIVO,AGRESSIVO,13,52.6,3,0.0,0.0,0.4097,0.0768,0.427,0.0,0.427,0,RENDA_FIXA,1,11.97,CONSERVADOR,0.0,ISENTO,24.0,1
synth-cli-0093,rf-cdb-3,2026-05-01,5740261.38,AGRESSIVO,AGRESSIVO,13,52.6,3,0.0,0.0,0.4097,0.0768,0.427,0.0,0.427,0,RENDA_FIXA,1,13.62,CONSERVADOR,0.0,TRIBUTADO,0.042,1
synth-cli-0093,rv-btlg11,2026-01-07,5740261.38,AGRESSIVO,AGRESSIVO,13,52.6,3,0.0,0.0,0.4097,0.0768,0.427,0.0,0.427,1,RENDA_VARIAVEL,3,11.31,MODERADO,0.0,ISENTO,0.067,0
synth-cli-0093,fundo-mm-3,2026-02-01,5740261.38,AGRESSIVO,AGRESSIVO,13,52.6,3,0.0,0.0,0.4097,0.0768,0.427,0.0,0.427,0,FUNDOS,4,16.33,ARROJADO,1.5,TRIBUTADO,1.093,1
synth-cli-0093,fundo-mm-1,2026-01-11,5740261.38,AGRESSIVO,AGRESSIVO,13,52.6,3,0.0,0.0,0.4097,0.0768,0.427,0.0,0.427,0,FUNDOS,4,15.74,ARROJADO,1.01,TRIBUTADO,1.806,0
synth-cli-0093,rf-cdb-4,2026-05-16,5740261.38,AGRESSIVO,AGRESSIVO,13,52.6,3,0.0,0.0,0.4097,0.0768,0.427,0.0,0.427,0,RENDA_FIXA,1,11.98,CONSERVADOR,0.0,TRIBUTADO,0.036,1
synth-cli-0094,prev-2,2026-02-26,1332731.83,MODERADO,ARROJADO,5,15.6,1,0.876,0.0,0.0,0.0,0.0,0.0,0.876,0,PREVIDENCIA,2,10.47,MODERADO,0.87,INCENTIVADO,0.167,0
synth-cli-0094,rf-pub-1,2026-01-04,1332731.83,MODERADO,ARROJADO,5,15.6,1,0.876,0.0,0.0,0.0,0.0,0.0,0.876,0,RENDA_FIXA,3,12.55,MODERADO,0.0,INCENTIVADO,36.0,0
synth-cli-0094,firf-2,2026-01-08,1332731.83,MODERADO,ARROJADO,5,15.6,1,0.876,0.0,0.0,0.0,0.0,0.0,0.876,0,FUNDOS,2,11.76,CONSERVADOR,0.78,TRIBUTADO,1.0,0
synth-cli-0094,cambio-1,2026-03-27,1332731.83,MODERADO,ARROJADO,5,15.6,1,0.876,0.0,0.0,0.0,0.0,0.0,0.876,0,CAMBIO,4,10.47,ARROJADO,1.77,TRIBUTADO,1.0,0
synth-cli-0094,fundo-mm-4,2026-03-03,1332731.83,MODERADO,ARROJADO,5,15.6,1,0.876,0.0,0.0,0.0,0.0,0.0,0.876,0,FUNDOS,3,12.89,MODERADO,2.27,TRIBUTADO,1.604,1
synth-cli-0094,firf-0,2026-05-19,1332731.83,MODERADO,ARROJADO,5,15.6,1,0.876,0.0,0.0,0.0,0.0,0.0,0.876,0,FUNDOS,2,12.61,CONSERVADOR,0.86,TRIBUTADO,1.0,1
synth-cli-0094,fundo-mm-0,2026-05-20,1332731.83,MODERADO,ARROJADO,5,15.6,1,0.876,0.0,0.0,0.0,0.0,0.0,0.876,0,FUNDOS,3,14.68,MODERADO,1.33,TRIBUTADO,1.589,1
synth-cli-0094,prev-0,2026-01-19,1332731.83,MODERADO,ARROJADO,5,15.6,1,0.876,0.0,0.0,0.0,0.0,0.0,0.876,0,PREVIDENCIA,2,10.09,CONSERVADOR,0.96,INCENTIVADO,0.167,1
synth-cli-0094,rv-bpac11,2026-03-21,1332731.83,MODERADO,ARROJADO,5,15.6,1,0.876,0.0,0.0,0.0,0.0,0.0,0.876,0,RENDA_VARIAVEL,4,19.32,ARROJADO,0.0,ISENTO,0.067,0
synth-cli-0094,firf-1,2026-03-14,1332731.83,MODERADO,ARROJADO,5,15.6,1,0.876,0.0,0.0,0.0,0.0,0.0,0.876,0,FUNDOS,2,12.07,CONSERVADOR,0.99,TRIBUTADO,1.0,1
synth-cli-0094,rf-cdb-4,2026-02-07,1332731.83,MODERADO,ARROJADO,5,15.6,1,0.876,0.0,0.0,0.0,0.0,0.0,0.876,0,RENDA_FIXA,1,11.98,CONSERVADOR,0.0,TRIBUTADO,0.036,0
synth-cli-0094,rf-cdb-2,2026-03-25,1332731.83,MODERADO,ARROJADO,5,15.6,1,0.876,0.0,0.0,0.0,0.0,0.0,0.876,0,RENDA_FIXA,1,13.08,CONSERVADOR,0.0,TRIBUTADO,0.101,0
synth-cli-0094,fundo-mm-3,2026-01-08,1332731.83,MODERADO,ARROJADO,5,15.6,1,0.876,0.0,0.0,0.0,0.0,0.0,0.876,0,FUNDOS,4,16.33,ARROJADO,1.5,TRIBUTADO,1.093,0
synth-cli-0094,fundo-mm-2,2026-05-23,1332731.83,MODERADO,ARROJADO,5,15.6,1,0.876,0.0,0.0,0.0,0.0,0.0,0.876,0,FUNDOS,3,15.29,MODERADO,1.51,TRIBUTADO,1.155,0
synth-cli-0095,fundo-mm-0,2026-03-24,2300553.67,CONSERVADOR,CONSERVADOR,5,5.1,3,0.5005,0.0,0.1257,0.252,0.0,0.0,0.5005,0,FUNDOS,3,14.68,MODERADO,1.33,TRIBUTADO,1.589,0
synth-cli-0095,rf-cdb-2,2026-01-16,2300553.67,CONSERVADOR,CONSERVADOR,5,5.1,3,0.5005,0.0,0.1257,0.252,0.0,0.0,0.5005,0,RENDA_FIXA,1,13.08,CONSERVADOR,0.0,TRIBUTADO,0.101,1
synth-cli-0095,fundo-mm-2,2026-03-14,2300553.67,CONSERVADOR,CONSERVADOR,5,5.1,3,0.5005,0.0,0.1257,0.252,0.0,0.0,0.5005,0,FUNDOS,3,15.29,MODERADO,1.51,TRIBUTADO,1.155,0
synth-cli-0095,rv-bpac11,2026-02-01,2300553.67,CONSERVADOR,CONSERVADOR,5,5.1,3,0.5005,0.0,0.1257,0.252,0.0,0.0,0.5005,0,RENDA_VARIAVEL,4,19.32,ARROJADO,0.0,ISENTO,0.067,0
synth-cli-0095,rv-knri11,2026-01-25,2300553.67,CONSERVADOR,CONSERVADOR,5,5.1,3,0.5005,0.0,0.1257,0.252,0.0,0.0,0.5005,0,RENDA_VARIAVEL,3,11.32,MODERADO,0.0,ISENTO,0.067,0
synth-cli-0095,coe-0,2026-02-18,2300553.67,CONSERVADOR,CONSERVADOR,5,5.1,3,0.5005,0.0,0.1257,0.252,0.0,0.0,0.5005,0,ESTRUTURADOS,5,19.22,ARROJADO,0.0,TRIBUTADO,36.0,0
synth-cli-0095,cambio-0,2026-04-22,2300553.67,CONSERVADOR,CONSERVADOR,5,5.1,3,0.5005,0.0,0.1257,0.252,0.0,0.0,0.5005,0,CAMBIO,4,11.55,ARROJADO,1.87,TRIBUTADO,1.0,0
synth-cli-0095,firf-1,2026-01-18,2300553.67,CONSERVADOR,CONSERVADOR,5,5.1,3,0.5005,0.0,0.1257,0.252,0.0,0.0,0.5005,0,FUNDOS,2,12.07,CONSERVADOR,0.99,TRIBUTADO,1.0,0
synth-cli-0095,fundo-mm-4,2026-04-25,2300553.67,CONSERVADOR,CONSERVADOR,5,5.1,3,0.5005,0.0,0.1257,0.252,0.0,0.0,0.5005,0,FUNDOS,3,12.89,MODERADO,2.27,TRIBUTADO,1.604,0
synth-cli-0096,rv-btlg11,2026-01-08,929268.95,CONSERVADOR,MODERADO,4,8.7,3,0.494,0.0,0.0458,0.2477,0.0,0.0,0.494,0,RENDA_VARIAVEL,3,11.31,MODERADO,0.0,ISENTO,0.067,0
synth-cli-0096,rf-cdb-4,2026-05-19,929268.95,CONSERVADOR,MODERADO,4,8.7,3,0.494,0.0,0.0458,0.2477,0.0,0.0,0.494,0,RENDA_FIXA,1,11.98,CONSERVADOR,0.0,TRIBUTADO,0.036,0
synth-cli-0096,fundo-mm-2,2026-01-28,929268.95,CONSERVADOR,MODERADO,4,8.7,3,0.494,0.0,0.0458,0.2477,0.0,0.0,0.494,0,FUNDOS,3,15.29,MODERADO,1.51,TRIBUTADO,1.155,0
synth-cli-0096,cambio-1,2026-01-03,929268.95,CONSERVADOR,MODERADO,4,8.7,3,0.494,0.0,0.0458,0.2477,0.0,0.0,0.494,0,CAMBIO,4,10.47,ARROJADO,1.77,TRIBUTADO,1.0,0
synth-cli-0096,coe-1,2026-04-06,929268.95,CONSERVADOR,MODERADO,4,8.7,3,0.494,0.0,0.0458,0.2477,0.0,0.0,0.494,0,ESTRUTURADOS,5,22.09,ARROJADO,0.0,TRIBUTADO,36.0,0
synth-cli-0096,firf-1,2026-03-12,929268.95,CONSERVADOR,MODERADO,4,8.7,3,0.494,0.0,0.0458,0.2477,0.0,0.0,0.494,0,FUNDOS,2,12.07,CONSERVADOR,0.99,TRIBUTADO,1.0,1
synth-cli-0096,cambio-0,2026-02-10,929268.95,CONSERVADOR,MODERADO,4,8.7,3,0.494,0.0,0.0458,0.2477,0.0,0.0,0.494,0,CAMBIO,4,11.55,ARROJADO,1.87,TRIBUTADO,1.0,0
synth-cli-0096,rf-cdb-3,2026-01-03,929268.95,CONSERVADOR,MODERADO,4,8.7,3,0.494,0.0,0.0458,0.2477,0.0,0.0,0.494,0,RENDA_FIXA,1,13.62,CONSERVADOR,0.0,TRIBUTADO,0.042,1
synth-cli-0096,fundo-mm-3,2026-05-07,929268.95,CONSERVADOR,MODERADO,4,8.7,3,0.494,0.0,0.0458,0.2477,0.0,0.0,0.494,0,FUNDOS,4,16.33,ARROJADO,1.5,TRIBUTADO,1.093,0
synth-cli-0096,rv-knri11,2026-03-28,929268.95,CONSERVADOR,MODERADO,4,8.7,3,0.494,0.0,0.0458,0.2477,0.0,0.0,0.494,0,RENDA_VARIAVEL,3,11.32,MODERADO,0.0,ISENTO,0.067,0
synth-cli-0096,rv-bpac11,2026-03-12,929268.95,CONSERVADOR,MODERADO,4,8.7,3,0.494,0.0,0.0458,0.2477,0.0,0.0,0.494,0,RENDA_VARIAVEL,4,19.32,ARROJADO,0.0,ISENTO,0.067,0
synth-cli-0096,fundo-mm-0,2026-03-28,929268.95,CONSERVADOR,MODERADO,4,8.7,3,0.494,0.0,0.0458,0.2477,0.0,0.0,0.494,0,FUNDOS,3,14.68,MODERADO,1.33,TRIBUTADO,1.589,0
synth-cli-0096,rv-ivvb11,2026-05-09,929268.95,CONSERVADOR,MODERADO,4,8.7,3,0.494,0.0,0.0458,0.2477,0.0,0.0,0.494,0,RENDA_VARIAVEL,4,17.47,ARROJADO,0.0,ISENTO,0.067,0
synth-cli-0096,rf-pub-1,2026-05-17,929268.95,CONSERVADOR,MODERADO,4,8.7,3,0.494,0.0,0.0458,0.2477,0.0,0.0,0.494,0,RENDA_FIXA,3,12.55,MODERADO,0.0,INCENTIVADO,36.0,0
synth-cli-0096,rf-isento-2,2026-03-14,929268.95,CONSERVADOR,MODERADO,4,8.7,3,0.494,0.0,0.0458,0.2477,0.0,0.0,0.494,0,RENDA_FIXA,1,11.97,CONSERVADOR,0.0,ISENTO,24.0,1
synth-cli-0096,prev-2,2026-02-05,929268.95,CONSERVADOR,MODERADO,4,8.7,3,0.494,0.0,0.0458,0.2477,0.0,0.0,0.494,0,PREVIDENCIA,2,10.47,MODERADO,0.87,INCENTIVADO,0.167,1
synth-cli-0096,coe-0,2026-05-08,929268.95,CONSERVADOR,MODERADO,4,8.7,3,0.494,0.0,0.0458,0.2477,0.0,0.0,0.494,0,ESTRUTURADOS,5,19.22,ARROJADO,0.0,TRIBUTADO,36.0,0
synth-cli-0096,rf-cdb-0,2026-05-07,929268.95,CONSERVADOR,MODERADO,4,8.7,3,0.494,0.0,0.0458,0.2477,0.0,0.0,0.494,0,RENDA_FIXA,1,12.74,CONSERVADOR,0.0,TRIBUTADO,0.036,1
synth-cli-0096,rv-itsa4,2026-02-02,929268.95,CONSERVADOR,MODERADO,4,8.7,3,0.494,0.0,0.0458,0.2477,0.0,0.0,0.494,0,RENDA_VARIAVEL,4,15.45,ARROJADO,0.0,TRIBUTADO,0.067,0
synth-cli-0096,fundo-mm-1,2026-04-21,929268.95,CONSERVADOR,MODERADO,4,8.7,3,0.494,0.0,0.0458,0.2477,0.0,0.0,0.494,0,FUNDOS,4,15.74,ARROJADO,1.01,TRIBUTADO,1.806,1
synth-cli-0097,cambio-1,2026-04-06,4292248.24,MODERADO,MODERADO,5,17.7,4,0.3581,0.0676,0.1729,0.186,0.0,0.0,0.3581,0,CAMBIO,4,10.47,ARROJADO,1.77,TRIBUTADO,1.0,0
synth-cli-0097,rf-cdb-3,2026-01-18,4292248.24,MODERADO,MODERADO,5,17.7,4,0.3581,0.0676,0.1729,0.186,0.0,0.0,0.3581,0,RENDA_FIXA,1,13.62,CONSERVADOR,0.0,TRIBUTADO,0.042,0
synth-cli-0097,rf-cdb-0,2026-01-20,4292248.24,MODERADO,MODERADO,5,17.7,4,0.3581,0.0676,0.1729,0.186,0.0,0.0,0.3581,0,RENDA_FIXA,1,12.74,CONSERVADOR,0.0,TRIBUTADO,0.036,0
synth-cli-0097,fundo-mm-4,2026-03-26,4292248.24,MODERADO,MODERADO,5,17.7,4,0.3581,0.0676,0.1729,0.186,0.0,0.0,0.3581,0,FUNDOS,3,12.89,MODERADO,2.27,TRIBUTADO,1.604,0
synth-cli-0097,prev-2,2026-02-25,4292248.24,MODERADO,MODERADO,5,17.7,4,0.3581,0.0676,0.1729,0.186,0.0,0.0,0.3581,0,PREVIDENCIA,2,10.47,MODERADO,0.87,INCENTIVADO,0.167,0
synth-cli-0097,rf-cdb-1,2026-04-26,4292248.24,MODERADO,MODERADO,5,17.7,4,0.3581,0.0676,0.1729,0.186,0.0,0.0,0.3581,0,RENDA_FIXA,1,11.46,CONSERVADOR,0.0,TRIBUTADO,0.056,1
synth-cli-0097,rf-isento-0,2026-01-26,4292248.24,MODERADO,MODERADO,5,17.7,4,0.3581,0.0676,0.1729,0.186,0.0,0.0,0.3581,0,RENDA_FIXA,1,11.04,CONSERVADOR,0.0,ISENTO,24.0,0
synth-cli-0097,prev-0,2026-03-28,4292248.24,MODERADO,MODERADO,5,17.7,4,0.3581,0.0676,0.1729,0.186,0.0,0.0,0.3581,0,PREVIDENCIA,2,10.09,CONSERVADOR,0.96,INCENTIVADO,0.167,0
synth-cli-0097,firf-2,2026-05-15,4292248.24,MODERADO,MODERADO,5,17.7,4,0.3581,0.0676,0.1729,0.186,0.0,0.0,0.3581,0,FUNDOS,2,11.76,CONSERVADOR,0.78,TRIBUTADO,1.0,0
synth-cli-0097,fundo-mm-1,2026-05-25,4292248.24,MODERADO,MODERADO,5,17.7,4,0.3581,0.0676,0.1729,0.186,0.0,0.0,0.3581,0,FUNDOS,4,15.74,ARROJADO,1.01,TRIBUTADO,1.806,0
synth-cli-0097,rf-isento-1,2026-02-05,4292248.24,MODERADO,MODERADO,5,17.7,4,0.3581,0.0676,0.1729,0.186,0.0,0.0,0.3581,0,RENDA_FIXA,1,11.3,CONSERVADOR,0.0,ISENTO,24.0,1
synth-cli-0097,rf-cdb-2,2026-03-26,4292248.24,MODERADO,MODERADO,5,17.7,4,0.3581,0.0676,0.1729,0.186,0.0,0.0,0.3581,0,RENDA_FIXA,1,13.08,CONSERVADOR,0.0,TRIBUTADO,0.101,0
synth-cli-0097,prev-1,2026-05-10,4292248.24,MODERADO,MODERADO,5,17.7,4,0.3581,0.0676,0.1729,0.186,0.0,0.0,0.3581,0,PREVIDENCIA,3,10.58,MODERADO,0.86,INCENTIVADO,0.167,0
synth-cli-0097,rv-knri11,2026-04-02,4292248.24,MODERADO,MODERADO,5,17.7,4,0.3581,0.0676,0.1729,0.186,0.0,0.0,0.3581,0,RENDA_VARIAVEL,3,11.32,MODERADO,0.0,ISENTO,0.067,1
synth-cli-0097,rv-itsa4,2026-03-09,4292248.24,MODERADO,MODERADO,5,17.7,4,0.3581,0.0676,0.1729,0.186,0.0,0.0,0.3581,0,RENDA_VARIAVEL,4,15.45,ARROJADO,0.0,TRIBUTADO,0.067,0
synth-cli-0097,coe-0,2026-05-01,4292248.24,MODERADO,MODERADO,5,17.7,4,0.3581,0.0676,0.1729,0.186,0.0,0.0,0.3581,0,ESTRUTURADOS,5,19.22,ARROJADO,0.0,TRIBUTADO,36.0,0
synth-cli-0097,coe-1,2026-05-22,4292248.24,MODERADO,MODERADO,5,17.7,4,0.3581,0.0676,0.1729,0.186,0.0,0.0,0.3581,0,ESTRUTURADOS,5,22.09,ARROJADO,0.0,TRIBUTADO,36.0,0
synth-cli-0097,fundo-mm-2,2026-04-01,4292248.24,MODERADO,MODERADO,5,17.7,4,0.3581,0.0676,0.1729,0.186,0.0,0.0,0.3581,0,FUNDOS,3,15.29,MODERADO,1.51,TRIBUTADO,1.155,1
synth-cli-0097,rf-pub-1,2026-04-02,4292248.24,MODERADO,MODERADO,5,17.7,4,0.3581,0.0676,0.1729,0.186,0.0,0.0,0.3581,0,RENDA_FIXA,3,12.55,MODERADO,0.0,INCENTIVADO,36.0,1
synth-cli-0097,firf-0,2026-02-14,4292248.24,MODERADO,MODERADO,5,17.7,4,0.3581,0.0676,0.1729,0.186,0.0,0.0,0.3581,0,FUNDOS,2,12.61,CONSERVADOR,0.86,TRIBUTADO,1.0,0
synth-cli-0097,rf-pub-2,2026-01-09,4292248.24,MODERADO,MODERADO,5,17.7,4,0.3581,0.0676,0.1729,0.186,0.0,0.0,0.3581,1,RENDA_FIXA,3,13.26,MODERADO,0.0,INCENTIVADO,36.0,0
synth-cli-0097,fundo-mm-3,2026-05-11,4292248.24,MODERADO,MODERADO,5,17.7,4,0.3581,0.0676,0.1729,0.186,0.0,0.0,0.3581,0,FUNDOS,4,16.33,ARROJADO,1.5,TRIBUTADO,1.093,0
synth-cli-0098,fundo-mm-3,2026-02-28,2286426.65,MODERADO,MODERADO,8,17.0,4,0.4223,0.0963,0.3035,0.0668,0.0,0.0,0.4223,0,FUNDOS,4,16.33,ARROJADO,1.5,TRIBUTADO,1.093,0
synth-cli-0098,rf-pub-0,2026-01-08,2286426.65,MODERADO,MODERADO,8,17.0,4,0.4223,0.0963,0.3035,0.0668,0.0,0.0,0.4223,0,RENDA_FIXA,1,6.5,CONSERVADOR,0.0,TRIBUTADO,0.033,0
synth-cli-0098,rf-isento-0,2026-04-19,2286426.65,MODERADO,MODERADO,8,17.0,4,0.4223,0.0963,0.3035,0.0668,0.0,0.0,0.4223,0,RENDA_FIXA,1,11.04,CONSERVADOR,0.0,ISENTO,24.0,0
synth-cli-0098,prev-0,2026-05-23,2286426.65,MODERADO,MODERADO,8,17.0,4,0.4223,0.0963,0.3035,0.0668,0.0,0.0,0.4223,0,PREVIDENCIA,2,10.09,CONSERVADOR,0.96,INCENTIVADO,0.167,1
synth-cli-0098,prev-1,2026-03-01,2286426.65,MODERADO,MODERADO,8,17.0,4,0.4223,0.0963,0.3035,0.0668,0.0,0.0,0.4223,0,PREVIDENCIA,3,10.58,MODERADO,0.86,INCENTIVADO,0.167,0
synth-cli-0098,coe-1,2026-03-18,2286426.65,MODERADO,MODERADO,8,17.0,4,0.4223,0.0963,0.3035,0.0668,0.0,0.0,0.4223,0,ESTRUTURADOS,5,22.09,ARROJADO,0.0,TRIBUTADO,36.0,0
synth-cli-0098,prev-2,2026-05-08,2286426.65,MODERADO,MODERADO,8,17.0,4,0.4223,0.0963,0.3035,0.0668,0.0,0.0,0.4223,0,PREVIDENCIA,2,10.47,MODERADO,0.87,INCENTIVADO,0.167,1
synth-cli-0098,fundo-mm-4,2026-05-03,2286426.65,MODERADO,MODERADO,8,17.0,4,0.4223,0.0963,0.3035,0.0668,0.0,0.0,0.4223,0,FUNDOS,3,12.89,MODERADO,2.27,TRIBUTADO,1.604,0
synth-cli-0098,rf-cdb-4,2026-03-19,2286426.65,MODERADO,MODERADO,8,17.0,4,0.4223,0.0963,0.3035,0.0668,0.0,0.0,0.4223,0,RENDA_FIXA,1,11.98,CONSERVADOR,0.0,TRIBUTADO,0.036,1
synth-cli-0098,rf-pub-2,2026-04-10,2286426.65,MODERADO,MODERADO,8,17.0,4,0.4223,0.0963,0.3035,0.0668,0.0,0.0,0.4223,0,RENDA_FIXA,3,13.26,MODERADO,0.0,INCENTIVADO,36.0,1
synth-cli-0099,rf-cdb-0,2026-03-02,2141197.99,CONSERVADOR,CONSERVADOR,6,5.7,3,0.471,0.0,0.0578,0.4206,0.0,0.0,0.471,0,RENDA_FIXA,1,12.74,CONSERVADOR,0.0,TRIBUTADO,0.036,1
synth-cli-0099,rf-isento-2,2026-01-20,2141197.99,CONSERVADOR,CONSERVADOR,6,5.7,3,0.471,0.0,0.0578,0.4206,0.0,0.0,0.471,0,RENDA_FIXA,1,11.97,CONSERVADOR,0.0,ISENTO,24.0,1
synth-cli-0099,rv-bpac11,2026-03-17,2141197.99,CONSERVADOR,CONSERVADOR,6,5.7,3,0.471,0.0,0.0578,0.4206,0.0,0.0,0.471,0,RENDA_VARIAVEL,4,19.32,ARROJADO,0.0,ISENTO,0.067,0
synth-cli-0099,prev-1,2026-05-26,2141197.99,CONSERVADOR,CONSERVADOR,6,5.7,3,0.471,0.0,0.0578,0.4206,0.0,0.0,0.471,0,PREVIDENCIA,3,10.58,MODERADO,0.86,INCENTIVADO,0.167,0
synth-cli-0099,fundo-mm-0,2026-03-07,2141197.99,CONSERVADOR,CONSERVADOR,6,5.7,3,0.471,0.0,0.0578,0.4206,0.0,0.0,0.471,0,FUNDOS,3,14.68,MODERADO,1.33,TRIBUTADO,1.589,0
synth-cli-0099,cambio-0,2026-05-02,2141197.99,CONSERVADOR,CONSERVADOR,6,5.7,3,0.471,0.0,0.0578,0.4206,0.0,0.0,0.471,0,CAMBIO,4,11.55,ARROJADO,1.87,TRIBUTADO,1.0,0
synth-cli-0099,fundo-mm-2,2026-02-13,2141197.99,CONSERVADOR,CONSERVADOR,6,5.7,3,0.471,0.0,0.0578,0.4206,0.0,0.0,0.471,0,FUNDOS,3,15.29,MODERADO,1.51,TRIBUTADO,1.155,0
synth-cli-0099,rv-ivvb11,2026-01-03,2141197.99,CONSERVADOR,CONSERVADOR,6,5.7,3,0.471,0.0,0.0578,0.4206,0.0,0.0,0.471,0,RENDA_VARIAVEL,4,17.47,ARROJADO,0.0,ISENTO,0.067,0
synth-cli-0099,prev-2,2026-02-19,2141197.99,CONSERVADOR,CONSERVADOR,6,5.7,3,0.471,0.0,0.0578,0.4206,0.0,0.0,0.471,0,PREVIDENCIA,2,10.47,MODERADO,0.87,INCENTIVADO,0.167,1
synth-cli-0099,fundo-mm-4,2026-05-21,2141197.99,CONSERVADOR,CONSERVADOR,6,5.7,3,0.471,0.0,0.0578,0.4206,0.0,0.0,0.471,0,FUNDOS,3,12.89,MODERADO,2.27,TRIBUTADO,1.604,0
synth-cli-0099,rf-isento-1,2026-04-18,2141197.99,CONSERVADOR,CONSERVADOR,6,5.7,3,0.471,0.0,0.0578,0.4206,0.0,0.0,0.471,0,RENDA_FIXA,1,11.3,CONSERVADOR,0.0,ISENTO,24.0,1
synth-cli-0099,coe-1,2026-05-26,2141197.99,CONSERVADOR,CONSERVADOR,6,5.7,3,0.471,0.0,0.0578,0.4206,0.0,0.0,0.471,0,ESTRUTURADOS,5,22.09,ARROJADO,0.0,TRIBUTADO,36.0,0
synth-cli-0100,rv-bpac11,2026-03-08,2096086.24,MODERADO,MODERADO,7,10.4,3,0.4835,0.0,0.2384,0.1461,0.0,0.0,0.4835,0,RENDA_VARIAVEL,4,19.32,ARROJADO,0.0,ISENTO,0.067,0
synth-cli-0100,fundo-mm-4,2026-03-08,2096086.24,MODERADO,MODERADO,7,10.4,3,0.4835,0.0,0.2384,0.1461,0.0,0.0,0.4835,0,FUNDOS,3,12.89,MODERADO,2.27,TRIBUTADO,1.604,0
synth-cli-0100,rv-itsa4,2026-01-23,2096086.24,MODERADO,MODERADO,7,10.4,3,0.4835,0.0,0.2384,0.1461,0.0,0.0,0.4835,0,RENDA_VARIAVEL,4,15.45,ARROJADO,0.0,TRIBUTADO,0.067,0
synth-cli-0100,firf-0,2026-03-03,2096086.24,MODERADO,MODERADO,7,10.4,3,0.4835,0.0,0.2384,0.1461,0.0,0.0,0.4835,0,FUNDOS,2,12.61,CONSERVADOR,0.86,TRIBUTADO,1.0,0
synth-cli-0100,coe-0,2026-05-03,2096086.24,MODERADO,MODERADO,7,10.4,3,0.4835,0.0,0.2384,0.1461,0.0,0.0,0.4835,0,ESTRUTURADOS,5,19.22,ARROJADO,0.0,TRIBUTADO,36.0,0
synth-cli-0100,fundo-mm-3,2026-04-20,2096086.24,MODERADO,MODERADO,7,10.4,3,0.4835,0.0,0.2384,0.1461,0.0,0.0,0.4835,0,FUNDOS,4,16.33,ARROJADO,1.5,TRIBUTADO,1.093,0
synth-cli-0100,rf-isento-2,2026-04-08,2096086.24,MODERADO,MODERADO,7,10.4,3,0.4835,0.0,0.2384,0.1461,0.0,0.0,0.4835,0,RENDA_FIXA,1,11.97,CONSERVADOR,0.0,ISENTO,24.0,1
synth-cli-0100,rf-isento-0,2026-05-08,2096086.24,MODERADO,MODERADO,7,10.4,3,0.4835,0.0,0.2384,0.1461,0.0,0.0,0.4835,0,RENDA_FIXA,1,11.04,CONSERVADOR,0.0,ISENTO,24.0,1
synth-cli-0100,rf-pub-1,2026-04-22,2096086.24,MODERADO,MODERADO,7,10.4,3,0.4835,0.0,0.2384,0.1461,0.0,0.0,0.4835,0,RENDA_FIXA,3,12.55,MODERADO,0.0,INCENTIVADO,36.0,0
synth-cli-0101,rv-bpac11,2026-02-06,3098688.29,MODERADO,MODERADO,5,10.0,4,0.368,0.1349,0.1887,0.1526,0.0,0.0,0.368,0,RENDA_VARIAVEL,4,19.32,ARROJADO,0.0,ISENTO,0.067,0
synth-cli-0101,rf-isento-0,2026-01-06,3098688.29,MODERADO,MODERADO,5,10.0,4,0.368,0.1349,0.1887,0.1526,0.0,0.0,0.368,0,RENDA_FIXA,1,11.04,CONSERVADOR,0.0,ISENTO,24.0,0
synth-cli-0101,prev-1,2026-03-25,3098688.29,MODERADO,MODERADO,5,10.0,4,0.368,0.1349,0.1887,0.1526,0.0,0.0,0.368,0,PREVIDENCIA,3,10.58,MODERADO,0.86,INCENTIVADO,0.167,0
synth-cli-0101,rf-isento-1,2026-04-24,3098688.29,MODERADO,MODERADO,5,10.0,4,0.368,0.1349,0.1887,0.1526,0.0,0.0,0.368,1,RENDA_FIXA,1,11.3,CONSERVADOR,0.0,ISENTO,24.0,0
synth-cli-0101,rf-isento-2,2026-01-23,3098688.29,MODERADO,MODERADO,5,10.0,4,0.368,0.1349,0.1887,0.1526,0.0,0.0,0.368,0,RENDA_FIXA,1,11.97,CONSERVADOR,0.0,ISENTO,24.0,0
synth-cli-0101,prev-2,2026-01-05,3098688.29,MODERADO,MODERADO,5,10.0,4,0.368,0.1349,0.1887,0.1526,0.0,0.0,0.368,0,PREVIDENCIA,2,10.47,MODERADO,0.87,INCENTIVADO,0.167,1
synth-cli-0101,rf-cdb-3,2026-04-12,3098688.29,MODERADO,MODERADO,5,10.0,4,0.368,0.1349,0.1887,0.1526,0.0,0.0,0.368,0,RENDA_FIXA,1,13.62,CONSERVADOR,0.0,TRIBUTADO,0.042,1
synth-cli-0101,rf-cdb-2,2026-05-08,3098688.29,MODERADO,MODERADO,5,10.0,4,0.368,0.1349,0.1887,0.1526,0.0,0.0,0.368,0,RENDA_FIXA,1,13.08,CONSERVADOR,0.0,TRIBUTADO,0.101,1
synth-cli-0101,fundo-mm-2,2026-01-11,3098688.29,MODERADO,MODERADO,5,10.0,4,0.368,0.1349,0.1887,0.1526,0.0,0.0,0.368,0,FUNDOS,3,15.29,MODERADO,1.51,TRIBUTADO,1.155,0
synth-cli-0101,rv-btlg11,2026-03-19,3098688.29,MODERADO,MODERADO,5,10.0,4,0.368,0.1349,0.1887,0.1526,0.0,0.0,0.368,0,RENDA_VARIAVEL,3,11.31,MODERADO,0.0,ISENTO,0.067,0
synth-cli-0101,firf-0,2026-01-24,3098688.29,MODERADO,MODERADO,5,10.0,4,0.368,0.1349,0.1887,0.1526,0.0,0.0,0.368,0,FUNDOS,2,12.61,CONSERVADOR,0.86,TRIBUTADO,1.0,0
synth-cli-0101,rf-cdb-4,2026-04-14,3098688.29,MODERADO,MODERADO,5,10.0,4,0.368,0.1349,0.1887,0.1526,0.0,0.0,0.368,0,RENDA_FIXA,1,11.98,CONSERVADOR,0.0,TRIBUTADO,0.036,0
synth-cli-0102,rv-knri11,2026-01-08,1816888.47,CONSERVADOR,CONSERVADOR,4,7.7,3,0.5189,0.0,0.0728,0.2543,0.0,0.0,0.5189,0,RENDA_VARIAVEL,3,11.32,MODERADO,0.0,ISENTO,0.067,0
synth-cli-0102,prev-2,2026-03-02,1816888.47,CONSERVADOR,CONSERVADOR,4,7.7,3,0.5189,0.0,0.0728,0.2543,0.0,0.0,0.5189,0,PREVIDENCIA,2,10.47,MODERADO,0.87,INCENTIVADO,0.167,0
synth-cli-0102,fundo-mm-2,2026-05-19,1816888.47,CONSERVADOR,CONSERVADOR,4,7.7,3,0.5189,0.0,0.0728,0.2543,0.0,0.0,0.5189,0,FUNDOS,3,15.29,MODERADO,1.51,TRIBUTADO,1.155,0
synth-cli-0102,rf-isento-1,2026-04-11,1816888.47,CONSERVADOR,CONSERVADOR,4,7.7,3,0.5189,0.0,0.0728,0.2543,0.0,0.0,0.5189,0,RENDA_FIXA,1,11.3,CONSERVADOR,0.0,ISENTO,24.0,1
synth-cli-0102,prev-0,2026-02-02,1816888.47,CONSERVADOR,CONSERVADOR,4,7.7,3,0.5189,0.0,0.0728,0.2543,0.0,0.0,0.5189,0,PREVIDENCIA,2,10.09,CONSERVADOR,0.96,INCENTIVADO,0.167,0
synth-cli-0102,fundo-mm-4,2026-02-14,1816888.47,CONSERVADOR,CONSERVADOR,4,7.7,3,0.5189,0.0,0.0728,0.2543,0.0,0.0,0.5189,0,FUNDOS,3,12.89,MODERADO,2.27,TRIBUTADO,1.604,0
synth-cli-0102,rv-btlg11,2026-05-20,1816888.47,CONSERVADOR,CONSERVADOR,4,7.7,3,0.5189,0.0,0.0728,0.2543,0.0,0.0,0.5189,0,RENDA_VARIAVEL,3,11.31,MODERADO,0.0,ISENTO,0.067,0
synth-cli-0102,rf-cdb-4,2026-03-09,1816888.47,CONSERVADOR,CONSERVADOR,4,7.7,3,0.5189,0.0,0.0728,0.2543,0.0,0.0,0.5189,0,RENDA_FIXA,1,11.98,CONSERVADOR,0.0,TRIBUTADO,0.036,1
synth-cli-0102,rf-pub-0,2026-02-06,1816888.47,CONSERVADOR,CONSERVADOR,4,7.7,3,0.5189,0.0,0.0728,0.2543,0.0,0.0,0.5189,0,RENDA_FIXA,1,6.5,CONSERVADOR,0.0,TRIBUTADO,0.033,1
synth-cli-0102,firf-2,2026-01-08,1816888.47,CONSERVADOR,CONSERVADOR,4,7.7,3,0.5189,0.0,0.0728,0.2543,0.0,0.0,0.5189,0,FUNDOS,2,11.76,CONSERVADOR,0.78,TRIBUTADO,1.0,0
synth-cli-0102,firf-0,2026-02-04,1816888.47,CONSERVADOR,CONSERVADOR,4,7.7,3,0.5189,0.0,0.0728,0.2543,0.0,0.0,0.5189,0,FUNDOS,2,12.61,CONSERVADOR,0.86,TRIBUTADO,1.0,1
synth-cli-0102,rf-cdb-2,2026-01-20,1816888.47,CONSERVADOR,CONSERVADOR,4,7.7,3,0.5189,0.0,0.0728,0.2543,0.0,0.0,0.5189,0,RENDA_FIXA,1,13.08,CONSERVADOR,0.0,TRIBUTADO,0.101,0
synth-cli-0102,cambio-1,2026-05-18,1816888.47,CONSERVADOR,CONSERVADOR,4,7.7,3,0.5189,0.0,0.0728,0.2543,0.0,0.0,0.5189,0,CAMBIO,4,10.47,ARROJADO,1.77,TRIBUTADO,1.0,0
synth-cli-0102,rf-cdb-0,2026-01-16,1816888.47,CONSERVADOR,CONSERVADOR,4,7.7,3,0.5189,0.0,0.0728,0.2543,0.0,0.0,0.5189,0,RENDA_FIXA,1,12.74,CONSERVADOR,0.0,TRIBUTADO,0.036,0
synth-cli-0102,fundo-mm-0,2026-01-12,1816888.47,CONSERVADOR,CONSERVADOR,4,7.7,3,0.5189,0.0,0.0728,0.2543,0.0,0.0,0.5189,0,FUNDOS,3,14.68,MODERADO,1.33,TRIBUTADO,1.589,0
synth-cli-0102,fundo-mm-3,2026-05-14,1816888.47,CONSERVADOR,CONSERVADOR,4,7.7,3,0.5189,0.0,0.0728,0.2543,0.0,0.0,0.5189,0,FUNDOS,4,16.33,ARROJADO,1.5,TRIBUTADO,1.093,0
synth-cli-0102,rf-pub-1,2026-05-05,1816888.47,CONSERVADOR,CONSERVADOR,4,7.7,3,0.5189,0.0,0.0728,0.2543,0.0,0.0,0.5189,0,RENDA_FIXA,3,12.55,MODERADO,0.0,INCENTIVADO,36.0,0
synth-cli-0102,cambio-0,2026-03-04,1816888.47,CONSERVADOR,CONSERVADOR,4,7.7,3,0.5189,0.0,0.0728,0.2543,0.0,0.0,0.5189,0,CAMBIO,4,11.55,ARROJADO,1.87,TRIBUTADO,1.0,0
synth-cli-0102,rf-pub-2,2026-01-15,1816888.47,CONSERVADOR,CONSERVADOR,4,7.7,3,0.5189,0.0,0.0728,0.2543,0.0,0.0,0.5189,0,RENDA_FIXA,3,13.26,MODERADO,0.0,INCENTIVADO,36.0,0
synth-cli-0102,rv-bpac11,2026-04-09,1816888.47,CONSERVADOR,CONSERVADOR,4,7.7,3,0.5189,0.0,0.0728,0.2543,0.0,0.0,0.5189,0,RENDA_VARIAVEL,4,19.32,ARROJADO,0.0,ISENTO,0.067,0
synth-cli-0102,rf-isento-0,2026-01-12,1816888.47,CONSERVADOR,CONSERVADOR,4,7.7,3,0.5189,0.0,0.0728,0.2543,0.0,0.0,0.5189,0,RENDA_FIXA,1,11.04,CONSERVADOR,0.0,ISENTO,24.0,1
synth-cli-0102,coe-0,2026-02-24,1816888.47,CONSERVADOR,CONSERVADOR,4,7.7,3,0.5189,0.0,0.0728,0.2543,0.0,0.0,0.5189,0,ESTRUTURADOS,5,19.22,ARROJADO,0.0,TRIBUTADO,36.0,0
synth-cli-0103,rf-isento-2,2026-03-02,9095665.54,CONSERVADOR,CONSERVADOR,2,8.7,3,0.5494,0.0,0.0753,0.1415,0.0,0.0,0.5494,1,RENDA_FIXA,1,11.97,CONSERVADOR,0.0,ISENTO,24.0,0
synth-cli-0103,rf-pub-0,2026-05-11,9095665.54,CONSERVADOR,CONSERVADOR,2,8.7,3,0.5494,0.0,0.0753,0.1415,0.0,0.0,0.5494,0,RENDA_FIXA,1,6.5,CONSERVADOR,0.0,TRIBUTADO,0.033,1
synth-cli-0103,firf-0,2026-01-21,9095665.54,CONSERVADOR,CONSERVADOR,2,8.7,3,0.5494,0.0,0.0753,0.1415,0.0,0.0,0.5494,0,FUNDOS,2,12.61,CONSERVADOR,0.86,TRIBUTADO,1.0,0
synth-cli-0103,cambio-1,2026-02-05,9095665.54,CONSERVADOR,CONSERVADOR,2,8.7,3,0.5494,0.0,0.0753,0.1415,0.0,0.0,0.5494,0,CAMBIO,4,10.47,ARROJADO,1.77,TRIBUTADO,1.0,0
synth-cli-0103,rf-isento-0,2026-02-22,9095665.54,CONSERVADOR,CONSERVADOR,2,8.7,3,0.5494,0.0,0.0753,0.1415,0.0,0.0,0.5494,0,RENDA_FIXA,1,11.04,CONSERVADOR,0.0,ISENTO,24.0,1
synth-cli-0103,fundo-mm-3,2026-04-05,9095665.54,CONSERVADOR,CONSERVADOR,2,8.7,3,0.5494,0.0,0.0753,0.1415,0.0,0.0,0.5494,0,FUNDOS,4,16.33,ARROJADO,1.5,TRIBUTADO,1.093,0
synth-cli-0103,rv-ivvb11,2026-02-24,9095665.54,CONSERVADOR,CONSERVADOR,2,8.7,3,0.5494,0.0,0.0753,0.1415,0.0,0.0,0.5494,0,RENDA_VARIAVEL,4,17.47,ARROJADO,0.0,ISENTO,0.067,0
synth-cli-0103,rv-knri11,2026-02-07,9095665.54,CONSERVADOR,CONSERVADOR,2,8.7,3,0.5494,0.0,0.0753,0.1415,0.0,0.0,0.5494,0,RENDA_VARIAVEL,3,11.32,MODERADO,0.0,ISENTO,0.067,0
synth-cli-0103,coe-1,2026-01-17,9095665.54,CONSERVADOR,CONSERVADOR,2,8.7,3,0.5494,0.0,0.0753,0.1415,0.0,0.0,0.5494,0,ESTRUTURADOS,5,22.09,ARROJADO,0.0,TRIBUTADO,36.0,0
synth-cli-0103,rv-itsa4,2026-02-01,9095665.54,CONSERVADOR,CONSERVADOR,2,8.7,3,0.5494,0.0,0.0753,0.1415,0.0,0.0,0.5494,0,RENDA_VARIAVEL,4,15.45,ARROJADO,0.0,TRIBUTADO,0.067,0
synth-cli-0104,rf-cdb-2,2026-04-20,1492024.56,MODERADO,MODERADO,8,12.7,3,0.4701,0.0422,0.2331,0.0,0.0,0.0,0.4701,0,RENDA_FIXA,1,13.08,CONSERVADOR,0.0,TRIBUTADO,0.101,1
synth-cli-0104,fundo-mm-4,2026-04-10,1492024.56,MODERADO,MODERADO,8,12.7,3,0.4701,0.0422,0.2331,0.0,0.0,0.0,0.4701,0,FUNDOS,3,12.89,MODERADO,2.27,TRIBUTADO,1.604,0
synth-cli-0104,firf-1,2026-01-25,1492024.56,MODERADO,MODERADO,8,12.7,3,0.4701,0.0422,0.2331,0.0,0.0,0.0,0.4701,0,FUNDOS,2,12.07,CONSERVADOR,0.99,TRIBUTADO,1.0,1
synth-cli-0104,rv-bpac11,2026-04-15,1492024.56,MODERADO,MODERADO,8,12.7,3,0.4701,0.0422,0.2331,0.0,0.0,0.0,0.4701,0,RENDA_VARIAVEL,4,19.32,ARROJADO,0.0,ISENTO,0.067,0
synth-cli-0104,rf-pub-1,2026-04-04,1492024.56,MODERADO,MODERADO,8,12.7,3,0.4701,0.0422,0.2331,0.0,0.0,0.0,0.4701,0,RENDA_FIXA,3,12.55,MODERADO,0.0,INCENTIVADO,36.0,0
synth-cli-0104,rv-btlg11,2026-03-22,1492024.56,MODERADO,MODERADO,8,12.7,3,0.4701,0.0422,0.2331,0.0,0.0,0.0,0.4701,1,RENDA_VARIAVEL,3,11.31,MODERADO,0.0,ISENTO,0.067,0
synth-cli-0104,rf-pub-0,2026-04-27,1492024.56,MODERADO,MODERADO,8,12.7,3,0.4701,0.0422,0.2331,0.0,0.0,0.0,0.4701,0,RENDA_FIXA,1,6.5,CONSERVADOR,0.0,TRIBUTADO,0.033,0
synth-cli-0104,rf-cdb-1,2026-04-20,1492024.56,MODERADO,MODERADO,8,12.7,3,0.4701,0.0422,0.2331,0.0,0.0,0.0,0.4701,0,RENDA_FIXA,1,11.46,CONSERVADOR,0.0,TRIBUTADO,0.056,0
synth-cli-0104,fundo-mm-2,2026-02-01,1492024.56,MODERADO,MODERADO,8,12.7,3,0.4701,0.0422,0.2331,0.0,0.0,0.0,0.4701,0,FUNDOS,3,15.29,MODERADO,1.51,TRIBUTADO,1.155,0
synth-cli-0104,rf-isento-0,2026-04-02,1492024.56,MODERADO,MODERADO,8,12.7,3,0.4701,0.0422,0.2331,0.0,0.0,0.0,0.4701,0,RENDA_FIXA,1,11.04,CONSERVADOR,0.0,ISENTO,24.0,0
synth-cli-0104,coe-0,2026-03-09,1492024.56,MODERADO,MODERADO,8,12.7,3,0.4701,0.0422,0.2331,0.0,0.0,0.0,0.4701,1,ESTRUTURADOS,5,19.22,ARROJADO,0.0,TRIBUTADO,36.0,0
synth-cli-0104,fundo-mm-1,2026-04-13,1492024.56,MODERADO,MODERADO,8,12.7,3,0.4701,0.0422,0.2331,0.0,0.0,0.0,0.4701,0,FUNDOS,4,15.74,ARROJADO,1.01,TRIBUTADO,1.806,0
synth-cli-0104,firf-2,2026-04-13,1492024.56,MODERADO,MODERADO,8,12.7,3,0.4701,0.0422,0.2331,0.0,0.0,0.0,0.4701,0,FUNDOS,2,11.76,CONSERVADOR,0.78,TRIBUTADO,1.0,0
synth-cli-0104,rf-pub-2,2026-01-09,1492024.56,MODERADO,MODERADO,8,12.7,3,0.4701,0.0422,0.2331,0.0,0.0,0.0,0.4701,0,RENDA_FIXA,3,13.26,MODERADO,0.0,INCENTIVADO,36.0,0
synth-cli-0104,fundo-mm-0,2026-02-11,1492024.56,MODERADO,MODERADO,8,12.7,3,0.4701,0.0422,0.2331,0.0,0.0,0.0,0.4701,0,FUNDOS,3,14.68,MODERADO,1.33,TRIBUTADO,1.589,0
synth-cli-0104,cambio-0,2026-01-10,1492024.56,MODERADO,MODERADO,8,12.7,3,0.4701,0.0422,0.2331,0.0,0.0,0.0,0.4701,0,CAMBIO,4,11.55,ARROJADO,1.87,TRIBUTADO,1.0,0
synth-cli-0104,rv-itsa4,2026-02-19,1492024.56,MODERADO,MODERADO,8,12.7,3,0.4701,0.0422,0.2331,0.0,0.0,0.0,0.4701,0,RENDA_VARIAVEL,4,15.45,ARROJADO,0.0,TRIBUTADO,0.067,0
synth-cli-0104,rf-isento-2,2026-01-20,1492024.56,MODERADO,MODERADO,8,12.7,3,0.4701,0.0422,0.2331,0.0,0.0,0.0,0.4701,0,RENDA_FIXA,1,11.97,CONSERVADOR,0.0,ISENTO,24.0,0
synth-cli-0104,cambio-1,2026-02-20,1492024.56,MODERADO,MODERADO,8,12.7,3,0.4701,0.0422,0.2331,0.0,0.0,0.0,0.4701,0,CAMBIO,4,10.47,ARROJADO,1.77,TRIBUTADO,1.0,0
synth-cli-0104,rf-cdb-4,2026-01-26,1492024.56,MODERADO,MODERADO,8,12.7,3,0.4701,0.0422,0.2331,0.0,0.0,0.0,0.4701,0,RENDA_FIXA,1,11.98,CONSERVADOR,0.0,TRIBUTADO,0.036,0
synth-cli-0104,rf-cdb-3,2026-03-25,1492024.56,MODERADO,MODERADO,8,12.7,3,0.4701,0.0422,0.2331,0.0,0.0,0.0,0.4701,0,RENDA_FIXA,1,13.62,CONSERVADOR,0.0,TRIBUTADO,0.042,1
synth-cli-0105,rf-cdb-2,2026-01-17,3684649.16,MODERADO,MODERADO,9,14.3,4,0.3953,0.0842,0.321,0.1228,0.0,0.0,0.3953,0,RENDA_FIXA,1,13.08,CONSERVADOR,0.0,TRIBUTADO,0.101,0
synth-cli-0105,rv-ivvb11,2026-04-02,3684649.16,MODERADO,MODERADO,9,14.3,4,0.3953,0.0842,0.321,0.1228,0.0,0.0,0.3953,0,RENDA_VARIAVEL,4,17.47,ARROJADO,0.0,ISENTO,0.067,0
synth-cli-0105,rf-cdb-1,2026-02-02,3684649.16,MODERADO,MODERADO,9,14.3,4,0.3953,0.0842,0.321,0.1228,0.0,0.0,0.3953,0,RENDA_FIXA,1,11.46,CONSERVADOR,0.0,TRIBUTADO,0.056,1
synth-cli-0105,firf-0,2026-01-27,3684649.16,MODERADO,MODERADO,9,14.3,4,0.3953,0.0842,0.321,0.1228,0.0,0.0,0.3953,0,FUNDOS,2,12.61,CONSERVADOR,0.86,TRIBUTADO,1.0,0
synth-cli-0105,rf-pub-1,2026-04-05,3684649.16,MODERADO,MODERADO,9,14.3,4,0.3953,0.0842,0.321,0.1228,0.0,0.0,0.3953,0,RENDA_FIXA,3,12.55,MODERADO,0.0,INCENTIVADO,36.0,0
synth-cli-0105,fundo-mm-0,2026-03-28,3684649.16,MODERADO,MODERADO,9,14.3,4,0.3953,0.0842,0.321,0.1228,0.0,0.0,0.3953,0,FUNDOS,3,14.68,MODERADO,1.33,TRIBUTADO,1.589,0
synth-cli-0105,firf-1,2026-04-01,3684649.16,MODERADO,MODERADO,9,14.3,4,0.3953,0.0842,0.321,0.1228,0.0,0.0,0.3953,0,FUNDOS,2,12.07,CONSERVADOR,0.99,TRIBUTADO,1.0,0
synth-cli-0105,prev-2,2026-05-20,3684649.16,MODERADO,MODERADO,9,14.3,4,0.3953,0.0842,0.321,0.1228,0.0,0.0,0.3953,0,PREVIDENCIA,2,10.47,MODERADO,0.87,INCENTIVADO,0.167,1
synth-cli-0105,rf-pub-0,2026-04-07,3684649.16,MODERADO,MODERADO,9,14.3,4,0.3953,0.0842,0.321,0.1228,0.0,0.0,0.3953,0,RENDA_FIXA,1,6.5,CONSERVADOR,0.0,TRIBUTADO,0.033,0
synth-cli-0105,prev-0,2026-03-26,3684649.16,MODERADO,MODERADO,9,14.3,4,0.3953,0.0842,0.321,0.1228,0.0,0.0,0.3953,0,PREVIDENCIA,2,10.09,CONSERVADOR,0.96,INCENTIVADO,0.167,0
synth-cli-0105,fundo-mm-1,2026-05-24,3684649.16,MODERADO,MODERADO,9,14.3,4,0.3953,0.0842,0.321,0.1228,0.0,0.0,0.3953,0,FUNDOS,4,15.74,ARROJADO,1.01,TRIBUTADO,1.806,0
synth-cli-0105,rf-pub-2,2026-03-21,3684649.16,MODERADO,MODERADO,9,14.3,4,0.3953,0.0842,0.321,0.1228,0.0,0.0,0.3953,0,RENDA_FIXA,3,13.26,MODERADO,0.0,INCENTIVADO,36.0,1
synth-cli-0105,rf-isento-1,2026-04-10,3684649.16,MODERADO,MODERADO,9,14.3,4,0.3953,0.0842,0.321,0.1228,0.0,0.0,0.3953,0,RENDA_FIXA,1,11.3,CONSERVADOR,0.0,ISENTO,24.0,1
synth-cli-0105,rv-btlg11,2026-03-16,3684649.16,MODERADO,MODERADO,9,14.3,4,0.3953,0.0842,0.321,0.1228,0.0,0.0,0.3953,0,RENDA_VARIAVEL,3,11.31,MODERADO,0.0,ISENTO,0.067,1
synth-cli-0105,prev-1,2026-05-17,3684649.16,MODERADO,MODERADO,9,14.3,4,0.3953,0.0842,0.321,0.1228,0.0,0.0,0.3953,0,PREVIDENCIA,3,10.58,MODERADO,0.86,INCENTIVADO,0.167,1
synth-cli-0105,rf-isento-2,2026-01-16,3684649.16,MODERADO,MODERADO,9,14.3,4,0.3953,0.0842,0.321,0.1228,0.0,0.0,0.3953,1,RENDA_FIXA,1,11.97,CONSERVADOR,0.0,ISENTO,24.0,0
synth-cli-0105,rv-knri11,2026-01-15,3684649.16,MODERADO,MODERADO,9,14.3,4,0.3953,0.0842,0.321,0.1228,0.0,0.0,0.3953,0,RENDA_VARIAVEL,3,11.32,MODERADO,0.0,ISENTO,0.067,0
synth-cli-0105,rf-cdb-3,2026-01-13,3684649.16,MODERADO,MODERADO,9,14.3,4,0.3953,0.0842,0.321,0.1228,0.0,0.0,0.3953,1,RENDA_FIXA,1,13.62,CONSERVADOR,0.0,TRIBUTADO,0.042,0
synth-cli-0105,rf-isento-0,2026-04-12,3684649.16,MODERADO,MODERADO,9,14.3,4,0.3953,0.0842,0.321,0.1228,0.0,0.0,0.3953,0,RENDA_FIXA,1,11.04,CONSERVADOR,0.0,ISENTO,24.0,0
synth-cli-0105,coe-0,2026-01-21,3684649.16,MODERADO,MODERADO,9,14.3,4,0.3953,0.0842,0.321,0.1228,0.0,0.0,0.3953,0,ESTRUTURADOS,5,19.22,ARROJADO,0.0,TRIBUTADO,36.0,0
synth-cli-0105,fundo-mm-2,2026-01-04,3684649.16,MODERADO,MODERADO,9,14.3,4,0.3953,0.0842,0.321,0.1228,0.0,0.0,0.3953,0,FUNDOS,3,15.29,MODERADO,1.51,TRIBUTADO,1.155,0
synth-cli-0105,rf-cdb-0,2026-02-28,3684649.16,MODERADO,MODERADO,9,14.3,4,0.3953,0.0842,0.321,0.1228,0.0,0.0,0.3953,0,RENDA_FIXA,1,12.74,CONSERVADOR,0.0,TRIBUTADO,0.036,1
synth-cli-0105,firf-2,2026-04-20,3684649.16,MODERADO,MODERADO,9,14.3,4,0.3953,0.0842,0.321,0.1228,0.0,0.0,0.3953,0,FUNDOS,2,11.76,CONSERVADOR,0.78,TRIBUTADO,1.0,1
synth-cli-0105,cambio-0,2026-05-24,3684649.16,MODERADO,MODERADO,9,14.3,4,0.3953,0.0842,0.321,0.1228,0.0,0.0,0.3953,0,CAMBIO,4,11.55,ARROJADO,1.87,TRIBUTADO,1.0,0
synth-cli-0105,fundo-mm-3,2026-02-02,3684649.16,MODERADO,MODERADO,9,14.3,4,0.3953,0.0842,0.321,0.1228,0.0,0.0,0.3953,0,FUNDOS,4,16.33,ARROJADO,1.5,TRIBUTADO,1.093,0
synth-cli-0106,rf-isento-0,2026-05-18,4078300.56,AGRESSIVO,AGRESSIVO,19,46.8,2,0.0,0.0,0.5055,0.0,0.0,0.2171,0.5055,0,RENDA_FIXA,1,11.04,CONSERVADOR,0.0,ISENTO,24.0,0
synth-cli-0106,fundo-mm-2,2026-01-14,4078300.56,AGRESSIVO,AGRESSIVO,19,46.8,2,0.0,0.0,0.5055,0.0,0.0,0.2171,0.5055,0,FUNDOS,3,15.29,MODERADO,1.51,TRIBUTADO,1.155,1
synth-cli-0106,rf-isento-1,2026-04-05,4078300.56,AGRESSIVO,AGRESSIVO,19,46.8,2,0.0,0.0,0.5055,0.0,0.0,0.2171,0.5055,0,RENDA_FIXA,1,11.3,CONSERVADOR,0.0,ISENTO,24.0,0
synth-cli-0106,rv-knri11,2026-02-07,4078300.56,AGRESSIVO,AGRESSIVO,19,46.8,2,0.0,0.0,0.5055,0.0,0.0,0.2171,0.5055,0,RENDA_VARIAVEL,3,11.32,MODERADO,0.0,ISENTO,0.067,0
synth-cli-0106,rf-isento-2,2026-01-02,4078300.56,AGRESSIVO,AGRESSIVO,19,46.8,2,0.0,0.0,0.5055,0.0,0.0,0.2171,0.5055,0,RENDA_FIXA,1,11.97,CONSERVADOR,0.0,ISENTO,24.0,1
synth-cli-0106,rf-cdb-4,2026-05-16,4078300.56,AGRESSIVO,AGRESSIVO,19,46.8,2,0.0,0.0,0.5055,0.0,0.0,0.2171,0.5055,0,RENDA_FIXA,1,11.98,CONSERVADOR,0.0,TRIBUTADO,0.036,1
synth-cli-0106,rf-cdb-1,2026-05-14,4078300.56,AGRESSIVO,AGRESSIVO,19,46.8,2,0.0,0.0,0.5055,0.0,0.0,0.2171,0.5055,0,RENDA_FIXA,1,11.46,CONSERVADOR,0.0,TRIBUTADO,0.056,1
synth-cli-0106,prev-2,2026-03-24,4078300.56,AGRESSIVO,AGRESSIVO,19,46.8,2,0.0,0.0,0.5055,0.0,0.0,0.2171,0.5055,0,PREVIDENCIA,2,10.47,MODERADO,0.87,INCENTIVADO,0.167,0
synth-cli-0106,rv-btlg11,2026-03-17,4078300.56,AGRESSIVO,AGRESSIVO,19,46.8,2,0.0,0.0,0.5055,0.0,0.0,0.2171,0.5055,0,RENDA_VARIAVEL,3,11.31,MODERADO,0.0,ISENTO,0.067,0
synth-cli-0106,firf-2,2026-02-05,4078300.56,AGRESSIVO,AGRESSIVO,19,46.8,2,0.0,0.0,0.5055,0.0,0.0,0.2171,0.5055,0,FUNDOS,2,11.76,CONSERVADOR,0.78,TRIBUTADO,1.0,0
synth-cli-0106,rv-bpac11,2026-02-26,4078300.56,AGRESSIVO,AGRESSIVO,19,46.8,2,0.0,0.0,0.5055,0.0,0.0,0.2171,0.5055,0,RENDA_VARIAVEL,4,19.32,ARROJADO,0.0,ISENTO,0.067,1
synth-cli-0106,cambio-0,2026-03-16,4078300.56,AGRESSIVO,AGRESSIVO,19,46.8,2,0.0,0.0,0.5055,0.0,0.0,0.2171,0.5055,0,CAMBIO,4,11.55,ARROJADO,1.87,TRIBUTADO,1.0,0
synth-cli-0106,rf-cdb-0,2026-03-24,4078300.56,AGRESSIVO,AGRESSIVO,19,46.8,2,0.0,0.0,0.5055,0.0,0.0,0.2171,0.5055,0,RENDA_FIXA,1,12.74,CONSERVADOR,0.0,TRIBUTADO,0.036,1
synth-cli-0106,cambio-1,2026-05-23,4078300.56,AGRESSIVO,AGRESSIVO,19,46.8,2,0.0,0.0,0.5055,0.0,0.0,0.2171,0.5055,0,CAMBIO,4,10.47,ARROJADO,1.77,TRIBUTADO,1.0,1
synth-cli-0106,rf-pub-1,2026-01-11,4078300.56,AGRESSIVO,AGRESSIVO,19,46.8,2,0.0,0.0,0.5055,0.0,0.0,0.2171,0.5055,0,RENDA_FIXA,3,12.55,MODERADO,0.0,INCENTIVADO,36.0,0
synth-cli-0106,fundo-mm-4,2026-01-10,4078300.56,AGRESSIVO,AGRESSIVO,19,46.8,2,0.0,0.0,0.5055,0.0,0.0,0.2171,0.5055,0,FUNDOS,3,12.89,MODERADO,2.27,TRIBUTADO,1.604,1
synth-cli-0106,firf-1,2026-02-23,4078300.56,AGRESSIVO,AGRESSIVO,19,46.8,2,0.0,0.0,0.5055,0.0,0.0,0.2171,0.5055,1,FUNDOS,2,12.07,CONSERVADOR,0.99,TRIBUTADO,1.0,0
synth-cli-0106,rf-pub-2,2026-04-11,4078300.56,AGRESSIVO,AGRESSIVO,19,46.8,2,0.0,0.0,0.5055,0.0,0.0,0.2171,0.5055,0,RENDA_FIXA,3,13.26,MODERADO,0.0,INCENTIVADO,36.0,1
synth-cli-0106,rf-pub-0,2026-01-12,4078300.56,AGRESSIVO,AGRESSIVO,19,46.8,2,0.0,0.0,0.5055,0.0,0.0,0.2171,0.5055,0,RENDA_FIXA,1,6.5,CONSERVADOR,0.0,TRIBUTADO,0.033,0
synth-cli-0106,coe-0,2026-02-12,4078300.56,AGRESSIVO,AGRESSIVO,19,46.8,2,0.0,0.0,0.5055,0.0,0.0,0.2171,0.5055,0,ESTRUTURADOS,5,19.22,ARROJADO,0.0,TRIBUTADO,36.0,1
synth-cli-0106,rf-cdb-3,2026-04-19,4078300.56,AGRESSIVO,AGRESSIVO,19,46.8,2,0.0,0.0,0.5055,0.0,0.0,0.2171,0.5055,0,RENDA_FIXA,1,13.62,CONSERVADOR,0.0,TRIBUTADO,0.042,1
synth-cli-0106,fundo-mm-1,2026-03-20,4078300.56,AGRESSIVO,AGRESSIVO,19,46.8,2,0.0,0.0,0.5055,0.0,0.0,0.2171,0.5055,0,FUNDOS,4,15.74,ARROJADO,1.01,TRIBUTADO,1.806,0
synth-cli-0106,rv-ivvb11,2026-02-03,4078300.56,AGRESSIVO,AGRESSIVO,19,46.8,2,0.0,0.0,0.5055,0.0,0.0,0.2171,0.5055,0,RENDA_VARIAVEL,4,17.47,ARROJADO,0.0,ISENTO,0.067,1
synth-cli-0107,rf-cdb-3,2026-05-20,6494201.29,MODERADO,MODERADO,6,18.5,3,0.53,0.0,0.2274,0.1461,0.0,0.0,0.53,0,RENDA_FIXA,1,13.62,CONSERVADOR,0.0,TRIBUTADO,0.042,0
synth-cli-0107,rv-knri11,2026-04-07,6494201.29,MODERADO,MODERADO,6,18.5,3,0.53,0.0,0.2274,0.1461,0.0,0.0,0.53,0,RENDA_VARIAVEL,3,11.32,MODERADO,0.0,ISENTO,0.067,0
synth-cli-0107,rf-pub-1,2026-02-07,6494201.29,MODERADO,MODERADO,6,18.5,3,0.53,0.0,0.2274,0.1461,0.0,0.0,0.53,0,RENDA_FIXA,3,12.55,MODERADO,0.0,INCENTIVADO,36.0,1
synth-cli-0107,rf-isento-0,2026-05-05,6494201.29,MODERADO,MODERADO,6,18.5,3,0.53,0.0,0.2274,0.1461,0.0,0.0,0.53,1,RENDA_FIXA,1,11.04,CONSERVADOR,0.0,ISENTO,24.0,0
synth-cli-0107,rf-pub-0,2026-01-02,6494201.29,MODERADO,MODERADO,6,18.5,3,0.53,0.0,0.2274,0.1461,0.0,0.0,0.53,0,RENDA_FIXA,1,6.5,CONSERVADOR,0.0,TRIBUTADO,0.033,1
synth-cli-0107,coe-0,2026-04-14,6494201.29,MODERADO,MODERADO,6,18.5,3,0.53,0.0,0.2274,0.1461,0.0,0.0,0.53,0,ESTRUTURADOS,5,19.22,ARROJADO,0.0,TRIBUTADO,36.0,0
synth-cli-0107,firf-2,2026-03-10,6494201.29,MODERADO,MODERADO,6,18.5,3,0.53,0.0,0.2274,0.1461,0.0,0.0,0.53,0,FUNDOS,2,11.76,CONSERVADOR,0.78,TRIBUTADO,1.0,0
synth-cli-0107,cambio-1,2026-01-08,6494201.29,MODERADO,MODERADO,6,18.5,3,0.53,0.0,0.2274,0.1461,0.0,0.0,0.53,0,CAMBIO,4,10.47,ARROJADO,1.77,TRIBUTADO,1.0,0
synth-cli-0107,rf-cdb-4,2026-04-12,6494201.29,MODERADO,MODERADO,6,18.5,3,0.53,0.0,0.2274,0.1461,0.0,0.0,0.53,0,RENDA_FIXA,1,11.98,CONSERVADOR,0.0,TRIBUTADO,0.036,0
synth-cli-0107,firf-0,2026-05-11,6494201.29,MODERADO,MODERADO,6,18.5,3,0.53,0.0,0.2274,0.1461,0.0,0.0,0.53,0,FUNDOS,2,12.61,CONSERVADOR,0.86,TRIBUTADO,1.0,1
synth-cli-0107,prev-0,2026-02-21,6494201.29,MODERADO,MODERADO,6,18.5,3,0.53,0.0,0.2274,0.1461,0.0,0.0,0.53,0,PREVIDENCIA,2,10.09,CONSERVADOR,0.96,INCENTIVADO,0.167,0
synth-cli-0107,fundo-mm-1,2026-02-27,6494201.29,MODERADO,MODERADO,6,18.5,3,0.53,0.0,0.2274,0.1461,0.0,0.0,0.53,0,FUNDOS,4,15.74,ARROJADO,1.01,TRIBUTADO,1.806,0
synth-cli-0108,firf-1,2026-05-07,7463842.42,CONSERVADOR,CONSERVADOR,2,6.2,3,0.3174,0.0,0.1225,0.3682,0.0,0.0,0.3682,0,FUNDOS,2,12.07,CONSERVADOR,0.99,TRIBUTADO,1.0,0
synth-cli-0108,fundo-mm-3,2026-02-24,7463842.42,CONSERVADOR,CONSERVADOR,2,6.2,3,0.3174,0.0,0.1225,0.3682,0.0,0.0,0.3682,0,FUNDOS,4,16.33,ARROJADO,1.5,TRIBUTADO,1.093,0
synth-cli-0108,fundo-mm-4,2026-02-15,7463842.42,CONSERVADOR,CONSERVADOR,2,6.2,3,0.3174,0.0,0.1225,0.3682,0.0,0.0,0.3682,0,FUNDOS,3,12.89,MODERADO,2.27,TRIBUTADO,1.604,1
synth-cli-0108,rv-btlg11,2026-02-01,7463842.42,CONSERVADOR,CONSERVADOR,2,6.2,3,0.3174,0.0,0.1225,0.3682,0.0,0.0,0.3682,0,RENDA_VARIAVEL,3,11.31,MODERADO,0.0,ISENTO,0.067,0
synth-cli-0108,prev-1,2026-03-04,7463842.42,CONSERVADOR,CONSERVADOR,2,6.2,3,0.3174,0.0,0.1225,0.3682,0.0,0.0,0.3682,0,PREVIDENCIA,3,10.58,MODERADO,0.86,INCENTIVADO,0.167,0
synth-cli-0108,rf-isento-0,2026-03-17,7463842.42,CONSERVADOR,CONSERVADOR,2,6.2,3,0.3174,0.0,0.1225,0.3682,0.0,0.0,0.3682,0,RENDA_FIXA,1,11.04,CONSERVADOR,0.0,ISENTO,24.0,0
synth-cli-0108,rv-itsa4,2026-05-09,7463842.42,CONSERVADOR,CONSERVADOR,2,6.2,3,0.3174,0.0,0.1225,0.3682,0.0,0.0,0.3682,0,RENDA_VARIAVEL,4,15.45,ARROJADO,0.0,TRIBUTADO,0.067,0
synth-cli-0108,rf-cdb-3,2026-03-21,7463842.42,CONSERVADOR,CONSERVADOR,2,6.2,3,0.3174,0.0,0.1225,0.3682,0.0,0.0,0.3682,0,RENDA_FIXA,1,13.62,CONSERVADOR,0.0,TRIBUTADO,0.042,1
synth-cli-0108,cambio-1,2026-01-23,7463842.42,CONSERVADOR,CONSERVADOR,2,6.2,3,0.3174,0.0,0.1225,0.3682,0.0,0.0,0.3682,0,CAMBIO,4,10.47,ARROJADO,1.77,TRIBUTADO,1.0,0
synth-cli-0108,fundo-mm-2,2026-03-21,7463842.42,CONSERVADOR,CONSERVADOR,2,6.2,3,0.3174,0.0,0.1225,0.3682,0.0,0.0,0.3682,0,FUNDOS,3,15.29,MODERADO,1.51,TRIBUTADO,1.155,0
synth-cli-0108,rv-ivvb11,2026-05-27,7463842.42,CONSERVADOR,CONSERVADOR,2,6.2,3,0.3174,0.0,0.1225,0.3682,0.0,0.0,0.3682,0,RENDA_VARIAVEL,4,17.47,ARROJADO,0.0,ISENTO,0.067,0
synth-cli-0108,fundo-mm-0,2026-04-20,7463842.42,CONSERVADOR,CONSERVADOR,2,6.2,3,0.3174,0.0,0.1225,0.3682,0.0,0.0,0.3682,0,FUNDOS,3,14.68,MODERADO,1.33,TRIBUTADO,1.589,0
synth-cli-0108,rf-pub-0,2026-05-26,7463842.42,CONSERVADOR,CONSERVADOR,2,6.2,3,0.3174,0.0,0.1225,0.3682,0.0,0.0,0.3682,0,RENDA_FIXA,1,6.5,CONSERVADOR,0.0,TRIBUTADO,0.033,1
synth-cli-0108,rf-cdb-0,2026-03-01,7463842.42,CONSERVADOR,CONSERVADOR,2,6.2,3,0.3174,0.0,0.1225,0.3682,0.0,0.0,0.3682,0,RENDA_FIXA,1,12.74,CONSERVADOR,0.0,TRIBUTADO,0.036,1
synth-cli-0108,rv-bpac11,2026-02-23,7463842.42,CONSERVADOR,CONSERVADOR,2,6.2,3,0.3174,0.0,0.1225,0.3682,0.0,0.0,0.3682,0,RENDA_VARIAVEL,4,19.32,ARROJADO,0.0,ISENTO,0.067,0
synth-cli-0108,cambio-0,2026-02-03,7463842.42,CONSERVADOR,CONSERVADOR,2,6.2,3,0.3174,0.0,0.1225,0.3682,0.0,0.0,0.3682,0,CAMBIO,4,11.55,ARROJADO,1.87,TRIBUTADO,1.0,0
synth-cli-0108,fundo-mm-1,2026-01-02,7463842.42,CONSERVADOR,CONSERVADOR,2,6.2,3,0.3174,0.0,0.1225,0.3682,0.0,0.0,0.3682,0,FUNDOS,4,15.74,ARROJADO,1.01,TRIBUTADO,1.806,0
synth-cli-0108,rf-isento-2,2026-05-09,7463842.42,CONSERVADOR,CONSERVADOR,2,6.2,3,0.3174,0.0,0.1225,0.3682,0.0,0.0,0.3682,0,RENDA_FIXA,1,11.97,CONSERVADOR,0.0,ISENTO,24.0,1
synth-cli-0108,firf-2,2026-02-21,7463842.42,CONSERVADOR,CONSERVADOR,2,6.2,3,0.3174,0.0,0.1225,0.3682,0.0,0.0,0.3682,0,FUNDOS,2,11.76,CONSERVADOR,0.78,TRIBUTADO,1.0,1
synth-cli-0108,firf-0,2026-01-11,7463842.42,CONSERVADOR,CONSERVADOR,2,6.2,3,0.3174,0.0,0.1225,0.3682,0.0,0.0,0.3682,0,FUNDOS,2,12.61,CONSERVADOR,0.86,TRIBUTADO,1.0,0
synth-cli-0108,rf-pub-1,2026-03-23,7463842.42,CONSERVADOR,CONSERVADOR,2,6.2,3,0.3174,0.0,0.1225,0.3682,0.0,0.0,0.3682,0,RENDA_FIXA,3,12.55,MODERADO,0.0,INCENTIVADO,36.0,0
synth-cli-0109,coe-1,2026-05-05,9663884.41,CONSERVADOR,CONSERVADOR,5,3.7,3,0.5034,0.0,0.0948,0.2285,0.0,0.0,0.5034,0,ESTRUTURADOS,5,22.09,ARROJADO,0.0,TRIBUTADO,36.0,0
synth-cli-0109,firf-2,2026-01-06,9663884.41,CONSERVADOR,CONSERVADOR,5,3.7,3,0.5034,0.0,0.0948,0.2285,0.0,0.0,0.5034,0,FUNDOS,2,11.76,CONSERVADOR,0.78,TRIBUTADO,1.0,0
synth-cli-0109,rv-knri11,2026-03-20,9663884.41,CONSERVADOR,CONSERVADOR,5,3.7,3,0.5034,0.0,0.0948,0.2285,0.0,0.0,0.5034,0,RENDA_VARIAVEL,3,11.32,MODERADO,0.0,ISENTO,0.067,0
synth-cli-0109,fundo-mm-0,2026-05-14,9663884.41,CONSERVADOR,CONSERVADOR,5,3.7,3,0.5034,0.0,0.0948,0.2285,0.0,0.0,0.5034,0,FUNDOS,3,14.68,MODERADO,1.33,TRIBUTADO,1.589,0
synth-cli-0109,firf-0,2026-01-10,9663884.41,CONSERVADOR,CONSERVADOR,5,3.7,3,0.5034,0.0,0.0948,0.2285,0.0,0.0,0.5034,0,FUNDOS,2,12.61,CONSERVADOR,0.86,TRIBUTADO,1.0,0
synth-cli-0109,rf-cdb-0,2026-03-04,9663884.41,CONSERVADOR,CONSERVADOR,5,3.7,3,0.5034,0.0,0.0948,0.2285,0.0,0.0,0.5034,0,RENDA_FIXA,1,12.74,CONSERVADOR,0.0,TRIBUTADO,0.036,1
synth-cli-0109,rv-itsa4,2026-05-27,9663884.41,CONSERVADOR,CONSERVADOR,5,3.7,3,0.5034,0.0,0.0948,0.2285,0.0,0.0,0.5034,0,RENDA_VARIAVEL,4,15.45,ARROJADO,0.0,TRIBUTADO,0.067,0
synth-cli-0109,fundo-mm-1,2026-05-15,9663884.41,CONSERVADOR,CONSERVADOR,5,3.7,3,0.5034,0.0,0.0948,0.2285,0.0,0.0,0.5034,0,FUNDOS,4,15.74,ARROJADO,1.01,TRIBUTADO,1.806,0
synth-cli-0109,fundo-mm-2,2026-01-06,9663884.41,CONSERVADOR,CONSERVADOR,5,3.7,3,0.5034,0.0,0.0948,0.2285,0.0,0.0,0.5034,0,FUNDOS,3,15.29,MODERADO,1.51,TRIBUTADO,1.155,0
synth-cli-0109,prev-0,2026-02-11,9663884.41,CONSERVADOR,CONSERVADOR,5,3.7,3,0.5034,0.0,0.0948,0.2285,0.0,0.0,0.5034,0,PREVIDENCIA,2,10.09,CONSERVADOR,0.96,INCENTIVADO,0.167,0
synth-cli-0109,rf-cdb-1,2026-01-25,9663884.41,CONSERVADOR,CONSERVADOR,5,3.7,3,0.5034,0.0,0.0948,0.2285,0.0,0.0,0.5034,1,RENDA_FIXA,1,11.46,CONSERVADOR,0.0,TRIBUTADO,0.056,0
synth-cli-0109,rf-cdb-2,2026-04-03,9663884.41,CONSERVADOR,CONSERVADOR,5,3.7,3,0.5034,0.0,0.0948,0.2285,0.0,0.0,0.5034,0,RENDA_FIXA,1,13.08,CONSERVADOR,0.0,TRIBUTADO,0.101,1
synth-cli-0109,rf-pub-1,2026-02-10,9663884.41,CONSERVADOR,CONSERVADOR,5,3.7,3,0.5034,0.0,0.0948,0.2285,0.0,0.0,0.5034,0,RENDA_FIXA,3,12.55,MODERADO,0.0,INCENTIVADO,36.0,0
synth-cli-0110,rv-knri11,2026-02-09,675804.95,CONSERVADOR,CONSERVADOR,4,8.7,2,0.6299,0.0,0.1755,0.0,0.0,0.0,0.6299,0,RENDA_VARIAVEL,3,11.32,MODERADO,0.0,ISENTO,0.067,0
synth-cli-0110,prev-0,2026-02-10,675804.95,CONSERVADOR,CONSERVADOR,4,8.7,2,0.6299,0.0,0.1755,0.0,0.0,0.0,0.6299,0,PREVIDENCIA,2,10.09,CONSERVADOR,0.96,INCENTIVADO,0.167,0
synth-cli-0110,cambio-1,2026-04-09,675804.95,CONSERVADOR,CONSERVADOR,4,8.7,2,0.6299,0.0,0.1755,0.0,0.0,0.0,0.6299,0,CAMBIO,4,10.47,ARROJADO,1.77,TRIBUTADO,1.0,0
synth-cli-0110,rf-cdb-4,2026-05-15,675804.95,CONSERVADOR,CONSERVADOR,4,8.7,2,0.6299,0.0,0.1755,0.0,0.0,0.0,0.6299,0,RENDA_FIXA,1,11.98,CONSERVADOR,0.0,TRIBUTADO,0.036,1
synth-cli-0110,rf-isento-1,2026-02-02,675804.95,CONSERVADOR,CONSERVADOR,4,8.7,2,0.6299,0.0,0.1755,0.0,0.0,0.0,0.6299,0,RENDA_FIXA,1,11.3,CONSERVADOR,0.0,ISENTO,24.0,0
synth-cli-0110,rf-cdb-1,2026-05-07,675804.95,CONSERVADOR,CONSERVADOR,4,8.7,2,0.6299,0.0,0.1755,0.0,0.0,0.0,0.6299,0,RENDA_FIXA,1,11.46,CONSERVADOR,0.0,TRIBUTADO,0.056,1
synth-cli-0110,fundo-mm-1,2026-04-12,675804.95,CONSERVADOR,CONSERVADOR,4,8.7,2,0.6299,0.0,0.1755,0.0,0.0,0.0,0.6299,0,FUNDOS,4,15.74,ARROJADO,1.01,TRIBUTADO,1.806,1
synth-cli-0110,rv-btlg11,2026-03-07,675804.95,CONSERVADOR,CONSERVADOR,4,8.7,2,0.6299,0.0,0.1755,0.0,0.0,0.0,0.6299,0,RENDA_VARIAVEL,3,11.31,MODERADO,0.0,ISENTO,0.067,0
synth-cli-0110,prev-2,2026-05-18,675804.95,CONSERVADOR,CONSERVADOR,4,8.7,2,0.6299,0.0,0.1755,0.0,0.0,0.0,0.6299,0,PREVIDENCIA,2,10.47,MODERADO,0.87,INCENTIVADO,0.167,0
synth-cli-0110,rf-pub-0,2026-03-03,675804.95,CONSERVADOR,CONSERVADOR,4,8.7,2,0.6299,0.0,0.1755,0.0,0.0,0.0,0.6299,0,RENDA_FIXA,1,6.5,CONSERVADOR,0.0,TRIBUTADO,0.033,0
synth-cli-0110,rf-isento-0,2026-02-09,675804.95,CONSERVADOR,CONSERVADOR,4,8.7,2,0.6299,0.0,0.1755,0.0,0.0,0.0,0.6299,1,RENDA_FIXA,1,11.04,CONSERVADOR,0.0,ISENTO,24.0,0
synth-cli-0110,coe-0,2026-03-02,675804.95,CONSERVADOR,CONSERVADOR,4,8.7,2,0.6299,0.0,0.1755,0.0,0.0,0.0,0.6299,0,ESTRUTURADOS,5,19.22,ARROJADO,0.0,TRIBUTADO,36.0,0
synth-cli-0110,firf-2,2026-04-05,675804.95,CONSERVADOR,CONSERVADOR,4,8.7,2,0.6299,0.0,0.1755,0.0,0.0,0.0,0.6299,0,FUNDOS,2,11.76,CONSERVADOR,0.78,TRIBUTADO,1.0,0
synth-cli-0110,rf-isento-2,2026-03-12,675804.95,CONSERVADOR,CONSERVADOR,4,8.7,2,0.6299,0.0,0.1755,0.0,0.0,0.0,0.6299,0,RENDA_FIXA,1,11.97,CONSERVADOR,0.0,ISENTO,24.0,1
synth-cli-0111,rv-itsa4,2026-05-15,1747550.16,AGRESSIVO,AGRESSIVO,17,58.7,3,0.3794,0.0,0.0,0.191,0.0,0.3633,0.3794,0,RENDA_VARIAVEL,4,15.45,ARROJADO,0.0,TRIBUTADO,0.067,1
synth-cli-0111,firf-2,2026-04-24,1747550.16,AGRESSIVO,AGRESSIVO,17,58.7,3,0.3794,0.0,0.0,0.191,0.0,0.3633,0.3794,0,FUNDOS,2,11.76,CONSERVADOR,0.78,TRIBUTADO,1.0,0
synth-cli-0111,coe-1,2026-03-20,1747550.16,AGRESSIVO,AGRESSIVO,17,58.7,3,0.3794,0.0,0.0,0.191,0.0,0.3633,0.3794,0,ESTRUTURADOS,5,22.09,ARROJADO,0.0,TRIBUTADO,36.0,1
synth-cli-0111,rf-cdb-1,2026-04-10,1747550.16,AGRESSIVO,AGRESSIVO,17,58.7,3,0.3794,0.0,0.0,0.191,0.0,0.3633,0.3794,0,RENDA_FIXA,1,11.46,CONSERVADOR,0.0,TRIBUTADO,0.056,1
synth-cli-0111,rf-isento-2,2026-02-25,1747550.16,AGRESSIVO,AGRESSIVO,17,58.7,3,0.3794,0.0,0.0,0.191,0.0,0.3633,0.3794,1,RENDA_FIXA,1,11.97,CONSERVADOR,0.0,ISENTO,24.0,0
synth-cli-0111,rv-btlg11,2026-04-25,1747550.16,AGRESSIVO,AGRESSIVO,17,58.7,3,0.3794,0.0,0.0,0.191,0.0,0.3633,0.3794,0,RENDA_VARIAVEL,3,11.31,MODERADO,0.0,ISENTO,0.067,1
synth-cli-0111,rf-cdb-3,2026-05-13,1747550.16,AGRESSIVO,AGRESSIVO,17,58.7,3,0.3794,0.0,0.0,0.191,0.0,0.3633,0.3794,1,RENDA_FIXA,1,13.62,CONSERVADOR,0.0,TRIBUTADO,0.042,0
synth-cli-0111,rv-ivvb11,2026-02-17,1747550.16,AGRESSIVO,AGRESSIVO,17,58.7,3,0.3794,0.0,0.0,0.191,0.0,0.3633,0.3794,0,RENDA_VARIAVEL,4,17.47,ARROJADO,0.0,ISENTO,0.067,1
synth-cli-0111,fundo-mm-0,2026-03-20,1747550.16,AGRESSIVO,AGRESSIVO,17,58.7,3,0.3794,0.0,0.0,0.191,0.0,0.3633,0.3794,0,FUNDOS,3,14.68,MODERADO,1.33,TRIBUTADO,1.589,0
synth-cli-0111,rf-cdb-0,2026-05-25,1747550.16,AGRESSIVO,AGRESSIVO,17,58.7,3,0.3794,0.0,0.0,0.191,0.0,0.3633,0.3794,0,RENDA_FIXA,1,12.74,CONSERVADOR,0.0,TRIBUTADO,0.036,1
synth-cli-0111,rf-pub-0,2026-03-26,1747550.16,AGRESSIVO,AGRESSIVO,17,58.7,3,0.3794,0.0,0.0,0.191,0.0,0.3633,0.3794,0,RENDA_FIXA,1,6.5,CONSERVADOR,0.0,TRIBUTADO,0.033,1
synth-cli-0111,fundo-mm-2,2026-02-26,1747550.16,AGRESSIVO,AGRESSIVO,17,58.7,3,0.3794,0.0,0.0,0.191,0.0,0.3633,0.3794,0,FUNDOS,3,15.29,MODERADO,1.51,TRIBUTADO,1.155,1
synth-cli-0111,fundo-mm-4,2026-04-06,1747550.16,AGRESSIVO,AGRESSIVO,17,58.7,3,0.3794,0.0,0.0,0.191,0.0,0.3633,0.3794,0,FUNDOS,3,12.89,MODERADO,2.27,TRIBUTADO,1.604,1
synth-cli-0111,prev-2,2026-02-10,1747550.16,AGRESSIVO,AGRESSIVO,17,58.7,3,0.3794,0.0,0.0,0.191,0.0,0.3633,0.3794,0,PREVIDENCIA,2,10.47,MODERADO,0.87,INCENTIVADO,0.167,1
synth-cli-0111,firf-1,2026-02-08,1747550.16,AGRESSIVO,AGRESSIVO,17,58.7,3,0.3794,0.0,0.0,0.191,0.0,0.3633,0.3794,0,FUNDOS,2,12.07,CONSERVADOR,0.99,TRIBUTADO,1.0,1
synth-cli-0111,prev-0,2026-02-22,1747550.16,AGRESSIVO,AGRESSIVO,17,58.7,3,0.3794,0.0,0.0,0.191,0.0,0.3633,0.3794,0,PREVIDENCIA,2,10.09,CONSERVADOR,0.96,INCENTIVADO,0.167,0
synth-cli-0111,rf-cdb-2,2026-03-01,1747550.16,AGRESSIVO,AGRESSIVO,17,58.7,3,0.3794,0.0,0.0,0.191,0.0,0.3633,0.3794,0,RENDA_FIXA,1,13.08,CONSERVADOR,0.0,TRIBUTADO,0.101,0
synth-cli-0111,rv-knri11,2026-04-23,1747550.16,AGRESSIVO,AGRESSIVO,17,58.7,3,0.3794,0.0,0.0,0.191,0.0,0.3633,0.3794,0,RENDA_VARIAVEL,3,11.32,MODERADO,0.0,ISENTO,0.067,1
synth-cli-0111,rf-cdb-4,2026-04-22,1747550.16,AGRESSIVO,AGRESSIVO,17,58.7,3,0.3794,0.0,0.0,0.191,0.0,0.3633,0.3794,0,RENDA_FIXA,1,11.98,CONSERVADOR,0.0,TRIBUTADO,0.036,1
synth-cli-0111,fundo-mm-3,2026-01-13,1747550.16,AGRESSIVO,AGRESSIVO,17,58.7,3,0.3794,0.0,0.0,0.191,0.0,0.3633,0.3794,0,FUNDOS,4,16.33,ARROJADO,1.5,TRIBUTADO,1.093,1
synth-cli-0112,rf-isento-2,2026-04-22,823935.25,CONSERVADOR,CONSERVADOR,2,5.7,3,0.3433,0.0,0.0967,0.3696,0.0,0.0,0.3696,0,RENDA_FIXA,1,11.97,CONSERVADOR,0.0,ISENTO,24.0,1
synth-cli-0112,prev-0,2026-05-01,823935.25,CONSERVADOR,CONSERVADOR,2,5.7,3,0.3433,0.0,0.0967,0.3696,0.0,0.0,0.3696,1,PREVIDENCIA,2,10.09,CONSERVADOR,0.96,INCENTIVADO,0.167,0
synth-cli-0112,rf-cdb-4,2026-03-12,823935.25,CONSERVADOR,CONSERVADOR,2,5.7,3,0.3433,0.0,0.0967,0.3696,0.0,0.0,0.3696,0,RENDA_FIXA,1,11.98,CONSERVADOR,0.0,TRIBUTADO,0.036,0
synth-cli-0112,fundo-mm-1,2026-01-20,823935.25,CONSERVADOR,CONSERVADOR,2,5.7,3,0.3433,0.0,0.0967,0.3696,0.0,0.0,0.3696,0,FUNDOS,4,15.74,ARROJADO,1.01,TRIBUTADO,1.806,0
synth-cli-0112,cambio-0,2026-04-03,823935.25,CONSERVADOR,CONSERVADOR,2,5.7,3,0.3433,0.0,0.0967,0.3696,0.0,0.0,0.3696,0,CAMBIO,4,11.55,ARROJADO,1.87,TRIBUTADO,1.0,0
synth-cli-0112,cambio-1,2026-02-16,823935.25,CONSERVADOR,CONSERVADOR,2,5.7,3,0.3433,0.0,0.0967,0.3696,0.0,0.0,0.3696,0,CAMBIO,4,10.47,ARROJADO,1.77,TRIBUTADO,1.0,0
synth-cli-0112,rf-isento-1,2026-02-10,823935.25,CONSERVADOR,CONSERVADOR,2,5.7,3,0.3433,0.0,0.0967,0.3696,0.0,0.0,0.3696,0,RENDA_FIXA,1,11.3,CONSERVADOR,0.0,ISENTO,24.0,1
synth-cli-0112,rv-itsa4,2026-03-13,823935.25,CONSERVADOR,CONSERVADOR,2,5.7,3,0.3433,0.0,0.0967,0.3696,0.0,0.0,0.3696,0,RENDA_VARIAVEL,4,15.45,ARROJADO,0.0,TRIBUTADO,0.067,0
synth-cli-0112,fundo-mm-2,2026-04-05,823935.25,CONSERVADOR,CONSERVADOR,2,5.7,3,0.3433,0.0,0.0967,0.3696,0.0,0.0,0.3696,0,FUNDOS,3,15.29,MODERADO,1.51,TRIBUTADO,1.155,0
synth-cli-0112,rv-bpac11,2026-04-22,823935.25,CONSERVADOR,CONSERVADOR,2,5.7,3,0.3433,0.0,0.0967,0.3696,0.0,0.0,0.3696,0,RENDA_VARIAVEL,4,19.32,ARROJADO,0.0,ISENTO,0.067,0
synth-cli-0112,coe-0,2026-01-09,823935.25,CONSERVADOR,CONSERVADOR,2,5.7,3,0.3433,0.0,0.0967,0.3696,0.0,0.0,0.3696,0,ESTRUTURADOS,5,19.22,ARROJADO,0.0,TRIBUTADO,36.0,0
synth-cli-0112,firf-1,2026-04-06,823935.25,CONSERVADOR,CONSERVADOR,2,5.7,3,0.3433,0.0,0.0967,0.3696,0.0,0.0,0.3696,0,FUNDOS,2,12.07,CONSERVADOR,0.99,TRIBUTADO,1.0,1
synth-cli-0113,fundo-mm-1,2026-02-19,7120984.74,CONSERVADOR,MODERADO,4,5.9,3,0.5423,0.0,0.0938,0.1105,0.0,0.0,0.5423,0,FUNDOS,4,15.74,ARROJADO,1.01,TRIBUTADO,1.806,0
synth-cli-0113,rv-itsa4,2026-04-01,7120984.74,CONSERVADOR,MODERADO,4,5.9,3,0.5423,0.0,0.0938,0.1105,0.0,0.0,0.5423,0,RENDA_VARIAVEL,4,15.45,ARROJADO,0.0,TRIBUTADO,0.067,0
synth-cli-0113,firf-0,2026-04-14,7120984.74,CONSERVADOR,MODERADO,4,5.9,3,0.5423,0.0,0.0938,0.1105,0.0,0.0,0.5423,0,FUNDOS,2,12.61,CONSERVADOR,0.86,TRIBUTADO,1.0,0
synth-cli-0113,prev-2,2026-03-14,7120984.74,CONSERVADOR,MODERADO,4,5.9,3,0.5423,0.0,0.0938,0.1105,0.0,0.0,0.5423,0,PREVIDENCIA,2,10.47,MODERADO,0.87,INCENTIVADO,0.167,0
synth-cli-0113,rf-cdb-3,2026-04-17,7120984.74,CONSERVADOR,MODERADO,4,5.9,3,0.5423,0.0,0.0938,0.1105,0.0,0.0,0.5423,0,RENDA_FIXA,1,13.62,CONSERVADOR,0.0,TRIBUTADO,0.042,0
synth-cli-0113,fundo-mm-3,2026-04-23,7120984.74,CONSERVADOR,MODERADO,4,5.9,3,0.5423,0.0,0.0938,0.1105,0.0,0.0,0.5423,0,FUNDOS,4,16.33,ARROJADO,1.5,TRIBUTADO,1.093,0
synth-cli-0113,rf-cdb-2,2026-05-12,7120984.74,CONSERVADOR,MODERADO,4,5.9,3,0.5423,0.0,0.0938,0.1105,0.0,0.0,0.5423,1,RENDA_FIXA,1,13.08,CONSERVADOR,0.0,TRIBUTADO,0.101,0
synth-cli-0113,fundo-mm-0,2026-02-14,7120984.74,CONSERVADOR,MODERADO,4,5.9,3,0.5423,0.0,0.0938,0.1105,0.0,0.0,0.5423,0,FUNDOS,3,14.68,MODERADO,1.33,TRIBUTADO,1.589,0
synth-cli-0113,cambio-0,2026-04-28,7120984.74,CONSERVADOR,MODERADO,4,5.9,3,0.5423,0.0,0.0938,0.1105,0.0,0.0,0.5423,0,CAMBIO,4,11.55,ARROJADO,1.87,TRIBUTADO,1.0,0
synth-cli-0113,coe-0,2026-02-01,7120984.74,CONSERVADOR,MODERADO,4,5.9,3,0.5423,0.0,0.0938,0.1105,0.0,0.0,0.5423,0,ESTRUTURADOS,5,19.22,ARROJADO,0.0,TRIBUTADO,36.0,0
synth-cli-0113,rv-ivvb11,2026-05-09,7120984.74,CONSERVADOR,MODERADO,4,5.9,3,0.5423,0.0,0.0938,0.1105,0.0,0.0,0.5423,0,RENDA_VARIAVEL,4,17.47,ARROJADO,0.0,ISENTO,0.067,0
synth-cli-0113,cambio-1,2026-05-24,7120984.74,CONSERVADOR,MODERADO,4,5.9,3,0.5423,0.0,0.0938,0.1105,0.0,0.0,0.5423,0,CAMBIO,4,10.47,ARROJADO,1.77,TRIBUTADO,1.0,0
synth-cli-0113,rf-cdb-0,2026-04-02,7120984.74,CONSERVADOR,MODERADO,4,5.9,3,0.5423,0.0,0.0938,0.1105,0.0,0.0,0.5423,0,RENDA_FIXA,1,12.74,CONSERVADOR,0.0,TRIBUTADO,0.036,0
synth-cli-0114,rf-isento-1,2026-05-04,2765122.91,MODERADO,MODERADO,9,19.2,1,0.0,0.0,0.0,0.9124,0.0,0.0,0.9124,0,RENDA_FIXA,1,11.3,CONSERVADOR,0.0,ISENTO,24.0,1
synth-cli-0114,rf-cdb-1,2026-01-18,2765122.91,MODERADO,MODERADO,9,19.2,1,0.0,0.0,0.0,0.9124,0.0,0.0,0.9124,0,RENDA_FIXA,1,11.46,CONSERVADOR,0.0,TRIBUTADO,0.056,1
synth-cli-0114,rf-cdb-3,2026-01-05,2765122.91,MODERADO,MODERADO,9,19.2,1,0.0,0.0,0.0,0.9124,0.0,0.0,0.9124,0,RENDA_FIXA,1,13.62,CONSERVADOR,0.0,TRIBUTADO,0.042,1
synth-cli-0114,coe-0,2026-04-14,2765122.91,MODERADO,MODERADO,9,19.2,1,0.0,0.0,0.0,0.9124,0.0,0.0,0.9124,0,ESTRUTURADOS,5,19.22,ARROJADO,0.0,TRIBUTADO,36.0,0
synth-cli-0114,fundo-mm-4,2026-03-15,2765122.91,MODERADO,MODERADO,9,19.2,1,0.0,0.0,0.0,0.9124,0.0,0.0,0.9124,0,FUNDOS,3,12.89,MODERADO,2.27,TRIBUTADO,1.604,0
synth-cli-0114,fundo-mm-3,2026-02-27,2765122.91,MODERADO,MODERADO,9,19.2,1,0.0,0.0,0.0,0.9124,0.0,0.0,0.9124,0,FUNDOS,4,16.33,ARROJADO,1.5,TRIBUTADO,1.093,0
synth-cli-0114,fundo-mm-0,2026-05-15,2765122.91,MODERADO,MODERADO,9,19.2,1,0.0,0.0,0.0,0.9124,0.0,0.0,0.9124,0,FUNDOS,3,14.68,MODERADO,1.33,TRIBUTADO,1.589,1
synth-cli-0114,cambio-0,2026-03-12,2765122.91,MODERADO,MODERADO,9,19.2,1,0.0,0.0,0.0,0.9124,0.0,0.0,0.9124,0,CAMBIO,4,11.55,ARROJADO,1.87,TRIBUTADO,1.0,0
synth-cli-0114,rv-bpac11,2026-05-24,2765122.91,MODERADO,MODERADO,9,19.2,1,0.0,0.0,0.0,0.9124,0.0,0.0,0.9124,0,RENDA_VARIAVEL,4,19.32,ARROJADO,0.0,ISENTO,0.067,0
synth-cli-0114,rv-itsa4,2026-01-13,2765122.91,MODERADO,MODERADO,9,19.2,1,0.0,0.0,0.0,0.9124,0.0,0.0,0.9124,0,RENDA_VARIAVEL,4,15.45,ARROJADO,0.0,TRIBUTADO,0.067,0
synth-cli-0114,prev-0,2026-01-11,2765122.91,MODERADO,MODERADO,9,19.2,1,0.0,0.0,0.0,0.9124,0.0,0.0,0.9124,0,PREVIDENCIA,2,10.09,CONSERVADOR,0.96,INCENTIVADO,0.167,0
synth-cli-0114,rf-isento-0,2026-01-06,2765122.91,MODERADO,MODERADO,9,19.2,1,0.0,0.0,0.0,0.9124,0.0,0.0,0.9124,0,RENDA_FIXA,1,11.04,CONSERVADOR,0.0,ISENTO,24.0,1
synth-cli-0114,fundo-mm-2,2026-03-24,2765122.91,MODERADO,MODERADO,9,19.2,1,0.0,0.0,0.0,0.9124,0.0,0.0,0.9124,0,FUNDOS,3,15.29,MODERADO,1.51,TRIBUTADO,1.155,0
synth-cli-0114,rf-isento-2,2026-04-04,2765122.91,MODERADO,MODERADO,9,19.2,1,0.0,0.0,0.0,0.9124,0.0,0.0,0.9124,0,RENDA_FIXA,1,11.97,CONSERVADOR,0.0,ISENTO,24.0,0
synth-cli-0114,cambio-1,2026-05-09,2765122.91,MODERADO,MODERADO,9,19.2,1,0.0,0.0,0.0,0.9124,0.0,0.0,0.9124,0,CAMBIO,4,10.47,ARROJADO,1.77,TRIBUTADO,1.0,0
synth-cli-0114,rf-cdb-0,2026-05-17,2765122.91,MODERADO,MODERADO,9,19.2,1,0.0,0.0,0.0,0.9124,0.0,0.0,0.9124,0,RENDA_FIXA,1,12.74,CONSERVADOR,0.0,TRIBUTADO,0.036,0
synth-cli-0114,rv-btlg11,2026-01-12,2765122.91,MODERADO,MODERADO,9,19.2,1,0.0,0.0,0.0,0.9124,0.0,0.0,0.9124,0,RENDA_VARIAVEL,3,11.31,MODERADO,0.0,ISENTO,0.067,0
synth-cli-0114,rf-cdb-4,2026-02-25,2765122.91,MODERADO,MODERADO,9,19.2,1,0.0,0.0,0.0,0.9124,0.0,0.0,0.9124,0,RENDA_FIXA,1,11.98,CONSERVADOR,0.0,TRIBUTADO,0.036,1
synth-cli-0114,rf-cdb-2,2026-02-09,2765122.91,MODERADO,MODERADO,9,19.2,1,0.0,0.0,0.0,0.9124,0.0,0.0,0.9124,0,RENDA_FIXA,1,13.08,CONSERVADOR,0.0,TRIBUTADO,0.101,1
synth-cli-0114,firf-2,2026-01-20,2765122.91,MODERADO,MODERADO,9,19.2,1,0.0,0.0,0.0,0.9124,0.0,0.0,0.9124,0,FUNDOS,2,11.76,CONSERVADOR,0.78,TRIBUTADO,1.0,1
synth-cli-0114,rf-pub-0,2026-01-14,2765122.91,MODERADO,MODERADO,9,19.2,1,0.0,0.0,0.0,0.9124,0.0,0.0,0.9124,0,RENDA_FIXA,1,6.5,CONSERVADOR,0.0,TRIBUTADO,0.033,1
synth-cli-0114,rf-pub-1,2026-04-22,2765122.91,MODERADO,MODERADO,9,19.2,1,0.0,0.0,0.0,0.9124,0.0,0.0,0.9124,0,RENDA_FIXA,3,12.55,MODERADO,0.0,INCENTIVADO,36.0,1
synth-cli-0115,rf-isento-0,2026-05-27,1150000.91,CONSERVADOR,CONSERVADOR,4,8.2,3,0.6197,0.0,0.0534,0.2151,0.0,0.0,0.6197,0,RENDA_FIXA,1,11.04,CONSERVADOR,0.0,ISENTO,24.0,0
synth-cli-0115,cambio-1,2026-04-21,1150000.91,CONSERVADOR,CONSERVADOR,4,8.2,3,0.6197,0.0,0.0534,0.2151,0.0,0.0,0.6197,0,CAMBIO,4,10.47,ARROJADO,1.77,TRIBUTADO,1.0,0
synth-cli-0115,fundo-mm-3,2026-05-13,1150000.91,CONSERVADOR,CONSERVADOR,4,8.2,3,0.6197,0.0,0.0534,0.2151,0.0,0.0,0.6197,0,FUNDOS,4,16.33,ARROJADO,1.5,TRIBUTADO,1.093,0
synth-cli-0115,rv-bpac11,2026-05-01,1150000.91,CONSERVADOR,CONSERVADOR,4,8.2,3,0.6197,0.0,0.0534,0.2151,0.0,0.0,0.6197,0,RENDA_VARIAVEL,4,19.32,ARROJADO,0.0,ISENTO,0.067,0
synth-cli-0115,prev-1,2026-03-12,1150000.91,CONSERVADOR,CONSERVADOR,4,8.2,3,0.6197,0.0,0.0534,0.2151,0.0,0.0,0.6197,0,PREVIDENCIA,3,10.58,MODERADO,0.86,INCENTIVADO,0.167,0
synth-cli-0115,rv-ivvb11,2026-02-15,1150000.91,CONSERVADOR,CONSERVADOR,4,8.2,3,0.6197,0.0,0.0534,0.2151,0.0,0.0,0.6197,0,RENDA_VARIAVEL,4,17.47,ARROJADO,0.0,ISENTO,0.067,0
synth-cli-0115,rf-isento-2,2026-04-07,1150000.91,CONSERVADOR,CONSERVADOR,4,8.2,3,0.6197,0.0,0.0534,0.2151,0.0,0.0,0.6197,1,RENDA_FIXA,1,11.97,CONSERVADOR,0.0,ISENTO,24.0,0
synth-cli-0115,rf-cdb-3,2026-02-22,1150000.91,CONSERVADOR,CONSERVADOR,4,8.2,3,0.6197,0.0,0.0534,0.2151,0.0,0.0,0.6197,1,RENDA_FIXA,1,13.62,CONSERVADOR,0.0,TRIBUTADO,0.042,0
synth-cli-0115,rf-pub-2,2026-04-02,1150000.91,CONSERVADOR,CONSERVADOR,4,8.2,3,0.6197,0.0,0.0534,0.2151,0.0,0.0,0.6197,0,RENDA_FIXA,3,13.26,MODERADO,0.0,INCENTIVADO,36.0,0
synth-cli-0115,rv-btlg11,2026-05-03,1150000.91,CONSERVADOR,CONSERVADOR,4,8.2,3,0.6197,0.0,0.0534,0.2151,0.0,0.0,0.6197,0,RENDA_VARIAVEL,3,11.31,MODERADO,0.0,ISENTO,0.067,0
synth-cli-0115,rf-cdb-0,2026-05-12,1150000.91,CONSERVADOR,CONSERVADOR,4,8.2,3,0.6197,0.0,0.0534,0.2151,0.0,0.0,0.6197,0,RENDA_FIXA,1,12.74,CONSERVADOR,0.0,TRIBUTADO,0.036,1
synth-cli-0115,prev-0,2026-03-10,1150000.91,CONSERVADOR,CONSERVADOR,4,8.2,3,0.6197,0.0,0.0534,0.2151,0.0,0.0,0.6197,0,PREVIDENCIA,2,10.09,CONSERVADOR,0.96,INCENTIVADO,0.167,1
synth-cli-0116,fundo-mm-3,2026-02-13,2377283.27,MODERADO,MODERADO,10,11.2,4,0.401,0.137,0.2656,0.0984,0.0,0.0,0.401,0,FUNDOS,4,16.33,ARROJADO,1.5,TRIBUTADO,1.093,0
synth-cli-0116,rv-itsa4,2026-01-04,2377283.27,MODERADO,MODERADO,10,11.2,4,0.401,0.137,0.2656,0.0984,0.0,0.0,0.401,0,RENDA_VARIAVEL,4,15.45,ARROJADO,0.0,TRIBUTADO,0.067,0
synth-cli-0116,cambio-1,2026-02-04,2377283.27,MODERADO,MODERADO,10,11.2,4,0.401,0.137,0.2656,0.0984,0.0,0.0,0.401,0,CAMBIO,4,10.47,ARROJADO,1.77,TRIBUTADO,1.0,0
synth-cli-0116,rf-cdb-0,2026-02-28,2377283.27,MODERADO,MODERADO,10,11.2,4,0.401,0.137,0.2656,0.0984,0.0,0.0,0.401,0,RENDA_FIXA,1,12.74,CONSERVADOR,0.0,TRIBUTADO,0.036,0
synth-cli-0116,rf-cdb-4,2026-04-18,2377283.27,MODERADO,MODERADO,10,11.2,4,0.401,0.137,0.2656,0.0984,0.0,0.0,0.401,0,RENDA_FIXA,1,11.98,CONSERVADOR,0.0,TRIBUTADO,0.036,0
synth-cli-0116,rv-bpac11,2026-02-14,2377283.27,MODERADO,MODERADO,10,11.2,4,0.401,0.137,0.2656,0.0984,0.0,0.0,0.401,0,RENDA_VARIAVEL,4,19.32,ARROJADO,0.0,ISENTO,0.067,0
synth-cli-0116,firf-2,2026-03-11,2377283.27,MODERADO,MODERADO,10,11.2,4,0.401,0.137,0.2656,0.0984,0.0,0.0,0.401,0,FUNDOS,2,11.76,CONSERVADOR,0.78,TRIBUTADO,1.0,0
synth-cli-0116,rf-pub-0,2026-03-17,2377283.27,MODERADO,MODERADO,10,11.2,4,0.401,0.137,0.2656,0.0984,0.0,0.0,0.401,0,RENDA_FIXA,1,6.5,CONSERVADOR,0.0,TRIBUTADO,0.033,0
synth-cli-0116,prev-1,2026-04-08,2377283.27,MODERADO,MODERADO,10,11.2,4,0.401,0.137,0.2656,0.0984,0.0,0.0,0.401,0,PREVIDENCIA,3,10.58,MODERADO,0.86,INCENTIVADO,0.167,0
synth-cli-0116,fundo-mm-0,2026-04-25,2377283.27,MODERADO,MODERADO,10,11.2,4,0.401,0.137,0.2656,0.0984,0.0,0.0,0.401,0,FUNDOS,3,14.68,MODERADO,1.33,TRIBUTADO,1.589,0
synth-cli-0116,prev-0,2026-04-06,2377283.27,MODERADO,MODERADO,10,11.2,4,0.401,0.137,0.2656,0.0984,0.0,0.0,0.401,0,PREVIDENCIA,2,10.09,CONSERVADOR,0.96,INCENTIVADO,0.167,0
synth-cli-0116,fundo-mm-2,2026-02-13,2377283.27,MODERADO,MODERADO,10,11.2,4,0.401,0.137,0.2656,0.0984,0.0,0.0,0.401,0,FUNDOS,3,15.29,MODERADO,1.51,TRIBUTADO,1.155,0
synth-cli-0116,rv-btlg11,2026-05-27,2377283.27,MODERADO,MODERADO,10,11.2,4,0.401,0.137,0.2656,0.0984,0.0,0.0,0.401,0,RENDA_VARIAVEL,3,11.31,MODERADO,0.0,ISENTO,0.067,0
synth-cli-0116,coe-0,2026-04-21,2377283.27,MODERADO,MODERADO,10,11.2,4,0.401,0.137,0.2656,0.0984,0.0,0.0,0.401,0,ESTRUTURADOS,5,19.22,ARROJADO,0.0,TRIBUTADO,36.0,0
synth-cli-0116,rf-isento-1,2026-04-14,2377283.27,MODERADO,MODERADO,10,11.2,4,0.401,0.137,0.2656,0.0984,0.0,0.0,0.401,0,RENDA_FIXA,1,11.3,CONSERVADOR,0.0,ISENTO,24.0,1
synth-cli-0116,fundo-mm-4,2026-01-20,2377283.27,MODERADO,MODERADO,10,11.2,4,0.401,0.137,0.2656,0.0984,0.0,0.0,0.401,0,FUNDOS,3,12.89,MODERADO,2.27,TRIBUTADO,1.604,0
synth-cli-0116,rf-cdb-3,2026-05-20,2377283.27,MODERADO,MODERADO,10,11.2,4,0.401,0.137,0.2656,0.0984,0.0,0.0,0.401,1,RENDA_FIXA,1,13.62,CONSERVADOR,0.0,TRIBUTADO,0.042,0
synth-cli-0116,rf-pub-1,2026-01-20,2377283.27,MODERADO,MODERADO,10,11.2,4,0.401,0.137,0.2656,0.0984,0.0,0.0,0.401,0,RENDA_FIXA,3,12.55,MODERADO,0.0,INCENTIVADO,36.0,0
synth-cli-0117,cambio-1,2026-02-11,335946.52,CONSERVADOR,CONSERVADOR,6,7.7,1,0.0,0.0,0.0,0.8395,0.0,0.0,0.8395,0,CAMBIO,4,10.47,ARROJADO,1.77,TRIBUTADO,1.0,0
synth-cli-0117,rf-cdb-0,2026-01-01,335946.52,CONSERVADOR,CONSERVADOR,6,7.7,1,0.0,0.0,0.0,0.8395,0.0,0.0,0.8395,0,RENDA_FIXA,1,12.74,CONSERVADOR,0.0,TRIBUTADO,0.036,1
synth-cli-0117,rf-isento-2,2026-05-15,335946.52,CONSERVADOR,CONSERVADOR,6,7.7,1,0.0,0.0,0.0,0.8395,0.0,0.0,0.8395,0,RENDA_FIXA,1,11.97,CONSERVADOR,0.0,ISENTO,24.0,1
synth-cli-0117,rv-bpac11,2026-02-15,335946.52,CONSERVADOR,CONSERVADOR,6,7.7,1,0.0,0.0,0.0,0.8395,0.0,0.0,0.8395,0,RENDA_VARIAVEL,4,19.32,ARROJADO,0.0,ISENTO,0.067,1
synth-cli-0117,rf-pub-2,2026-01-26,335946.52,CONSERVADOR,CONSERVADOR,6,7.7,1,0.0,0.0,0.0,0.8395,0.0,0.0,0.8395,0,RENDA_FIXA,3,13.26,MODERADO,0.0,INCENTIVADO,36.0,0
synth-cli-0117,rf-pub-0,2026-03-28,335946.52,CONSERVADOR,CONSERVADOR,6,7.7,1,0.0,0.0,0.0,0.8395,0.0,0.0,0.8395,0,RENDA_FIXA,1,6.5,CONSERVADOR,0.0,TRIBUTADO,0.033,1
synth-cli-0117,firf-2,2026-01-01,335946.52,CONSERVADOR,CONSERVADOR,6,7.7,1,0.0,0.0,0.0,0.8395,0.0,0.0,0.8395,0,FUNDOS,2,11.76,CONSERVADOR,0.78,TRIBUTADO,1.0,1
synth-cli-0117,rv-ivvb11,2026-04-28,335946.52,CONSERVADOR,CONSERVADOR,6,7.7,1,0.0,0.0,0.0,0.8395,0.0,0.0,0.8395,0,RENDA_VARIAVEL,4,17.47,ARROJADO,0.0,ISENTO,0.067,0
synth-cli-0117,fundo-mm-4,2026-04-28,335946.52,CONSERVADOR,CONSERVADOR,6,7.7,1,0.0,0.0,0.0,0.8395,0.0,0.0,0.8395,0,FUNDOS,3,12.89,MODERADO,2.27,TRIBUTADO,1.604,0
synth-cli-0117,rv-itsa4,2026-04-09,335946.52,CONSERVADOR,CONSERVADOR,6,7.7,1,0.0,0.0,0.0,0.8395,0.0,0.0,0.8395,0,RENDA_VARIAVEL,4,15.45,ARROJADO,0.0,TRIBUTADO,0.067,0
synth-cli-0117,rf-cdb-2,2026-05-04,335946.52,CONSERVADOR,CONSERVADOR,6,7.7,1,0.0,0.0,0.0,0.8395,0.0,0.0,0.8395,0,RENDA_FIXA,1,13.08,CONSERVADOR,0.0,TRIBUTADO,0.101,0
synth-cli-0117,fundo-mm-0,2026-05-21,335946.52,CONSERVADOR,CONSERVADOR,6,7.7,1,0.0,0.0,0.0,0.8395,0.0,0.0,0.8395,0,FUNDOS,3,14.68,MODERADO,1.33,TRIBUTADO,1.589,0
synth-cli-0117,cambio-0,2026-01-15,335946.52,CONSERVADOR,CONSERVADOR,6,7.7,1,0.0,0.0,0.0,0.8395,0.0,0.0,0.8395,0,CAMBIO,4,11.55,ARROJADO,1.87,TRIBUTADO,1.0,1
synth-cli-0117,fundo-mm-1,2026-01-10,335946.52,CONSERVADOR,CONSERVADOR,6,7.7,1,0.0,0.0,0.0,0.8395,0.0,0.0,0.8395,0,FUNDOS,4,15.74,ARROJADO,1.01,TRIBUTADO,1.806,0
synth-cli-0117,firf-0,2026-01-12,335946.52,CONSERVADOR,CONSERVADOR,6,7.7,1,0.0,0.0,0.0,0.8395,0.0,0.0,0.8395,0,FUNDOS,2,12.61,CONSERVADOR,0.86,TRIBUTADO,1.0,1
synth-cli-0117,rf-pub-1,2026-05-21,335946.52,CONSERVADOR,CONSERVADOR,6,7.7,1,0.0,0.0,0.0,0.8395,0.0,0.0,0.8395,0,RENDA_FIXA,3,12.55,MODERADO,0.0,INCENTIVADO,36.0,0
synth-cli-0117,fundo-mm-2,2026-04-26,335946.52,CONSERVADOR,CONSERVADOR,6,7.7,1,0.0,0.0,0.0,0.8395,0.0,0.0,0.8395,0,FUNDOS,3,15.29,MODERADO,1.51,TRIBUTADO,1.155,0
synth-cli-0117,rv-knri11,2026-02-28,335946.52,CONSERVADOR,CONSERVADOR,6,7.7,1,0.0,0.0,0.0,0.8395,0.0,0.0,0.8395,0,RENDA_VARIAVEL,3,11.32,MODERADO,0.0,ISENTO,0.067,0
synth-cli-0117,prev-2,2026-05-25,335946.52,CONSERVADOR,CONSERVADOR,6,7.7,1,0.0,0.0,0.0,0.8395,0.0,0.0,0.8395,0,PREVIDENCIA,2,10.47,MODERADO,0.87,INCENTIVADO,0.167,0
synth-cli-0117,prev-1,2026-02-12,335946.52,CONSERVADOR,CONSERVADOR,6,7.7,1,0.0,0.0,0.0,0.8395,0.0,0.0,0.8395,0,PREVIDENCIA,3,10.58,MODERADO,0.86,INCENTIVADO,0.167,0
synth-cli-0117,rf-cdb-3,2026-03-05,335946.52,CONSERVADOR,CONSERVADOR,6,7.7,1,0.0,0.0,0.0,0.8395,0.0,0.0,0.8395,0,RENDA_FIXA,1,13.62,CONSERVADOR,0.0,TRIBUTADO,0.042,1
synth-cli-0118,prev-1,2026-03-19,537055.71,ARROJADO,ARROJADO,10,24.9,6,0.3267,0.2286,0.1674,0.0287,0.1141,0.0622,0.3267,0,PREVIDENCIA,3,10.58,MODERADO,0.86,INCENTIVADO,0.167,0
synth-cli-0118,fundo-mm-4,2026-01-25,537055.71,ARROJADO,ARROJADO,10,24.9,6,0.3267,0.2286,0.1674,0.0287,0.1141,0.0622,0.3267,0,FUNDOS,3,12.89,MODERADO,2.27,TRIBUTADO,1.604,1
synth-cli-0118,rf-pub-1,2026-03-19,537055.71,ARROJADO,ARROJADO,10,24.9,6,0.3267,0.2286,0.1674,0.0287,0.1141,0.0622,0.3267,0,RENDA_FIXA,3,12.55,MODERADO,0.0,INCENTIVADO,36.0,1
synth-cli-0118,rf-isento-0,2026-03-10,537055.71,ARROJADO,ARROJADO,10,24.9,6,0.3267,0.2286,0.1674,0.0287,0.1141,0.0622,0.3267,0,RENDA_FIXA,1,11.04,CONSERVADOR,0.0,ISENTO,24.0,1
synth-cli-0118,rf-cdb-3,2026-02-19,537055.71,ARROJADO,ARROJADO,10,24.9,6,0.3267,0.2286,0.1674,0.0287,0.1141,0.0622,0.3267,1,RENDA_FIXA,1,13.62,CONSERVADOR,0.0,TRIBUTADO,0.042,0
synth-cli-0118,rf-isento-2,2026-04-23,537055.71,ARROJADO,ARROJADO,10,24.9,6,0.3267,0.2286,0.1674,0.0287,0.1141,0.0622,0.3267,1,RENDA_FIXA,1,11.97,CONSERVADOR,0.0,ISENTO,24.0,0
synth-cli-0118,rv-ivvb11,2026-02-05,537055.71,ARROJADO,ARROJADO,10,24.9,6,0.3267,0.2286,0.1674,0.0287,0.1141,0.0622,0.3267,0,RENDA_VARIAVEL,4,17.47,ARROJADO,0.0,ISENTO,0.067,0
synth-cli-0118,rv-btlg11,2026-04-09,537055.71,ARROJADO,ARROJADO,10,24.9,6,0.3267,0.2286,0.1674,0.0287,0.1141,0.0622,0.3267,0,RENDA_VARIAVEL,3,11.31,MODERADO,0.0,ISENTO,0.067,0
synth-cli-0118,rf-cdb-2,2026-03-05,537055.71,ARROJADO,ARROJADO,10,24.9,6,0.3267,0.2286,0.1674,0.0287,0.1141,0.0622,0.3267,0,RENDA_FIXA,1,13.08,CONSERVADOR,0.0,TRIBUTADO,0.101,1
synth-cli-0118,fundo-mm-3,2026-03-12,537055.71,ARROJADO,ARROJADO,10,24.9,6,0.3267,0.2286,0.1674,0.0287,0.1141,0.0622,0.3267,0,FUNDOS,4,16.33,ARROJADO,1.5,TRIBUTADO,1.093,1
synth-cli-0118,cambio-0,2026-04-16,537055.71,ARROJADO,ARROJADO,10,24.9,6,0.3267,0.2286,0.1674,0.0287,0.1141,0.0622,0.3267,0,CAMBIO,4,11.55,ARROJADO,1.87,TRIBUTADO,1.0,0
synth-cli-0118,rf-pub-2,2026-02-12,537055.71,ARROJADO,ARROJADO,10,24.9,6,0.3267,0.2286,0.1674,0.0287,0.1141,0.0622,0.3267,0,RENDA_FIXA,3,13.26,MODERADO,0.0,INCENTIVADO,36.0,0
synth-cli-0118,coe-0,2026-05-28,537055.71,ARROJADO,ARROJADO,10,24.9,6,0.3267,0.2286,0.1674,0.0287,0.1141,0.0622,0.3267,0,ESTRUTURADOS,5,19.22,ARROJADO,0.0,TRIBUTADO,36.0,0
synth-cli-0118,cambio-1,2026-04-21,537055.71,ARROJADO,ARROJADO,10,24.9,6,0.3267,0.2286,0.1674,0.0287,0.1141,0.0622,0.3267,0,CAMBIO,4,10.47,ARROJADO,1.77,TRIBUTADO,1.0,0
synth-cli-0118,rf-isento-1,2026-05-16,537055.71,ARROJADO,ARROJADO,10,24.9,6,0.3267,0.2286,0.1674,0.0287,0.1141,0.0622,0.3267,0,RENDA_FIXA,1,11.3,CONSERVADOR,0.0,ISENTO,24.0,1
synth-cli-0119,fundo-mm-4,2026-01-21,2958928.52,MODERADO,CONSERVADOR,10,13.7,2,0.0,0.4595,0.0,0.371,0.0,0.0,0.4595,0,FUNDOS,3,12.89,MODERADO,2.27,TRIBUTADO,1.604,0
synth-cli-0119,coe-1,2026-04-15,2958928.52,MODERADO,CONSERVADOR,10,13.7,2,0.0,0.4595,0.0,0.371,0.0,0.0,0.4595,0,ESTRUTURADOS,5,22.09,ARROJADO,0.0,TRIBUTADO,36.0,0
synth-cli-0119,fundo-mm-1,2026-01-27,2958928.52,MODERADO,CONSERVADOR,10,13.7,2,0.0,0.4595,0.0,0.371,0.0,0.0,0.4595,0,FUNDOS,4,15.74,ARROJADO,1.01,TRIBUTADO,1.806,0
synth-cli-0119,rf-cdb-0,2026-05-08,2958928.52,MODERADO,CONSERVADOR,10,13.7,2,0.0,0.4595,0.0,0.371,0.0,0.0,0.4595,1,RENDA_FIXA,1,12.74,CONSERVADOR,0.0,TRIBUTADO,0.036,0
synth-cli-0119,rv-itsa4,2026-03-22,2958928.52,MODERADO,CONSERVADOR,10,13.7,2,0.0,0.4595,0.0,0.371,0.0,0.0,0.4595,0,RENDA_VARIAVEL,4,15.45,ARROJADO,0.0,TRIBUTADO,0.067,0
synth-cli-0119,rf-cdb-2,2026-05-03,2958928.52,MODERADO,CONSERVADOR,10,13.7,2,0.0,0.4595,0.0,0.371,0.0,0.0,0.4595,0,RENDA_FIXA,1,13.08,CONSERVADOR,0.0,TRIBUTADO,0.101,0
synth-cli-0119,rf-isento-2,2026-05-28,2958928.52,MODERADO,CONSERVADOR,10,13.7,2,0.0,0.4595,0.0,0.371,0.0,0.0,0.4595,0,RENDA_FIXA,1,11.97,CONSERVADOR,0.0,ISENTO,24.0,1
synth-cli-0119,rf-pub-2,2026-01-26,2958928.52,MODERADO,CONSERVADOR,10,13.7,2,0.0,0.4595,0.0,0.371,0.0,0.0,0.4595,0,RENDA_FIXA,3,13.26,MODERADO,0.0,INCENTIVADO,36.0,0
synth-cli-0119,rf-isento-1,2026-03-26,2958928.52,MODERADO,CONSERVADOR,10,13.7,2,0.0,0.4595,0.0,0.371,0.0,0.0,0.4595,0,RENDA_FIXA,1,11.3,CONSERVADOR,0.0,ISENTO,24.0,1
synth-cli-0119,rf-pub-1,2026-02-08,2958928.52,MODERADO,CONSERVADOR,10,13.7,2,0.0,0.4595,0.0,0.371,0.0,0.0,0.4595,0,RENDA_FIXA,3,12.55,MODERADO,0.0,INCENTIVADO,36.0,0
synth-cli-0119,rv-knri11,2026-04-06,2958928.52,MODERADO,CONSERVADOR,10,13.7,2,0.0,0.4595,0.0,0.371,0.0,0.0,0.4595,0,RENDA_VARIAVEL,3,11.32,MODERADO,0.0,ISENTO,0.067,0
synth-cli-0119,rf-cdb-4,2026-05-09,2958928.52,MODERADO,CONSERVADOR,10,13.7,2,0.0,0.4595,0.0,0.371,0.0,0.0,0.4595,0,RENDA_FIXA,1,11.98,CONSERVADOR,0.0,TRIBUTADO,0.036,1
synth-cli-0119,rf-isento-0,2026-01-05,2958928.52,MODERADO,CONSERVADOR,10,13.7,2,0.0,0.4595,0.0,0.371,0.0,0.0,0.4595,0,RENDA_FIXA,1,11.04,CONSERVADOR,0.0,ISENTO,24.0,1
synth-cli-0120,rf-isento-1,2026-03-19,6609397.05,CONSERVADOR,CONSERVADOR,4,4.6,2,0.6442,0.0,0.092,0.0,0.0,0.0,0.6442,0,RENDA_FIXA,1,11.3,CONSERVADOR,0.0,ISENTO,24.0,1
synth-cli-0120,rf-cdb-1,2026-04-25,6609397.05,CONSERVADOR,CONSERVADOR,4,4.6,2,0.6442,0.0,0.092,0.0,0.0,0.0,0.6442,0,RENDA_FIXA,1,11.46,CONSERVADOR,0.0,TRIBUTADO,0.056,0
synth-cli-0120,rf-pub-1,2026-05-26,6609397.05,CONSERVADOR,CONSERVADOR,4,4.6,2,0.6442,0.0,0.092,0.0,0.0,0.0,0.6442,0,RENDA_FIXA,3,12.55,MODERADO,0.0,INCENTIVADO,36.0,0
synth-cli-0120,rf-pub-2,2026-04-01,6609397.05,CONSERVADOR,CONSERVADOR,4,4.6,2,0.6442,0.0,0.092,0.0,0.0,0.0,0.6442,0,RENDA_FIXA,3,13.26,MODERADO,0.0,INCENTIVADO,36.0,0
synth-cli-0120,coe-0,2026-04-20,6609397.05,CONSERVADOR,CONSERVADOR,4,4.6,2,0.6442,0.0,0.092,0.0,0.0,0.0,0.6442,0,ESTRUTURADOS,5,19.22,ARROJADO,0.0,TRIBUTADO,36.0,0
synth-cli-0120,firf-2,2026-02-11,6609397.05,CONSERVADOR,CONSERVADOR,4,4.6,2,0.6442,0.0,0.092,0.0,0.0,0.0,0.6442,0,FUNDOS,2,11.76,CONSERVADOR,0.78,TRIBUTADO,1.0,0
synth-cli-0120,prev-0,2026-05-10,6609397.05,CONSERVADOR,CONSERVADOR,4,4.6,2,0.6442,0.0,0.092,0.0,0.0,0.0,0.6442,0,PREVIDENCIA,2,10.09,CONSERVADOR,0.96,INCENTIVADO,0.167,0
synth-cli-0120,prev-1,2026-03-09,6609397.05,CONSERVADOR,CONSERVADOR,4,4.6,2,0.6442,0.0,0.092,0.0,0.0,0.0,0.6442,0,PREVIDENCIA,3,10.58,MODERADO,0.86,INCENTIVADO,0.167,1
synth-cli-0120,fundo-mm-4,2026-02-11,6609397.05,CONSERVADOR,CONSERVADOR,4,4.6,2,0.6442,0.0,0.092,0.0,0.0,0.0,0.6442,0,FUNDOS,3,12.89,MODERADO,2.27,TRIBUTADO,1.604,0
synth-cli-0120,fundo-mm-3,2026-05-17,6609397.05,CONSERVADOR,CONSERVADOR,4,4.6,2,0.6442,0.0,0.092,0.0,0.0,0.0,0.6442,0,FUNDOS,4,16.33,ARROJADO,1.5,TRIBUTADO,1.093,0
synth-cli-0120,rf-cdb-3,2026-04-04,6609397.05,CONSERVADOR,CONSERVADOR,4,4.6,2,0.6442,0.0,0.092,0.0,0.0,0.0,0.6442,0,RENDA_FIXA,1,13.62,CONSERVADOR,0.0,TRIBUTADO,0.042,1
synth-cli-0120,firf-1,2026-02-16,6609397.05,CONSERVADOR,CONSERVADOR,4,4.6,2,0.6442,0.0,0.092,0.0,0.0,0.0,0.6442,0,FUNDOS,2,12.07,CONSERVADOR,0.99,TRIBUTADO,1.0,1
synth-cli-0120,cambio-0,2026-05-16,6609397.05,CONSERVADOR,CONSERVADOR,4,4.6,2,0.6442,0.0,0.092,0.0,0.0,0.0,0.6442,0,CAMBIO,4,11.55,ARROJADO,1.87,TRIBUTADO,1.0,0
synth-cli-0120,rf-isento-2,2026-03-04,6609397.05,CONSERVADOR,CONSERVADOR,4,4.6,2,0.6442,0.0,0.092,0.0,0.0,0.0,0.6442,0,RENDA_FIXA,1,11.97,CONSERVADOR,0.0,ISENTO,24.0,0
synth-cli-0120,rf-cdb-2,2026-04-11,6609397.05,CONSERVADOR,CONSERVADOR,4,4.6,2,0.6442,0.0,0.092,0.0,0.0,0.0,0.6442,0,RENDA_FIXA,1,13.08,CONSERVADOR,0.0,TRIBUTADO,0.101,0
synth-cli-0120,coe-1,2026-05-27,6609397.05,CONSERVADOR,CONSERVADOR,4,4.6,2,0.6442,0.0,0.092,0.0,0.0,0.0,0.6442,0,ESTRUTURADOS,5,22.09,ARROJADO,0.0,TRIBUTADO,36.0,0
synth-cli-0120,prev-2,2026-01-25,6609397.05,CONSERVADOR,CONSERVADOR,4,4.6,2,0.6442,0.0,0.092,0.0,0.0,0.0,0.6442,0,PREVIDENCIA,2,10.47,MODERADO,0.87,INCENTIVADO,0.167,0
synth-cli-0120,rv-knri11,2026-03-17,6609397.05,CONSERVADOR,CONSERVADOR,4,4.6,2,0.6442,0.0,0.092,0.0,0.0,0.0,0.6442,0,RENDA_VARIAVEL,3,11.32,MODERADO,0.0,ISENTO,0.067,0
synth-cli-0120,rv-itsa4,2026-05-16,6609397.05,CONSERVADOR,CONSERVADOR,4,4.6,2,0.6442,0.0,0.092,0.0,0.0,0.0,0.6442,0,RENDA_VARIAVEL,4,15.45,ARROJADO,0.0,TRIBUTADO,0.067,0
synth-cli-0120,fundo-mm-2,2026-03-20,6609397.05,CONSERVADOR,CONSERVADOR,4,4.6,2,0.6442,0.0,0.092,0.0,0.0,0.0,0.6442,0,FUNDOS,3,15.29,MODERADO,1.51,TRIBUTADO,1.155,0
synth-cli-0120,fundo-mm-1,2026-02-11,6609397.05,CONSERVADOR,CONSERVADOR,4,4.6,2,0.6442,0.0,0.092,0.0,0.0,0.0,0.6442,0,FUNDOS,4,15.74,ARROJADO,1.01,TRIBUTADO,1.806,0
synth-cli-0120,rv-ivvb11,2026-04-26,6609397.05,CONSERVADOR,CONSERVADOR,4,4.6,2,0.6442,0.0,0.092,0.0,0.0,0.0,0.6442,0,RENDA_VARIAVEL,4,17.47,ARROJADO,0.0,ISENTO,0.067,0
synth-cli-0120,fundo-mm-0,2026-02-20,6609397.05,CONSERVADOR,CONSERVADOR,4,4.6,2,0.6442,0.0,0.092,0.0,0.0,0.0,0.6442,0,FUNDOS,3,14.68,MODERADO,1.33,TRIBUTADO,1.589,0
synth-cli-0120,cambio-1,2026-03-17,6609397.05,CONSERVADOR,CONSERVADOR,4,4.6,2,0.6442,0.0,0.092,0.0,0.0,0.0,0.6442,0,CAMBIO,4,10.47,ARROJADO,1.77,TRIBUTADO,1.0,0
synth-cli-0121,rv-ivvb11,2026-01-25,4232955.6,MODERADO,MODERADO,4,17.1,1,0.0,0.0,0.9972,0.0,0.0,0.0,0.9972,0,RENDA_VARIAVEL,4,17.47,ARROJADO,0.0,ISENTO,0.067,0
synth-cli-0121,rv-bpac11,2026-01-14,4232955.6,MODERADO,MODERADO,4,17.1,1,0.0,0.0,0.9972,0.0,0.0,0.0,0.9972,0,RENDA_VARIAVEL,4,19.32,ARROJADO,0.0,ISENTO,0.067,0
synth-cli-0121,prev-1,2026-03-01,4232955.6,MODERADO,MODERADO,4,17.1,1,0.0,0.0,0.9972,0.0,0.0,0.0,0.9972,0,PREVIDENCIA,3,10.58,MODERADO,0.86,INCENTIVADO,0.167,0
synth-cli-0121,fundo-mm-2,2026-02-07,4232955.6,MODERADO,MODERADO,4,17.1,1,0.0,0.0,0.9972,0.0,0.0,0.0,0.9972,0,FUNDOS,3,15.29,MODERADO,1.51,TRIBUTADO,1.155,0
synth-cli-0121,prev-0,2026-01-11,4232955.6,MODERADO,MODERADO,4,17.1,1,0.0,0.0,0.9972,0.0,0.0,0.0,0.9972,0,PREVIDENCIA,2,10.09,CONSERVADOR,0.96,INCENTIVADO,0.167,0
synth-cli-0121,rv-knri11,2026-04-11,4232955.6,MODERADO,MODERADO,4,17.1,1,0.0,0.0,0.9972,0.0,0.0,0.0,0.9972,0,RENDA_VARIAVEL,3,11.32,MODERADO,0.0,ISENTO,0.067,1
synth-cli-0121,rf-isento-0,2026-05-17,4232955.6,MODERADO,MODERADO,4,17.1,1,0.0,0.0,0.9972,0.0,0.0,0.0,0.9972,0,RENDA_FIXA,1,11.04,CONSERVADOR,0.0,ISENTO,24.0,0
synth-cli-0121,rf-pub-2,2026-03-04,4232955.6,MODERADO,MODERADO,4,17.1,1,0.0,0.0,0.9972,0.0,0.0,0.0,0.9972,0,RENDA_FIXA,3,13.26,MODERADO,0.0,INCENTIVADO,36.0,1
synth-cli-0121,prev-2,2026-05-16,4232955.6,MODERADO,MODERADO,4,17.1,1,0.0,0.0,0.9972,0.0,0.0,0.0,0.9972,0,PREVIDENCIA,2,10.47,MODERADO,0.87,INCENTIVADO,0.167,1
synth-cli-0121,fundo-mm-4,2026-01-25,4232955.6,MODERADO,MODERADO,4,17.1,1,0.0,0.0,0.9972,0.0,0.0,0.0,0.9972,0,FUNDOS,3,12.89,MODERADO,2.27,TRIBUTADO,1.604,0
synth-cli-0121,rf-isento-1,2026-04-08,4232955.6,MODERADO,MODERADO,4,17.1,1,0.0,0.0,0.9972,0.0,0.0,0.0,0.9972,0,RENDA_FIXA,1,11.3,CONSERVADOR,0.0,ISENTO,24.0,0
synth-cli-0121,fundo-mm-0,2026-05-19,4232955.6,MODERADO,MODERADO,4,17.1,1,0.0,0.0,0.9972,0.0,0.0,0.0,0.9972,1,FUNDOS,3,14.68,MODERADO,1.33,TRIBUTADO,1.589,0
synth-cli-0121,rf-cdb-4,2026-01-02,4232955.6,MODERADO,MODERADO,4,17.1,1,0.0,0.0,0.9972,0.0,0.0,0.0,0.9972,0,RENDA_FIXA,1,11.98,CONSERVADOR,0.0,TRIBUTADO,0.036,1
synth-cli-0121,cambio-1,2026-03-18,4232955.6,MODERADO,MODERADO,4,17.1,1,0.0,0.0,0.9972,0.0,0.0,0.0,0.9972,0,CAMBIO,4,10.47,ARROJADO,1.77,TRIBUTADO,1.0,0
synth-cli-0121,rf-isento-2,2026-02-24,4232955.6,MODERADO,MODERADO,4,17.1,1,0.0,0.0,0.9972,0.0,0.0,0.0,0.9972,0,RENDA_FIXA,1,11.97,CONSERVADOR,0.0,ISENTO,24.0,1
synth-cli-0121,cambio-0,2026-04-27,4232955.6,MODERADO,MODERADO,4,17.1,1,0.0,0.0,0.9972,0.0,0.0,0.0,0.9972,1,CAMBIO,4,11.55,ARROJADO,1.87,TRIBUTADO,1.0,0
synth-cli-0121,coe-0,2026-02-19,4232955.6,MODERADO,MODERADO,4,17.1,1,0.0,0.0,0.9972,0.0,0.0,0.0,0.9972,0,ESTRUTURADOS,5,19.22,ARROJADO,0.0,TRIBUTADO,36.0,0
synth-cli-0121,rv-itsa4,2026-02-18,4232955.6,MODERADO,MODERADO,4,17.1,1,0.0,0.0,0.9972,0.0,0.0,0.0,0.9972,0,RENDA_VARIAVEL,4,15.45,ARROJADO,0.0,TRIBUTADO,0.067,0
synth-cli-0121,rf-pub-0,2026-02-11,4232955.6,MODERADO,MODERADO,4,17.1,1,0.0,0.0,0.9972,0.0,0.0,0.0,0.9972,0,RENDA_FIXA,1,6.5,CONSERVADOR,0.0,TRIBUTADO,0.033,1
synth-cli-0121,coe-1,2026-03-18,4232955.6,MODERADO,MODERADO,4,17.1,1,0.0,0.0,0.9972,0.0,0.0,0.0,0.9972,0,ESTRUTURADOS,5,22.09,ARROJADO,0.0,TRIBUTADO,36.0,0
synth-cli-0121,firf-2,2026-01-28,4232955.6,MODERADO,MODERADO,4,17.1,1,0.0,0.0,0.9972,0.0,0.0,0.0,0.9972,0,FUNDOS,2,11.76,CONSERVADOR,0.78,TRIBUTADO,1.0,1
synth-cli-0121,rf-pub-1,2026-03-28,4232955.6,MODERADO,MODERADO,4,17.1,1,0.0,0.0,0.9972,0.0,0.0,0.0,0.9972,0,RENDA_FIXA,3,12.55,MODERADO,0.0,INCENTIVADO,36.0,1
synth-cli-0121,firf-1,2026-02-06,4232955.6,MODERADO,MODERADO,4,17.1,1,0.0,0.0,0.9972,0.0,0.0,0.0,0.9972,0,FUNDOS,2,12.07,CONSERVADOR,0.99,TRIBUTADO,1.0,0
synth-cli-0122,fundo-mm-3,2026-01-27,2454341.24,AGRESSIVO,AGRESSIVO,20,58.4,2,0.0,0.7916,0.0,0.1018,0.0,0.0,0.7916,1,FUNDOS,4,16.33,ARROJADO,1.5,TRIBUTADO,1.093,0
synth-cli-0122,rf-pub-2,2026-05-12,2454341.24,AGRESSIVO,AGRESSIVO,20,58.4,2,0.0,0.7916,0.0,0.1018,0.0,0.0,0.7916,0,RENDA_FIXA,3,13.26,MODERADO,0.0,INCENTIVADO,36.0,1
synth-cli-0122,cambio-1,2026-05-28,2454341.24,AGRESSIVO,AGRESSIVO,20,58.4,2,0.0,0.7916,0.0,0.1018,0.0,0.0,0.7916,0,CAMBIO,4,10.47,ARROJADO,1.77,TRIBUTADO,1.0,1
synth-cli-0122,fundo-mm-0,2026-05-16,2454341.24,AGRESSIVO,AGRESSIVO,20,58.4,2,0.0,0.7916,0.0,0.1018,0.0,0.0,0.7916,0,FUNDOS,3,14.68,MODERADO,1.33,TRIBUTADO,1.589,0
synth-cli-0122,rf-isento-2,2026-01-19,2454341.24,AGRESSIVO,AGRESSIVO,20,58.4,2,0.0,0.7916,0.0,0.1018,0.0,0.0,0.7916,0,RENDA_FIXA,1,11.97,CONSERVADOR,0.0,ISENTO,24.0,1
synth-cli-0122,rf-pub-1,2026-05-25,2454341.24,AGRESSIVO,AGRESSIVO,20,58.4,2,0.0,0.7916,0.0,0.1018,0.0,0.0,0.7916,0,RENDA_FIXA,3,12.55,MODERADO,0.0,INCENTIVADO,36.0,1
synth-cli-0122,rv-itsa4,2026-01-19,2454341.24,AGRESSIVO,AGRESSIVO,20,58.4,2,0.0,0.7916,0.0,0.1018,0.0,0.0,0.7916,0,RENDA_VARIAVEL,4,15.45,ARROJADO,0.0,TRIBUTADO,0.067,1
synth-cli-0122,rv-btlg11,2026-05-21,2454341.24,AGRESSIVO,AGRESSIVO,20,58.4,2,0.0,0.7916,0.0,0.1018,0.0,0.0,0.7916,0,RENDA_VARIAVEL,3,11.31,MODERADO,0.0,ISENTO,0.067,0
synth-cli-0122,rf-isento-0,2026-04-27,2454341.24,AGRESSIVO,AGRESSIVO,20,58.4,2,0.0,0.7916,0.0,0.1018,0.0,0.0,0.7916,0,RENDA_FIXA,1,11.04,CONSERVADOR,0.0,ISENTO,24.0,1
synth-cli-0122,rv-knri11,2026-04-24,2454341.24,AGRESSIVO,AGRESSIVO,20,58.4,2,0.0,0.7916,0.0,0.1018,0.0,0.0,0.7916,1,RENDA_VARIAVEL,3,11.32,MODERADO,0.0,ISENTO,0.067,0
synth-cli-0122,rv-bpac11,2026-03-03,2454341.24,AGRESSIVO,AGRESSIVO,20,58.4,2,0.0,0.7916,0.0,0.1018,0.0,0.0,0.7916,0,RENDA_VARIAVEL,4,19.32,ARROJADO,0.0,ISENTO,0.067,1
synth-cli-0122,rf-cdb-0,2026-04-01,2454341.24,AGRESSIVO,AGRESSIVO,20,58.4,2,0.0,0.7916,0.0,0.1018,0.0,0.0,0.7916,0,RENDA_FIXA,1,12.74,CONSERVADOR,0.0,TRIBUTADO,0.036,1
synth-cli-0122,rf-cdb-4,2026-03-01,2454341.24,AGRESSIVO,AGRESSIVO,20,58.4,2,0.0,0.7916,0.0,0.1018,0.0,0.0,0.7916,0,RENDA_FIXA,1,11.98,CONSERVADOR,0.0,TRIBUTADO,0.036,1
synth-cli-0122,rf-cdb-3,2026-03-14,2454341.24,AGRESSIVO,AGRESSIVO,20,58.4,2,0.0,0.7916,0.0,0.1018,0.0,0.0,0.7916,0,RENDA_FIXA,1,13.62,CONSERVADOR,0.0,TRIBUTADO,0.042,1
synth-cli-0122,fundo-mm-2,2026-02-19,2454341.24,AGRESSIVO,AGRESSIVO,20,58.4,2,0.0,0.7916,0.0,0.1018,0.0,0.0,0.7916,0,FUNDOS,3,15.29,MODERADO,1.51,TRIBUTADO,1.155,1
synth-cli-0122,firf-0,2026-02-25,2454341.24,AGRESSIVO,AGRESSIVO,20,58.4,2,0.0,0.7916,0.0,0.1018,0.0,0.0,0.7916,0,FUNDOS,2,12.61,CONSERVADOR,0.86,TRIBUTADO,1.0,1
synth-cli-0122,prev-1,2026-03-23,2454341.24,AGRESSIVO,AGRESSIVO,20,58.4,2,0.0,0.7916,0.0,0.1018,0.0,0.0,0.7916,0,PREVIDENCIA,3,10.58,MODERADO,0.86,INCENTIVADO,0.167,0
synth-cli-0122,fundo-mm-1,2026-02-10,2454341.24,AGRESSIVO,AGRESSIVO,20,58.4,2,0.0,0.7916,0.0,0.1018,0.0,0.0,0.7916,0,FUNDOS,4,15.74,ARROJADO,1.01,TRIBUTADO,1.806,0
synth-cli-0123,rf-cdb-3,2026-02-10,6855935.59,CONSERVADOR,CONSERVADOR,3,3.3,3,0.5728,0.0,0.1036,0.2961,0.0,0.0,0.5728,0,RENDA_FIXA,1,13.62,CONSERVADOR,0.0,TRIBUTADO,0.042,0
synth-cli-0123,rf-cdb-0,2026-03-08,6855935.59,CONSERVADOR,CONSERVADOR,3,3.3,3,0.5728,0.0,0.1036,0.2961,0.0,0.0,0.5728,0,RENDA_FIXA,1,12.74,CONSERVADOR,0.0,TRIBUTADO,0.036,0
synth-cli-0123,firf-1,2026-02-25,6855935.59,CONSERVADOR,CONSERVADOR,3,3.3,3,0.5728,0.0,0.1036,0.2961,0.0,0.0,0.5728,0,FUNDOS,2,12.07,CONSERVADOR,0.99,TRIBUTADO,1.0,0
synth-cli-0123,rv-bpac11,2026-02-15,6855935.59,CONSERVADOR,CONSERVADOR,3,3.3,3,0.5728,0.0,0.1036,0.2961,0.0,0.0,0.5728,0,RENDA_VARIAVEL,4,19.32,ARROJADO,0.0,ISENTO,0.067,0
synth-cli-0123,rf-cdb-1,2026-04-01,6855935.59,CONSERVADOR,CONSERVADOR,3,3.3,3,0.5728,0.0,0.1036,0.2961,0.0,0.0,0.5728,1,RENDA_FIXA,1,11.46,CONSERVADOR,0.0,TRIBUTADO,0.056,0
synth-cli-0123,prev-0,2026-02-13,6855935.59,CONSERVADOR,CONSERVADOR,3,3.3,3,0.5728,0.0,0.1036,0.2961,0.0,0.0,0.5728,0,PREVIDENCIA,2,10.09,CONSERVADOR,0.96,INCENTIVADO,0.167,0
synth-cli-0123,rf-cdb-4,2026-04-13,6855935.59,CONSERVADOR,CONSERVADOR,3,3.3,3,0.5728,0.0,0.1036,0.2961,0.0,0.0,0.5728,0,RENDA_FIXA,1,11.98,CONSERVADOR,0.0,TRIBUTADO,0.036,0
synth-cli-0123,coe-1,2026-04-19,6855935.59,CONSERVADOR,CONSERVADOR,3,3.3,3,0.5728,0.0,0.1036,0.2961,0.0,0.0,0.5728,0,ESTRUTURADOS,5,22.09,ARROJADO,0.0,TRIBUTADO,36.0,0
synth-cli-0123,fundo-mm-0,2026-01-06,6855935.59,CONSERVADOR,CONSERVADOR,3,3.3,3,0.5728,0.0,0.1036,0.2961,0.0,0.0,0.5728,0,FUNDOS,3,14.68,MODERADO,1.33,TRIBUTADO,1.589,0
synth-cli-0123,rf-cdb-2,2026-05-24,6855935.59,CONSERVADOR,CONSERVADOR,3,3.3,3,0.5728,0.0,0.1036,0.2961,0.0,0.0,0.5728,0,RENDA_FIXA,1,13.08,CONSERVADOR,0.0,TRIBUTADO,0.101,0
synth-cli-0123,rf-isento-2,2026-02-25,6855935.59,CONSERVADOR,CONSERVADOR,3,3.3,3,0.5728,0.0,0.1036,0.2961,0.0,0.0,0.5728,0,RENDA_FIXA,1,11.97,CONSERVADOR,0.0,ISENTO,24.0,0
synth-cli-0123,rv-ivvb11,2026-04-24,6855935.59,CONSERVADOR,CONSERVADOR,3,3.3,3,0.5728,0.0,0.1036,0.2961,0.0,0.0,0.5728,0,RENDA_VARIAVEL,4,17.47,ARROJADO,0.0,ISENTO,0.067,0
synth-cli-0123,rf-pub-2,2026-03-14,6855935.59,CONSERVADOR,CONSERVADOR,3,3.3,3,0.5728,0.0,0.1036,0.2961,0.0,0.0,0.5728,0,RENDA_FIXA,3,13.26,MODERADO,0.0,INCENTIVADO,36.0,0
synth-cli-0124,rf-pub-1,2026-01-12,3282784.87,ARROJADO,MODERADO,6,24.0,4,0.5524,0.0,0.0,0.1041,0.1817,0.1356,0.5524,0,RENDA_FIXA,3,12.55,MODERADO,0.0,INCENTIVADO,36.0,1
synth-cli-0124,rf-cdb-2,2026-03-08,3282784.87,ARROJADO,MODERADO,6,24.0,4,0.5524,0.0,0.0,0.1041,0.1817,0.1356,0.5524,0,RENDA_FIXA,1,13.08,CONSERVADOR,0.0,TRIBUTADO,0.101,1
synth-cli-0124,prev-1,2026-01-21,3282784.87,ARROJADO,MODERADO,6,24.0,4,0.5524,0.0,0.0,0.1041,0.1817,0.1356,0.5524,0,PREVIDENCIA,3,10.58,MODERADO,0.86,INCENTIVADO,0.167,0
synth-cli-0124,firf-0,2026-03-24,3282784.87,ARROJADO,MODERADO,6,24.0,4,0.5524,0.0,0.0,0.1041,0.1817,0.1356,0.5524,0,FUNDOS,2,12.61,CONSERVADOR,0.86,TRIBUTADO,1.0,1
synth-cli-0124,fundo-mm-0,2026-03-02,3282784.87,ARROJADO,MODERADO,6,24.0,4,0.5524,0.0,0.0,0.1041,0.1817,0.1356,0.5524,0,FUNDOS,3,14.68,MODERADO,1.33,TRIBUTADO,1.589,1
synth-cli-0124,fundo-mm-4,2026-02-17,3282784.87,ARROJADO,MODERADO,6,24.0,4,0.5524,0.0,0.0,0.1041,0.1817,0.1356,0.5524,0,FUNDOS,3,12.89,MODERADO,2.27,TRIBUTADO,1.604,1
synth-cli-0124,rf-isento-0,2026-04-25,3282784.87,ARROJADO,MODERADO,6,24.0,4,0.5524,0.0,0.0,0.1041,0.1817,0.1356,0.5524,0,RENDA_FIXA,1,11.04,CONSERVADOR,0.0,ISENTO,24.0,1
synth-cli-0124,coe-0,2026-05-26,3282784.87,ARROJADO,MODERADO,6,24.0,4,0.5524,0.0,0.0,0.1041,0.1817,0.1356,0.5524,0,ESTRUTURADOS,5,19.22,ARROJADO,0.0,TRIBUTADO,36.0,0
synth-cli-0124,rf-cdb-3,2026-05-14,3282784.87,ARROJADO,MODERADO,6,24.0,4,0.5524,0.0,0.0,0.1041,0.1817,0.1356,0.5524,0,RENDA_FIXA,1,13.62,CONSERVADOR,0.0,TRIBUTADO,0.042,1
synth-cli-0124,fundo-mm-3,2026-04-06,3282784.87,ARROJADO,MODERADO,6,24.0,4,0.5524,0.0,0.0,0.1041,0.1817,0.1356,0.5524,0,FUNDOS,4,16.33,ARROJADO,1.5,TRIBUTADO,1.093,0
synth-cli-0124,rf-cdb-0,2026-05-05,3282784.87,ARROJADO,MODERADO,6,24.0,4,0.5524,0.0,0.0,0.1041,0.1817,0.1356,0.5524,0,RENDA_FIXA,1,12.74,CONSERVADOR,0.0,TRIBUTADO,0.036,1
synth-cli-0124,rv-ivvb11,2026-02-12,3282784.87,ARROJADO,MODERADO,6,24.0,4,0.5524,0.0,0.0,0.1041,0.1817,0.1356,0.5524,0,RENDA_VARIAVEL,4,17.47,ARROJADO,0.0,ISENTO,0.067,0
synth-cli-0124,fundo-mm-1,2026-01-26,3282784.87,ARROJADO,MODERADO,6,24.0,4,0.5524,0.0,0.0,0.1041,0.1817,0.1356,0.5524,0,FUNDOS,4,15.74,ARROJADO,1.01,TRIBUTADO,1.806,0
synth-cli-0124,fundo-mm-2,2026-03-27,3282784.87,ARROJADO,MODERADO,6,24.0,4,0.5524,0.0,0.0,0.1041,0.1817,0.1356,0.5524,0,FUNDOS,3,15.29,MODERADO,1.51,TRIBUTADO,1.155,1
synth-cli-0125,rv-bpac11,2026-01-12,278155.5,CONSERVADOR,CONSERVADOR,5,7.1,3,0.6903,0.0,0.0835,0.2068,0.0,0.0,0.6903,0,RENDA_VARIAVEL,4,19.32,ARROJADO,0.0,ISENTO,0.067,0
synth-cli-0125,rf-isento-2,2026-01-14,278155.5,CONSERVADOR,CONSERVADOR,5,7.1,3,0.6903,0.0,0.0835,0.2068,0.0,0.0,0.6903,0,RENDA_FIXA,1,11.97,CONSERVADOR,0.0,ISENTO,24.0,0
synth-cli-0125,rf-cdb-0,2026-04-28,278155.5,CONSERVADOR,CONSERVADOR,5,7.1,3,0.6903,0.0,0.0835,0.2068,0.0,0.0,0.6903,0,RENDA_FIXA,1,12.74,CONSERVADOR,0.0,TRIBUTADO,0.036,1
synth-cli-0125,prev-1,2026-04-05,278155.5,CONSERVADOR,CONSERVADOR,5,7.1,3,0.6903,0.0,0.0835,0.2068,0.0,0.0,0.6903,0,PREVIDENCIA,3,10.58,MODERADO,0.86,INCENTIVADO,0.167,0
synth-cli-0125,coe-1,2026-01-10,278155.5,CONSERVADOR,CONSERVADOR,5,7.1,3,0.6903,0.0,0.0835,0.2068,0.0,0.0,0.6903,0,ESTRUTURADOS,5,22.09,ARROJADO,0.0,TRIBUTADO,36.0,0
synth-cli-0125,cambio-0,2026-03-05,278155.5,CONSERVADOR,CONSERVADOR,5,7.1,3,0.6903,0.0,0.0835,0.2068,0.0,0.0,0.6903,0,CAMBIO,4,11.55,ARROJADO,1.87,TRIBUTADO,1.0,0
synth-cli-0125,prev-2,2026-05-12,278155.5,CONSERVADOR,CONSERVADOR,5,7.1,3,0.6903,0.0,0.0835,0.2068,0.0,0.0,0.6903,0,PREVIDENCIA,2,10.47,MODERADO,0.87,INCENTIVADO,0.167,0
synth-cli-0125,fundo-mm-4,2026-01-16,278155.5,CONSERVADOR,CONSERVADOR,5,7.1,3,0.6903,0.0,0.0835,0.2068,0.0,0.0,0.6903,0,FUNDOS,3,12.89,MODERADO,2.27,TRIBUTADO,1.604,1
synth-cli-0125,rf-cdb-1,2026-05-07,278155.5,CONSERVADOR,CONSERVADOR,5,7.1,3,0.6903,0.0,0.0835,0.2068,0.0,0.0,0.6903,0,RENDA_FIXA,1,11.46,CONSERVADOR,0.0,TRIBUTADO,0.056,1
synth-cli-0125,rf-cdb-4,2026-02-08,278155.5,CONSERVADOR,CONSERVADOR,5,7.1,3,0.6903,0.0,0.0835,0.2068,0.0,0.0,0.6903,0,RENDA_FIXA,1,11.98,CONSERVADOR,0.0,TRIBUTADO,0.036,0
synth-cli-0125,fundo-mm-2,2026-01-23,278155.5,CONSERVADOR,CONSERVADOR,5,7.1,3,0.6903,0.0,0.0835,0.2068,0.0,0.0,0.6903,0,FUNDOS,3,15.29,MODERADO,1.51,TRIBUTADO,1.155,0
synth-cli-0125,rv-btlg11,2026-05-04,278155.5,CONSERVADOR,CONSERVADOR,5,7.1,3,0.6903,0.0,0.0835,0.2068,0.0,0.0,0.6903,0,RENDA_VARIAVEL,3,11.31,MODERADO,0.0,ISENTO,0.067,0
synth-cli-0125,firf-1,2026-03-06,278155.5,CONSERVADOR,CONSERVADOR,5,7.1,3,0.6903,0.0,0.0835,0.2068,0.0,0.0,0.6903,0,FUNDOS,2,12.07,CONSERVADOR,0.99,TRIBUTADO,1.0,1
synth-cli-0125,fundo-mm-1,2026-03-11,278155.5,CONSERVADOR,CONSERVADOR,5,7.1,3,0.6903,0.0,0.0835,0.2068,0.0,0.0,0.6903,0,FUNDOS,4,15.74,ARROJADO,1.01,TRIBUTADO,1.806,0
synth-cli-0125,firf-0,2026-05-19,278155.5,CONSERVADOR,CONSERVADOR,5,7.1,3,0.6903,0.0,0.0835,0.2068,0.0,0.0,0.6903,0,FUNDOS,2,12.61,CONSERVADOR,0.86,TRIBUTADO,1.0,0
synth-cli-0125,rf-pub-0,2026-03-25,278155.5,CONSERVADOR,CONSERVADOR,5,7.1,3,0.6903,0.0,0.0835,0.2068,0.0,0.0,0.6903,0,RENDA_FIXA,1,6.5,CONSERVADOR,0.0,TRIBUTADO,0.033,0
synth-cli-0126,rf-isento-2,2026-02-06,11517980.76,MODERADO,MODERADO,5,14.9,1,0.0,0.6463,0.0,0.0,0.0,0.0,0.6463,0,RENDA_FIXA,1,11.97,CONSERVADOR,0.0,ISENTO,24.0,1
synth-cli-0126,fundo-mm-2,2026-01-19,11517980.76,MODERADO,MODERADO,5,14.9,1,0.0,0.6463,0.0,0.0,0.0,0.0,0.6463,0,FUNDOS,3,15.29,MODERADO,1.51,TRIBUTADO,1.155,1
synth-cli-0126,fundo-mm-0,2026-05-13,11517980.76,MODERADO,MODERADO,5,14.9,1,0.0,0.6463,0.0,0.0,0.0,0.0,0.6463,0,FUNDOS,3,14.68,MODERADO,1.33,TRIBUTADO,1.589,1
synth-cli-0126,rv-itsa4,2026-02-15,11517980.76,MODERADO,MODERADO,5,14.9,1,0.0,0.6463,0.0,0.0,0.0,0.0,0.6463,0,RENDA_VARIAVEL,4,15.45,ARROJADO,0.0,TRIBUTADO,0.067,0
synth-cli-0126,rf-cdb-4,2026-05-15,11517980.76,MODERADO,MODERADO,5,14.9,1,0.0,0.6463,0.0,0.0,0.0,0.0,0.6463,0,RENDA_FIXA,1,11.98,CONSERVADOR,0.0,TRIBUTADO,0.036,1
synth-cli-0126,firf-2,2026-03-11,11517980.76,MODERADO,MODERADO,5,14.9,1,0.0,0.6463,0.0,0.0,0.0,0.0,0.6463,0,FUNDOS,2,11.76,CONSERVADOR,0.78,TRIBUTADO,1.0,0
synth-cli-0126,rv-knri11,2026-02-09,11517980.76,MODERADO,MODERADO,5,14.9,1,0.0,0.6463,0.0,0.0,0.0,0.0,0.6463,0,RENDA_VARIAVEL,3,11.32,MODERADO,0.0,ISENTO,0.067,0
synth-cli-0126,rf-cdb-1,2026-04-22,11517980.76,MODERADO,MODERADO,5,14.9,1,0.0,0.6463,0.0,0.0,0.0,0.0,0.6463,0,RENDA_FIXA,1,11.46,CONSERVADOR,0.0,TRIBUTADO,0.056,0
synth-cli-0126,fundo-mm-1,2026-03-25,11517980.76,MODERADO,MODERADO,5,14.9,1,0.0,0.6463,0.0,0.0,0.0,0.0,0.6463,0,FUNDOS,4,15.74,ARROJADO,1.01,TRIBUTADO,1.806,0
synth-cli-0126,rv-ivvb11,2026-01-26,11517980.76,MODERADO,MODERADO,5,14.9,1,0.0,0.6463,0.0,0.0,0.0,0.0,0.6463,0,RENDA_VARIAVEL,4,17.47,ARROJADO,0.0,ISENTO,0.067,0
synth-cli-0126,prev-0,2026-01-18,11517980.76,MODERADO,MODERADO,5,14.9,1,0.0,0.6463,0.0,0.0,0.0,0.0,0.6463,0,PREVIDENCIA,2,10.09,CONSERVADOR,0.96,INCENTIVADO,0.167,1
synth-cli-0126,rf-pub-1,2026-01-04,11517980.76,MODERADO,MODERADO,5,14.9,1,0.0,0.6463,0.0,0.0,0.0,0.0,0.6463,0,RENDA_FIXA,3,12.55,MODERADO,0.0,INCENTIVADO,36.0,1
synth-cli-0127,rv-btlg11,2026-05-02,2985012.24,MODERADO,MODERADO,10,13.7,1,0.0,0.0,0.816,0.0,0.0,0.0,0.816,0,RENDA_VARIAVEL,3,11.31,MODERADO,0.0,ISENTO,0.067,0
synth-cli-0127,rf-isento-1,2026-05-06,2985012.24,MODERADO,MODERADO,10,13.7,1,0.0,0.0,0.816,0.0,0.0,0.0,0.816,0,RENDA_FIXA,1,11.3,CONSERVADOR,0.0,ISENTO,24.0,1
synth-cli-0127,rf-cdb-4,2026-01-22,2985012.24,MODERADO,MODERADO,10,13.7,1,0.0,0.0,0.816,0.0,0.0,0.0,0.816,0,RENDA_FIXA,1,11.98,CONSERVADOR,0.0,TRIBUTADO,0.036,1
synth-cli-0127,coe-0,2026-05-08,2985012.24,MODERADO,MODERADO,10,13.7,1,0.0,0.0,0.816,0.0,0.0,0.0,0.816,0,ESTRUTURADOS,5,19.22,ARROJADO,0.0,TRIBUTADO,36.0,0
synth-cli-0127,fundo-mm-0,2026-05-14,2985012.24,MODERADO,MODERADO,10,13.7,1,0.0,0.0,0.816,0.0,0.0,0.0,0.816,0,FUNDOS,3,14.68,MODERADO,1.33,TRIBUTADO,1.589,1
synth-cli-0127,cambio-0,2026-03-02,2985012.24,MODERADO,MODERADO,10,13.7,1,0.0,0.0,0.816,0.0,0.0,0.0,0.816,0,CAMBIO,4,11.55,ARROJADO,1.87,TRIBUTADO,1.0,0
synth-cli-0127,fundo-mm-3,2026-04-10,2985012.24,MODERADO,MODERADO,10,13.7,1,0.0,0.0,0.816,0.0,0.0,0.0,0.816,0,FUNDOS,4,16.33,ARROJADO,1.5,TRIBUTADO,1.093,1
synth-cli-0127,fundo-mm-2,2026-05-14,2985012.24,MODERADO,MODERADO,10,13.7,1,0.0,0.0,0.816,0.0,0.0,0.0,0.816,0,FUNDOS,3,15.29,MODERADO,1.51,TRIBUTADO,1.155,0
synth-cli-0127,firf-1,2026-03-01,2985012.24,MODERADO,MODERADO,10,13.7,1,0.0,0.0,0.816,0.0,0.0,0.0,0.816,0,FUNDOS,2,12.07,CONSERVADOR,0.99,TRIBUTADO,1.0,1
synth-cli-0127,rf-cdb-2,2026-05-22,2985012.24,MODERADO,MODERADO,10,13.7,1,0.0,0.0,0.816,0.0,0.0,0.0,0.816,0,RENDA_FIXA,1,13.08,CONSERVADOR,0.0,TRIBUTADO,0.101,1
synth-cli-0127,firf-0,2026-01-02,2985012.24,MODERADO,MODERADO,10,13.7,1,0.0,0.0,0.816,0.0,0.0,0.0,0.816,0,FUNDOS,2,12.61,CONSERVADOR,0.86,TRIBUTADO,1.0,0
synth-cli-0127,rf-pub-0,2026-02-05,2985012.24,MODERADO,MODERADO,10,13.7,1,0.0,0.0,0.816,0.0,0.0,0.0,0.816,0,RENDA_FIXA,1,6.5,CONSERVADOR,0.0,TRIBUTADO,0.033,1
synth-cli-0127,fundo-mm-1,2026-02-25,2985012.24,MODERADO,MODERADO,10,13.7,1,0.0,0.0,0.816,0.0,0.0,0.0,0.816,0,FUNDOS,4,15.74,ARROJADO,1.01,TRIBUTADO,1.806,0
synth-cli-0127,rv-ivvb11,2026-02-13,2985012.24,MODERADO,MODERADO,10,13.7,1,0.0,0.0,0.816,0.0,0.0,0.0,0.816,0,RENDA_VARIAVEL,4,17.47,ARROJADO,0.0,ISENTO,0.067,1
synth-cli-0127,rf-pub-1,2026-02-08,2985012.24,MODERADO,MODERADO,10,13.7,1,0.0,0.0,0.816,0.0,0.0,0.0,0.816,0,RENDA_FIXA,3,12.55,MODERADO,0.0,INCENTIVADO,36.0,1
synth-cli-0127,coe-1,2026-01-08,2985012.24,MODERADO,MODERADO,10,13.7,1,0.0,0.0,0.816,0.0,0.0,0.0,0.816,0,ESTRUTURADOS,5,22.09,ARROJADO,0.0,TRIBUTADO,36.0,0
synth-cli-0127,rv-knri11,2026-03-05,2985012.24,MODERADO,MODERADO,10,13.7,1,0.0,0.0,0.816,0.0,0.0,0.0,0.816,0,RENDA_VARIAVEL,3,11.32,MODERADO,0.0,ISENTO,0.067,0
synth-cli-0127,rf-isento-2,2026-02-07,2985012.24,MODERADO,MODERADO,10,13.7,1,0.0,0.0,0.816,0.0,0.0,0.0,0.816,0,RENDA_FIXA,1,11.97,CONSERVADOR,0.0,ISENTO,24.0,1
synth-cli-0127,rf-cdb-3,2026-03-25,2985012.24,MODERADO,MODERADO,10,13.7,1,0.0,0.0,0.816,0.0,0.0,0.0,0.816,0,RENDA_FIXA,1,13.62,CONSERVADOR,0.0,TRIBUTADO,0.042,1
synth-cli-0127,rf-cdb-0,2026-05-04,2985012.24,MODERADO,MODERADO,10,13.7,1,0.0,0.0,0.816,0.0,0.0,0.0,0.816,0,RENDA_FIXA,1,12.74,CONSERVADOR,0.0,TRIBUTADO,0.036,1
synth-cli-0127,firf-2,2026-05-16,2985012.24,MODERADO,MODERADO,10,13.7,1,0.0,0.0,0.816,0.0,0.0,0.0,0.816,1,FUNDOS,2,11.76,CONSERVADOR,0.78,TRIBUTADO,1.0,0
synth-cli-0127,rv-bpac11,2026-04-10,2985012.24,MODERADO,MODERADO,10,13.7,1,0.0,0.0,0.816,0.0,0.0,0.0,0.816,0,RENDA_VARIAVEL,4,19.32,ARROJADO,0.0,ISENTO,0.067,0
synth-cli-0127,rf-isento-0,2026-05-24,2985012.24,MODERADO,MODERADO,10,13.7,1,0.0,0.0,0.816,0.0,0.0,0.0,0.816,0,RENDA_FIXA,1,11.04,CONSERVADOR,0.0,ISENTO,24.0,1
synth-cli-0127,rv-itsa4,2026-02-03,2985012.24,MODERADO,MODERADO,10,13.7,1,0.0,0.0,0.816,0.0,0.0,0.0,0.816,0,RENDA_VARIAVEL,4,15.45,ARROJADO,0.0,TRIBUTADO,0.067,0
synth-cli-0127,fundo-mm-4,2026-03-02,2985012.24,MODERADO,MODERADO,10,13.7,1,0.0,0.0,0.816,0.0,0.0,0.0,0.816,0,FUNDOS,3,12.89,MODERADO,2.27,TRIBUTADO,1.604,0
synth-cli-0128,prev-2,2026-04-14,3737168.5,AGRESSIVO,AGRESSIVO,14,56.9,6,0.0969,0.1764,0.2472,0.0281,0.1663,0.0809,0.2472,0,PREVIDENCIA,2,10.47,MODERADO,0.87,INCENTIVADO,0.167,0
synth-cli-0128,coe-1,2026-03-09,3737168.5,AGRESSIVO,AGRESSIVO,14,56.9,6,0.0969,0.1764,0.2472,0.0281,0.1663,0.0809,0.2472,0,ESTRUTURADOS,5,22.09,ARROJADO,0.0,TRIBUTADO,36.0,1
synth-cli-0128,rf-isento-0,2026-03-14,3737168.5,AGRESSIVO,AGRESSIVO,14,56.9,6,0.0969,0.1764,0.2472,0.0281,0.1663,0.0809,0.2472,0,RENDA_FIXA,1,11.04,CONSERVADOR,0.0,ISENTO,24.0,0
synth-cli-0128,rf-cdb-3,2026-01-04,3737168.5,AGRESSIVO,AGRESSIVO,14,56.9,6,0.0969,0.1764,0.2472,0.0281,0.1663,0.0809,0.2472,0,RENDA_FIXA,1,13.62,CONSERVADOR,0.0,TRIBUTADO,0.042,0
synth-cli-0128,rv-ivvb11,2026-04-08,3737168.5,AGRESSIVO,AGRESSIVO,14,56.9,6,0.0969,0.1764,0.2472,0.0281,0.1663,0.0809,0.2472,0,RENDA_VARIAVEL,4,17.47,ARROJADO,0.0,ISENTO,0.067,1
synth-cli-0128,fundo-mm-3,2026-03-04,3737168.5,AGRESSIVO,AGRESSIVO,14,56.9,6,0.0969,0.1764,0.2472,0.0281,0.1663,0.0809,0.2472,1,FUNDOS,4,16.33,ARROJADO,1.5,TRIBUTADO,1.093,1
synth-cli-0128,fundo-mm-2,2026-04-18,3737168.5,AGRESSIVO,AGRESSIVO,14,56.9,6,0.0969,0.1764,0.2472,0.0281,0.1663,0.0809,0.2472,0,FUNDOS,3,15.29,MODERADO,1.51,TRIBUTADO,1.155,0
synth-cli-0128,firf-2,2026-04-02,3737168.5,AGRESSIVO,AGRESSIVO,14,56.9,6,0.0969,0.1764,0.2472,0.0281,0.1663,0.0809,0.2472,0,FUNDOS,2,11.76,CONSERVADOR,0.78,TRIBUTADO,1.0,0
synth-cli-0128,rf-pub-0,2026-05-27,3737168.5,AGRESSIVO,AGRESSIVO,14,56.9,6,0.0969,0.1764,0.2472,0.0281,0.1663,0.0809,0.2472,0,RENDA_FIXA,1,6.5,CONSERVADOR,0.0,TRIBUTADO,0.033,0
synth-cli-0128,fundo-mm-4,2026-01-25,3737168.5,AGRESSIVO,AGRESSIVO,14,56.9,6,0.0969,0.1764,0.2472,0.0281,0.1663,0.0809,0.2472,0,FUNDOS,3,12.89,MODERADO,2.27,TRIBUTADO,1.604,0
synth-cli-0128,rf-isento-1,2026-05-22,3737168.5,AGRESSIVO,AGRESSIVO,14,56.9,6,0.0969,0.1764,0.2472,0.0281,0.1663,0.0809,0.2472,0,RENDA_FIXA,1,11.3,CONSERVADOR,0.0,ISENTO,24.0,0
synth-cli-0128,rf-pub-2,2026-01-12,3737168.5,AGRESSIVO,AGRESSIVO,14,56.9,6,0.0969,0.1764,0.2472,0.0281,0.1663,0.0809,0.2472,0,RENDA_FIXA,3,13.26,MODERADO,0.0,INCENTIVADO,36.0,0
synth-cli-0128,firf-0,2026-04-28,3737168.5,AGRESSIVO,AGRESSIVO,14,56.9,6,0.0969,0.1764,0.2472,0.0281,0.1663,0.0809,0.2472,0,FUNDOS,2,12.61,CONSERVADOR,0.86,TRIBUTADO,1.0,0
synth-cli-0128,coe-0,2026-04-27,3737168.5,AGRESSIVO,AGRESSIVO,14,56.9,6,0.0969,0.1764,0.2472,0.0281,0.1663,0.0809,0.2472,0,ESTRUTURADOS,5,19.22,ARROJADO,0.0,TRIBUTADO,36.0,1
synth-cli-0128,rf-cdb-2,2026-04-22,3737168.5,AGRESSIVO,AGRESSIVO,14,56.9,6,0.0969,0.1764,0.2472,0.0281,0.1663,0.0809,0.2472,0,RENDA_FIXA,1,13.08,CONSERVADOR,0.0,TRIBUTADO,0.101,0
synth-cli-0128,fundo-mm-0,2026-03-04,3737168.5,AGRESSIVO,AGRESSIVO,14,56.9,6,0.0969,0.1764,0.2472,0.0281,0.1663,0.0809,0.2472,0,FUNDOS,3,14.68,MODERADO,1.33,TRIBUTADO,1.589,1
synth-cli-0128,firf-1,2026-04-26,3737168.5,AGRESSIVO,AGRESSIVO,14,56.9,6,0.0969,0.1764,0.2472,0.0281,0.1663,0.0809,0.2472,0,FUNDOS,2,12.07,CONSERVADOR,0.99,TRIBUTADO,1.0,1
synth-cli-0128,prev-0,2026-03-27,3737168.5,AGRESSIVO,AGRESSIVO,14,56.9,6,0.0969,0.1764,0.2472,0.0281,0.1663,0.0809,0.2472,0,PREVIDENCIA,2,10.09,CONSERVADOR,0.96,INCENTIVADO,0.167,0
synth-cli-0128,rf-isento-2,2026-03-08,3737168.5,AGRESSIVO,AGRESSIVO,14,56.9,6,0.0969,0.1764,0.2472,0.0281,0.1663,0.0809,0.2472,0,RENDA_FIXA,1,11.97,CONSERVADOR,0.0,ISENTO,24.0,0
synth-cli-0128,rv-bpac11,2026-03-25,3737168.5,AGRESSIVO,AGRESSIVO,14,56.9,6,0.0969,0.1764,0.2472,0.0281,0.1663,0.0809,0.2472,0,RENDA_VARIAVEL,4,19.32,ARROJADO,0.0,ISENTO,0.067,1
synth-cli-0129,rf-pub-1,2026-05-18,11537808.76,CONSERVADOR,MODERADO,2,5.9,3,0.4283,0.0,0.0833,0.256,0.0,0.0,0.4283,0,RENDA_FIXA,3,12.55,MODERADO,0.0,INCENTIVADO,36.0,0
synth-cli-0129,firf-1,2026-02-11,11537808.76,CONSERVADOR,MODERADO,2,5.9,3,0.4283,0.0,0.0833,0.256,0.0,0.0,0.4283,0,FUNDOS,2,12.07,CONSERVADOR,0.99,TRIBUTADO,1.0,0
synth-cli-0129,prev-0,2026-01-24,11537808.76,CONSERVADOR,MODERADO,2,5.9,3,0.4283,0.0,0.0833,0.256,0.0,0.0,0.4283,0,PREVIDENCIA,2,10.09,CONSERVADOR,0.96,INCENTIVADO,0.167,0
synth-cli-0129,coe-0,2026-04-11,11537808.76,CONSERVADOR,MODERADO,2,5.9,3,0.4283,0.0,0.0833,0.256,0.0,0.0,0.4283,0,ESTRUTURADOS,5,19.22,ARROJADO,0.0,TRIBUTADO,36.0,0
synth-cli-0129,cambio-0,2026-02-25,11537808.76,CONSERVADOR,MODERADO,2,5.9,3,0.4283,0.0,0.0833,0.256,0.0,0.0,0.4283,0,CAMBIO,4,11.55,ARROJADO,1.87,TRIBUTADO,1.0,0
synth-cli-0129,rv-ivvb11,2026-03-28,11537808.76,CONSERVADOR,MODERADO,2,5.9,3,0.4283,0.0,0.0833,0.256,0.0,0.0,0.4283,0,RENDA_VARIAVEL,4,17.47,ARROJADO,0.0,ISENTO,0.067,0
synth-cli-0129,rf-isento-2,2026-03-11,11537808.76,CONSERVADOR,MODERADO,2,5.9,3,0.4283,0.0,0.0833,0.256,0.0,0.0,0.4283,0,RENDA_FIXA,1,11.97,CONSERVADOR,0.0,ISENTO,24.0,1
synth-cli-0129,rv-knri11,2026-03-25,11537808.76,CONSERVADOR,MODERADO,2,5.9,3,0.4283,0.0,0.0833,0.256,0.0,0.0,0.4283,0,RENDA_VARIAVEL,3,11.32,MODERADO,0.0,ISENTO,0.067,0
synth-cli-0129,fundo-mm-1,2026-02-11,11537808.76,CONSERVADOR,MODERADO,2,5.9,3,0.4283,0.0,0.0833,0.256,0.0,0.0,0.4283,0,FUNDOS,4,15.74,ARROJADO,1.01,TRIBUTADO,1.806,0
synth-cli-0129,fundo-mm-0,2026-02-19,11537808.76,CONSERVADOR,MODERADO,2,5.9,3,0.4283,0.0,0.0833,0.256,0.0,0.0,0.4283,0,FUNDOS,3,14.68,MODERADO,1.33,TRIBUTADO,1.589,0
synth-cli-0129,rf-pub-0,2026-03-25,11537808.76,CONSERVADOR,MODERADO,2,5.9,3,0.4283,0.0,0.0833,0.256,0.0,0.0,0.4283,0,RENDA_FIXA,1,6.5,CONSERVADOR,0.0,TRIBUTADO,0.033,0
synth-cli-0129,fundo-mm-4,2026-02-13,11537808.76,CONSERVADOR,MODERADO,2,5.9,3,0.4283,0.0,0.0833,0.256,0.0,0.0,0.4283,0,FUNDOS,3,12.89,MODERADO,2.27,TRIBUTADO,1.604,0
synth-cli-0129,rf-cdb-2,2026-01-07,11537808.76,CONSERVADOR,MODERADO,2,5.9,3,0.4283,0.0,0.0833,0.256,0.0,0.0,0.4283,0,RENDA_FIXA,1,13.08,CONSERVADOR,0.0,TRIBUTADO,0.101,1
synth-cli-0130,rf-cdb-2,2026-03-20,801168.23,CONSERVADOR,CONSERVADOR,2,7.2,3,0.3749,0.0,0.1664,0.2814,0.0,0.0,0.3749,0,RENDA_FIXA,1,13.08,CONSERVADOR,0.0,TRIBUTADO,0.101,1
synth-cli-0130,rv-btlg11,2026-01-11,801168.23,CONSERVADOR,CONSERVADOR,2,7.2,3,0.3749,0.0,0.1664,0.2814,0.0,0.0,0.3749,0,RENDA_VARIAVEL,3,11.31,MODERADO,0.0,ISENTO,0.067,0
synth-cli-0130,rv-bpac11,2026-04-27,801168.23,CONSERVADOR,CONSERVADOR,2,7.2,3,0.3749,0.0,0.1664,0.2814,0.0,0.0,0.3749,0,RENDA_VARIAVEL,4,19.32,ARROJADO,0.0,ISENTO,0.067,1
synth-cli-0130,rv-itsa4,2026-05-05,801168.23,CONSERVADOR,CONSERVADOR,2,7.2,3,0.3749,0.0,0.1664,0.2814,0.0,0.0,0.3749,0,RENDA_VARIAVEL,4,15.45,ARROJADO,0.0,TRIBUTADO,0.067,0
synth-cli-0130,fundo-mm-1,2026-03-01,801168.23,CONSERVADOR,CONSERVADOR,2,7.2,3,0.3749,0.0,0.1664,0.2814,0.0,0.0,0.3749,0,FUNDOS,4,15.74,ARROJADO,1.01,TRIBUTADO,1.806,0
synth-cli-0130,rf-isento-0,2026-02-08,801168.23,CONSERVADOR,CONSERVADOR,2,7.2,3,0.3749,0.0,0.1664,0.2814,0.0,0.0,0.3749,0,RENDA_FIXA,1,11.04,CONSERVADOR,0.0,ISENTO,24.0,1
synth-cli-0130,rf-cdb-4,2026-02-01,801168.23,CONSERVADOR,CONSERVADOR,2,7.2,3,0.3749,0.0,0.1664,0.2814,0.0,0.0,0.3749,0,RENDA_FIXA,1,11.98,CONSERVADOR,0.0,TRIBUTADO,0.036,0
synth-cli-0130,cambio-0,2026-01-28,801168.23,CONSERVADOR,CONSERVADOR,2,7.2,3,0.3749,0.0,0.1664,0.2814,0.0,0.0,0.3749,0,CAMBIO,4,11.55,ARROJADO,1.87,TRIBUTADO,1.0,0
synth-cli-0130,rf-isento-2,2026-04-14,801168.23,CONSERVADOR,CONSERVADOR,2,7.2,3,0.3749,0.0,0.1664,0.2814,0.0,0.0,0.3749,1,RENDA_FIXA,1,11.97,CONSERVADOR,0.0,ISENTO,24.0,0
synth-cli-0130,firf-1,2026-05-07,801168.23,CONSERVADOR,CONSERVADOR,2,7.2,3,0.3749,0.0,0.1664,0.2814,0.0,0.0,0.3749,0,FUNDOS,2,12.07,CONSERVADOR,0.99,TRIBUTADO,1.0,0
synth-cli-0131,rf-pub-0,2026-02-26,326374.25,CONSERVADOR,CONSERVADOR,5,3.0,3,0.5846,0.0,0.115,0.2536,0.0,0.0,0.5846,0,RENDA_FIXA,1,6.5,CONSERVADOR,0.0,TRIBUTADO,0.033,0
synth-cli-0131,coe-0,2026-02-04,326374.25,CONSERVADOR,CONSERVADOR,5,3.0,3,0.5846,0.0,0.115,0.2536,0.0,0.0,0.5846,0,ESTRUTURADOS,5,19.22,ARROJADO,0.0,TRIBUTADO,36.0,0
synth-cli-0131,firf-0,2026-05-23,326374.25,CONSERVADOR,CONSERVADOR,5,3.0,3,0.5846,0.0,0.115,0.2536,0.0,0.0,0.5846,0,FUNDOS,2,12.61,CONSERVADOR,0.86,TRIBUTADO,1.0,1
synth-cli-0131,firf-2,2026-03-04,326374.25,CONSERVADOR,CONSERVADOR,5,3.0,3,0.5846,0.0,0.115,0.2536,0.0,0.0,0.5846,0,FUNDOS,2,11.76,CONSERVADOR,0.78,TRIBUTADO,1.0,0
synth-cli-0131,fundo-mm-1,2026-05-08,326374.25,CONSERVADOR,CONSERVADOR,5,3.0,3,0.5846,0.0,0.115,0.2536,0.0,0.0,0.5846,0,FUNDOS,4,15.74,ARROJADO,1.01,TRIBUTADO,1.806,0
synth-cli-0131,rv-ivvb11,2026-05-27,326374.25,CONSERVADOR,CONSERVADOR,5,3.0,3,0.5846,0.0,0.115,0.2536,0.0,0.0,0.5846,0,RENDA_VARIAVEL,4,17.47,ARROJADO,0.0,ISENTO,0.067,0
synth-cli-0131,cambio-0,2026-04-09,326374.25,CONSERVADOR,CONSERVADOR,5,3.0,3,0.5846,0.0,0.115,0.2536,0.0,0.0,0.5846,0,CAMBIO,4,11.55,ARROJADO,1.87,TRIBUTADO,1.0,1
synth-cli-0131,prev-2,2026-01-15,326374.25,CONSERVADOR,CONSERVADOR,5,3.0,3,0.5846,0.0,0.115,0.2536,0.0,0.0,0.5846,0,PREVIDENCIA,2,10.47,MODERADO,0.87,INCENTIVADO,0.167,0
synth-cli-0131,rf-isento-0,2026-04-19,326374.25,CONSERVADOR,CONSERVADOR,5,3.0,3,0.5846,0.0,0.115,0.2536,0.0,0.0,0.5846,0,RENDA_FIXA,1,11.04,CONSERVADOR,0.0,ISENTO,24.0,0
synth-cli-0131,fundo-mm-0,2026-02-01,326374.25,CONSERVADOR,CONSERVADOR,5,3.0,3,0.5846,0.0,0.115,0.2536,0.0,0.0,0.5846,0,FUNDOS,3,14.68,MODERADO,1.33,TRIBUTADO,1.589,0
synth-cli-0131,rv-btlg11,2026-05-21,326374.25,CONSERVADOR,CONSERVADOR,5,3.0,3,0.5846,0.0,0.115,0.2536,0.0,0.0,0.5846,0,RENDA_VARIAVEL,3,11.31,MODERADO,0.0,ISENTO,0.067,0
synth-cli-0131,fundo-mm-2,2026-03-16,326374.25,CONSERVADOR,CONSERVADOR,5,3.0,3,0.5846,0.0,0.115,0.2536,0.0,0.0,0.5846,0,FUNDOS,3,15.29,MODERADO,1.51,TRIBUTADO,1.155,0
synth-cli-0131,rv-itsa4,2026-02-03,326374.25,CONSERVADOR,CONSERVADOR,5,3.0,3,0.5846,0.0,0.115,0.2536,0.0,0.0,0.5846,0,RENDA_VARIAVEL,4,15.45,ARROJADO,0.0,TRIBUTADO,0.067,0
synth-cli-0131,prev-0,2026-01-24,326374.25,CONSERVADOR,CONSERVADOR,5,3.0,3,0.5846,0.0,0.115,0.2536,0.0,0.0,0.5846,0,PREVIDENCIA,2,10.09,CONSERVADOR,0.96,INCENTIVADO,0.167,0
synth-cli-0131,rf-pub-2,2026-03-24,326374.25,CONSERVADOR,CONSERVADOR,5,3.0,3,0.5846,0.0,0.115,0.2536,0.0,0.0,0.5846,0,RENDA_FIXA,3,13.26,MODERADO,0.0,INCENTIVADO,36.0,0
synth-cli-0131,rf-isento-2,2026-05-16,326374.25,CONSERVADOR,CONSERVADOR,5,3.0,3,0.5846,0.0,0.115,0.2536,0.0,0.0,0.5846,0,RENDA_FIXA,1,11.97,CONSERVADOR,0.0,ISENTO,24.0,0
synth-cli-0131,prev-1,2026-02-13,326374.25,CONSERVADOR,CONSERVADOR,5,3.0,3,0.5846,0.0,0.115,0.2536,0.0,0.0,0.5846,0,PREVIDENCIA,3,10.58,MODERADO,0.86,INCENTIVADO,0.167,0
synth-cli-0131,cambio-1,2026-04-10,326374.25,CONSERVADOR,CONSERVADOR,5,3.0,3,0.5846,0.0,0.115,0.2536,0.0,0.0,0.5846,0,CAMBIO,4,10.47,ARROJADO,1.77,TRIBUTADO,1.0,0
synth-cli-0131,rf-cdb-1,2026-03-11,326374.25,CONSERVADOR,CONSERVADOR,5,3.0,3,0.5846,0.0,0.115,0.2536,0.0,0.0,0.5846,0,RENDA_FIXA,1,11.46,CONSERVADOR,0.0,TRIBUTADO,0.056,0
synth-cli-0131,firf-1,2026-05-14,326374.25,CONSERVADOR,CONSERVADOR,5,3.0,3,0.5846,0.0,0.115,0.2536,0.0,0.0,0.5846,0,FUNDOS,2,12.07,CONSERVADOR,0.99,TRIBUTADO,1.0,0
synth-cli-0131,rf-cdb-2,2026-05-22,326374.25,CONSERVADOR,CONSERVADOR,5,3.0,3,0.5846,0.0,0.115,0.2536,0.0,0.0,0.5846,0,RENDA_FIXA,1,13.08,CONSERVADOR,0.0,TRIBUTADO,0.101,0
synth-cli-0132,coe-0,2026-02-27,425653.83,MODERADO,MODERADO,6,10.4,4,0.364,0.0565,0.1942,0.0675,0.0,0.0,0.364,0,ESTRUTURADOS,5,19.22,ARROJADO,0.0,TRIBUTADO,36.0,0
synth-cli-0132,rf-cdb-0,2026-01-11,425653.83,MODERADO,MODERADO,6,10.4,4,0.364,0.0565,0.1942,0.0675,0.0,0.0,0.364,0,RENDA_FIXA,1,12.74,CONSERVADOR,0.0,TRIBUTADO,0.036,1
synth-cli-0132,rv-bpac11,2026-04-19,425653.83,MODERADO,MODERADO,6,10.4,4,0.364,0.0565,0.1942,0.0675,0.0,0.0,0.364,0,RENDA_VARIAVEL,4,19.32,ARROJADO,0.0,ISENTO,0.067,0
synth-cli-0132,rf-cdb-1,2026-04-26,425653.83,MODERADO,MODERADO,6,10.4,4,0.364,0.0565,0.1942,0.0675,0.0,0.0,0.364,0,RENDA_FIXA,1,11.46,CONSERVADOR,0.0,TRIBUTADO,0.056,0
synth-cli-0132,rv-btlg11,2026-04-05,425653.83,MODERADO,MODERADO,6,10.4,4,0.364,0.0565,0.1942,0.0675,0.0,0.0,0.364,0,RENDA_VARIAVEL,3,11.31,MODERADO,0.0,ISENTO,0.067,0
synth-cli-0132,prev-0,2026-02-23,425653.83,MODERADO,MODERADO,6,10.4,4,0.364,0.0565,0.1942,0.0675,0.0,0.0,0.364,0,PREVIDENCIA,2,10.09,CONSERVADOR,0.96,INCENTIVADO,0.167,1
synth-cli-0132,fundo-mm-0,2026-03-16,425653.83,MODERADO,MODERADO,6,10.4,4,0.364,0.0565,0.1942,0.0675,0.0,0.0,0.364,0,FUNDOS,3,14.68,MODERADO,1.33,TRIBUTADO,1.589,0
synth-cli-0132,firf-2,2026-03-13,425653.83,MODERADO,MODERADO,6,10.4,4,0.364,0.0565,0.1942,0.0675,0.0,0.0,0.364,0,FUNDOS,2,11.76,CONSERVADOR,0.78,TRIBUTADO,1.0,1
synth-cli-0132,rf-cdb-3,2026-01-11,425653.83,MODERADO,MODERADO,6,10.4,4,0.364,0.0565,0.1942,0.0675,0.0,0.0,0.364,0,RENDA_FIXA,1,13.62,CONSERVADOR,0.0,TRIBUTADO,0.042,0
synth-cli-0132,rf-cdb-2,2026-01-17,425653.83,MODERADO,MODERADO,6,10.4,4,0.364,0.0565,0.1942,0.0675,0.0,0.0,0.364,0,RENDA_FIXA,1,13.08,CONSERVADOR,0.0,TRIBUTADO,0.101,1
synth-cli-0132,coe-1,2026-05-02,425653.83,MODERADO,MODERADO,6,10.4,4,0.364,0.0565,0.1942,0.0675,0.0,0.0,0.364,0,ESTRUTURADOS,5,22.09,ARROJADO,0.0,TRIBUTADO,36.0,0
synth-cli-0132,rv-itsa4,2026-01-22,425653.83,MODERADO,MODERADO,6,10.4,4,0.364,0.0565,0.1942,0.0675,0.0,0.0,0.364,0,RENDA_VARIAVEL,4,15.45,ARROJADO,0.0,TRIBUTADO,0.067,1
synth-cli-0132,firf-0,2026-05-01,425653.83,MODERADO,MODERADO,6,10.4,4,0.364,0.0565,0.1942,0.0675,0.0,0.0,0.364,0,FUNDOS,2,12.61,CONSERVADOR,0.86,TRIBUTADO,1.0,0
synth-cli-0132,fundo-mm-2,2026-04-10,425653.83,MODERADO,MODERADO,6,10.4,4,0.364,0.0565,0.1942,0.0675,0.0,0.0,0.364,0,FUNDOS,3,15.29,MODERADO,1.51,TRIBUTADO,1.155,0
synth-cli-0132,rf-pub-0,2026-05-19,425653.83,MODERADO,MODERADO,6,10.4,4,0.364,0.0565,0.1942,0.0675,0.0,0.0,0.364,0,RENDA_FIXA,1,6.5,CONSERVADOR,0.0,TRIBUTADO,0.033,1
synth-cli-0132,rf-pub-1,2026-01-06,425653.83,MODERADO,MODERADO,6,10.4,4,0.364,0.0565,0.1942,0.0675,0.0,0.0,0.364,1,RENDA_FIXA,3,12.55,MODERADO,0.0,INCENTIVADO,36.0,0
synth-cli-0132,prev-2,2026-02-12,425653.83,MODERADO,MODERADO,6,10.4,4,0.364,0.0565,0.1942,0.0675,0.0,0.0,0.364,0,PREVIDENCIA,2,10.47,MODERADO,0.87,INCENTIVADO,0.167,1
synth-cli-0132,rf-isento-1,2026-02-20,425653.83,MODERADO,MODERADO,6,10.4,4,0.364,0.0565,0.1942,0.0675,0.0,0.0,0.364,0,RENDA_FIXA,1,11.3,CONSERVADOR,0.0,ISENTO,24.0,1
synth-cli-0133,firf-2,2026-01-16,6921377.53,ARROJADO,ARROJADO,6,31.4,2,0.0,0.6992,0.0,0.0644,0.0,0.0,0.6992,0,FUNDOS,2,11.76,CONSERVADOR,0.78,TRIBUTADO,1.0,1
synth-cli-0133,rf-pub-0,2026-02-20,6921377.53,ARROJADO,ARROJADO,6,31.4,2,0.0,0.6992,0.0,0.0644,0.0,0.0,0.6992,0,RENDA_FIXA,1,6.5,CONSERVADOR,0.0,TRIBUTADO,0.033,1
synth-cli-0133,coe-1,2026-04-22,6921377.53,ARROJADO,ARROJADO,6,31.4,2,0.0,0.6992,0.0,0.0644,0.0,0.0,0.6992,0,ESTRUTURADOS,5,22.09,ARROJADO,0.0,TRIBUTADO,36.0,0
synth-cli-0133,fundo-mm-3,2026-01-22,6921377.53,ARROJADO,ARROJADO,6,31.4,2,0.0,0.6992,0.0,0.0644,0.0,0.0,0.6992,0,FUNDOS,4,16.33,ARROJADO,1.5,TRIBUTADO,1.093,1
synth-cli-0133,rv-btlg11,2026-03-08,6921377.53,ARROJADO,ARROJADO,6,31.4,2,0.0,0.6992,0.0,0.0644,0.0,0.0,0.6992,0,RENDA_VARIAVEL,3,11.31,MODERADO,0.0,ISENTO,0.067,1
synth-cli-0133,prev-0,2026-02-26,6921377.53,ARROJADO,ARROJADO,6,31.4,2,0.0,0.6992,0.0,0.0644,0.0,0.0,0.6992,0,PREVIDENCIA,2,10.09,CONSERVADOR,0.96,INCENTIVADO,0.167,0
synth-cli-0133,cambio-0,2026-03-02,6921377.53,ARROJADO,ARROJADO,6,31.4,2,0.0,0.6992,0.0,0.0644,0.0,0.0,0.6992,0,CAMBIO,4,11.55,ARROJADO,1.87,TRIBUTADO,1.0,1
synth-cli-0133,firf-0,2026-05-04,6921377.53,ARROJADO,ARROJADO,6,31.4,2,0.0,0.6992,0.0,0.0644,0.0,0.0,0.6992,0,FUNDOS,2,12.61,CONSERVADOR,0.86,TRIBUTADO,1.0,0
synth-cli-0133,rf-cdb-4,2026-01-22,6921377.53,ARROJADO,ARROJADO,6,31.4,2,0.0,0.6992,0.0,0.0644,0.0,0.0,0.6992,0,RENDA_FIXA,1,11.98,CONSERVADOR,0.0,TRIBUTADO,0.036,0
synth-cli-0133,coe-0,2026-05-19,6921377.53,ARROJADO,ARROJADO,6,31.4,2,0.0,0.6992,0.0,0.0644,0.0,0.0,0.6992,0,ESTRUTURADOS,5,19.22,ARROJADO,0.0,TRIBUTADO,36.0,0
synth-cli-0133,rf-cdb-0,2026-05-21,6921377.53,ARROJADO,ARROJADO,6,31.4,2,0.0,0.6992,0.0,0.0644,0.0,0.0,0.6992,0,RENDA_FIXA,1,12.74,CONSERVADOR,0.0,TRIBUTADO,0.036,1
synth-cli-0133,rv-bpac11,2026-03-05,6921377.53,ARROJADO,ARROJADO,6,31.4,2,0.0,0.6992,0.0,0.0644,0.0,0.0,0.6992,0,RENDA_VARIAVEL,4,19.32,ARROJADO,0.0,ISENTO,0.067,1
synth-cli-0133,rf-cdb-1,2026-04-13,6921377.53,ARROJADO,ARROJADO,6,31.4,2,0.0,0.6992,0.0,0.0644,0.0,0.0,0.6992,0,RENDA_FIXA,1,11.46,CONSERVADOR,0.0,TRIBUTADO,0.056,0
synth-cli-0133,firf-1,2026-01-16,6921377.53,ARROJADO,ARROJADO,6,31.4,2,0.0,0.6992,0.0,0.0644,0.0,0.0,0.6992,0,FUNDOS,2,12.07,CONSERVADOR,0.99,TRIBUTADO,1.0,1
synth-cli-0133,rf-cdb-3,2026-05-13,6921377.53,ARROJADO,ARROJADO,6,31.4,2,0.0,0.6992,0.0,0.0644,0.0,0.0,0.6992,0,RENDA_FIXA,1,13.62,CONSERVADOR,0.0,TRIBUTADO,0.042,1
synth-cli-0133,rf-isento-1,2026-03-25,6921377.53,ARROJADO,ARROJADO,6,31.4,2,0.0,0.6992,0.0,0.0644,0.0,0.0,0.6992,0,RENDA_FIXA,1,11.3,CONSERVADOR,0.0,ISENTO,24.0,1
synth-cli-0133,rv-itsa4,2026-02-03,6921377.53,ARROJADO,ARROJADO,6,31.4,2,0.0,0.6992,0.0,0.0644,0.0,0.0,0.6992,0,RENDA_VARIAVEL,4,15.45,ARROJADO,0.0,TRIBUTADO,0.067,0
synth-cli-0133,prev-2,2026-05-24,6921377.53,ARROJADO,ARROJADO,6,31.4,2,0.0,0.6992,0.0,0.0644,0.0,0.0,0.6992,0,PREVIDENCIA,2,10.47,MODERADO,0.87,INCENTIVADO,0.167,1
synth-cli-0133,cambio-1,2026-01-18,6921377.53,ARROJADO,ARROJADO,6,31.4,2,0.0,0.6992,0.0,0.0644,0.0,0.0,0.6992,0,CAMBIO,4,10.47,ARROJADO,1.77,TRIBUTADO,1.0,0
synth-cli-0134,rf-cdb-1,2026-05-17,446092.74,CONSERVADOR,MODERADO,4,5.7,3,0.5974,0.0,0.1184,0.2117,0.0,0.0,0.5974,1,RENDA_FIXA,1,11.46,CONSERVADOR,0.0,TRIBUTADO,0.056,0
synth-cli-0134,rf-isento-1,2026-05-12,446092.74,CONSERVADOR,MODERADO,4,5.7,3,0.5974,0.0,0.1184,0.2117,0.0,0.0,0.5974,1,RENDA_FIXA,1,11.3,CONSERVADOR,0.0,ISENTO,24.0,0
synth-cli-0134,fundo-mm-1,2026-01-07,446092.74,CONSERVADOR,MODERADO,4,5.7,3,0.5974,0.0,0.1184,0.2117,0.0,0.0,0.5974,0,FUNDOS,4,15.74,ARROJADO,1.01,TRIBUTADO,1.806,0
synth-cli-0134,rf-pub-1,2026-02-08,446092.74,CONSERVADOR,MODERADO,4,5.7,3,0.5974,0.0,0.1184,0.2117,0.0,0.0,0.5974,0,RENDA_FIXA,3,12.55,MODERADO,0.0,INCENTIVADO,36.0,0
synth-cli-0134,fundo-mm-0,2026-01-23,446092.74,CONSERVADOR,MODERADO,4,5.7,3,0.5974,0.0,0.1184,0.2117,0.0,0.0,0.5974,0,FUNDOS,3,14.68,MODERADO,1.33,TRIBUTADO,1.589,0
synth-cli-0134,firf-1,2026-02-19,446092.74,CONSERVADOR,MODERADO,4,5.7,3,0.5974,0.0,0.1184,0.2117,0.0,0.0,0.5974,0,FUNDOS,2,12.07,CONSERVADOR,0.99,TRIBUTADO,1.0,0
synth-cli-0134,cambio-1,2026-01-02,446092.74,CONSERVADOR,MODERADO,4,5.7,3,0.5974,0.0,0.1184,0.2117,0.0,0.0,0.5974,0,CAMBIO,4,10.47,ARROJADO,1.77,TRIBUTADO,1.0,0
synth-cli-0134,rv-itsa4,2026-02-23,446092.74,CONSERVADOR,MODERADO,4,5.7,3,0.5974,0.0,0.1184,0.2117,0.0,0.0,0.5974,0,RENDA_VARIAVEL,4,15.45,ARROJADO,0.0,TRIBUTADO,0.067,0
synth-cli-0135,cambio-0,2026-02-20,4784959.6,ARROJADO,ARROJADO,15,22.9,5,0.1739,0.3087,0.292,0.0,0.1105,0.053,0.3087,0,CAMBIO,4,11.55,ARROJADO,1.87,TRIBUTADO,1.0,0
synth-cli-0135,rf-isento-1,2026-03-14,4784959.6,ARROJADO,ARROJADO,15,22.9,5,0.1739,0.3087,0.292,0.0,0.1105,0.053,0.3087,0,RENDA_FIXA,1,11.3,CONSERVADOR,0.0,ISENTO,24.0,1
synth-cli-0135,rf-cdb-0,2026-03-07,4784959.6,ARROJADO,ARROJADO,15,22.9,5,0.1739,0.3087,0.292,0.0,0.1105,0.053,0.3087,0,RENDA_FIXA,1,12.74,CONSERVADOR,0.0,TRIBUTADO,0.036,0
synth-cli-0135,rf-pub-2,2026-03-14,4784959.6,ARROJADO,ARROJADO,15,22.9,5,0.1739,0.3087,0.292,0.0,0.1105,0.053,0.3087,0,RENDA_FIXA,3,13.26,MODERADO,0.0,INCENTIVADO,36.0,0
synth-cli-0135,rv-itsa4,2026-04-27,4784959.6,ARROJADO,ARROJADO,15,22.9,5,0.1739,0.3087,0.292,0.0,0.1105,0.053,0.3087,1,RENDA_VARIAVEL,4,15.45,ARROJADO,0.0,TRIBUTADO,0.067,0
synth-cli-0135,rf-isento-2,2026-04-09,4784959.6,ARROJADO,ARROJADO,15,22.9,5,0.1739,0.3087,0.292,0.0,0.1105,0.053,0.3087,0,RENDA_FIXA,1,11.97,CONSERVADOR,0.0,ISENTO,24.0,0
synth-cli-0135,rf-pub-0,2026-04-02,4784959.6,ARROJADO,ARROJADO,15,22.9,5,0.1739,0.3087,0.292,0.0,0.1105,0.053,0.3087,0,RENDA_FIXA,1,6.5,CONSERVADOR,0.0,TRIBUTADO,0.033,0
synth-cli-0135,fundo-mm-1,2026-04-05,4784959.6,ARROJADO,ARROJADO,15,22.9,5,0.1739,0.3087,0.292,0.0,0.1105,0.053,0.3087,0,FUNDOS,4,15.74,ARROJADO,1.01,TRIBUTADO,1.806,0
synth-cli-0135,coe-0,2026-02-03,4784959.6,ARROJADO,ARROJADO,15,22.9,5,0.1739,0.3087,0.292,0.0,0.1105,0.053,0.3087,0,ESTRUTURADOS,5,19.22,ARROJADO,0.0,TRIBUTADO,36.0,0
synth-cli-0135,fundo-mm-0,2026-04-03,4784959.6,ARROJADO,ARROJADO,15,22.9,5,0.1739,0.3087,0.292,0.0,0.1105,0.053,0.3087,0,FUNDOS,3,14.68,MODERADO,1.33,TRIBUTADO,1.589,0
synth-cli-0135,rv-knri11,2026-03-06,4784959.6,ARROJADO,ARROJADO,15,22.9,5,0.1739,0.3087,0.292,0.0,0.1105,0.053,0.3087,0,RENDA_VARIAVEL,3,11.32,MODERADO,0.0,ISENTO,0.067,1
synth-cli-0136,cambio-1,2026-04-07,1132203.46,CONSERVADOR,CONSERVADOR,4,7.5,3,0.5276,0.0,0.1101,0.2143,0.0,0.0,0.5276,0,CAMBIO,4,10.47,ARROJADO,1.77,TRIBUTADO,1.0,0
synth-cli-0136,rv-itsa4,2026-01-16,1132203.46,CONSERVADOR,CONSERVADOR,4,7.5,3,0.5276,0.0,0.1101,0.2143,0.0,0.0,0.5276,0,RENDA_VARIAVEL,4,15.45,ARROJADO,0.0,TRIBUTADO,0.067,0
synth-cli-0136,rv-btlg11,2026-01-08,1132203.46,CONSERVADOR,CONSERVADOR,4,7.5,3,0.5276,0.0,0.1101,0.2143,0.0,0.0,0.5276,0,RENDA_VARIAVEL,3,11.31,MODERADO,0.0,ISENTO,0.067,0
synth-cli-0136,coe-1,2026-04-06,1132203.46,CONSERVADOR,CONSERVADOR,4,7.5,3,0.5276,0.0,0.1101,0.2143,0.0,0.0,0.5276,0,ESTRUTURADOS,5,22.09,ARROJADO,0.0,TRIBUTADO,36.0,0
synth-cli-0136,fundo-mm-1,2026-01-08,1132203.46,CONSERVADOR,CONSERVADOR,4,7.5,3,0.5276,0.0,0.1101,0.2143,0.0,0.0,0.5276,0,FUNDOS,4,15.74,ARROJADO,1.01,TRIBUTADO,1.806,0
synth-cli-0136,rf-isento-1,2026-04-20,1132203.46,CONSERVADOR,CONSERVADOR,4,7.5,3,0.5276,0.0,0.1101,0.2143,0.0,0.0,0.5276,0,RENDA_FIXA,1,11.3,CONSERVADOR,0.0,ISENTO,24.0,0
synth-cli-0136,firf-1,2026-05-25,1132203.46,CONSERVADOR,CONSERVADOR,4,7.5,3,0.5276,0.0,0.1101,0.2143,0.0,0.0,0.5276,0,FUNDOS,2,12.07,CONSERVADOR,0.99,TRIBUTADO,1.0,0
synth-cli-0136,prev-1,2026-02-24,1132203.46,CONSERVADOR,CONSERVADOR,4,7.5,3,0.5276,0.0,0.1101,0.2143,0.0,0.0,0.5276,0,PREVIDENCIA,3,10.58,MODERADO,0.86,INCENTIVADO,0.167,1
synth-cli-0136,rv-knri11,2026-05-01,1132203.46,CONSERVADOR,CONSERVADOR,4,7.5,3,0.5276,0.0,0.1101,0.2143,0.0,0.0,0.5276,0,RENDA_VARIAVEL,3,11.32,MODERADO,0.0,ISENTO,0.067,0
synth-cli-0136,firf-2,2026-02-12,1132203.46,CONSERVADOR,CONSERVADOR,4,7.5,3,0.5276,0.0,0.1101,0.2143,0.0,0.0,0.5276,0,FUNDOS,2,11.76,CONSERVADOR,0.78,TRIBUTADO,1.0,0
synth-cli-0136,rf-isento-0,2026-01-13,1132203.46,CONSERVADOR,CONSERVADOR,4,7.5,3,0.5276,0.0,0.1101,0.2143,0.0,0.0,0.5276,1,RENDA_FIXA,1,11.04,CONSERVADOR,0.0,ISENTO,24.0,0
synth-cli-0136,rf-cdb-3,2026-03-17,1132203.46,CONSERVADOR,CONSERVADOR,4,7.5,3,0.5276,0.0,0.1101,0.2143,0.0,0.0,0.5276,0,RENDA_FIXA,1,13.62,CONSERVADOR,0.0,TRIBUTADO,0.042,1
synth-cli-0136,rv-bpac11,2026-02-21,1132203.46,CONSERVADOR,CONSERVADOR,4,7.5,3,0.5276,0.0,0.1101,0.2143,0.0,0.0,0.5276,0,RENDA_VARIAVEL,4,19.32,ARROJADO,0.0,ISENTO,0.067,0
synth-cli-0136,prev-2,2026-04-01,1132203.46,CONSERVADOR,CONSERVADOR,4,7.5,3,0.5276,0.0,0.1101,0.2143,0.0,0.0,0.5276,0,PREVIDENCIA,2,10.47,MODERADO,0.87,INCENTIVADO,0.167,0
synth-cli-0136,rf-pub-1,2026-01-27,1132203.46,CONSERVADOR,CONSERVADOR,4,7.5,3,0.5276,0.0,0.1101,0.2143,0.0,0.0,0.5276,0,RENDA_FIXA,3,12.55,MODERADO,0.0,INCENTIVADO,36.0,0
synth-cli-0136,rf-cdb-2,2026-05-10,1132203.46,CONSERVADOR,CONSERVADOR,4,7.5,3,0.5276,0.0,0.1101,0.2143,0.0,0.0,0.5276,1,RENDA_FIXA,1,13.08,CONSERVADOR,0.0,TRIBUTADO,0.101,0
synth-cli-0137,rf-pub-0,2026-01-19,4283439.86,CONSERVADOR,CONSERVADOR,5,4.4,3,0.6663,0.0,0.0886,0.2063,0.0,0.0,0.6663,0,RENDA_FIXA,1,6.5,CONSERVADOR,0.0,TRIBUTADO,0.033,0
synth-cli-0137,rf-cdb-4,2026-01-21,4283439.86,CONSERVADOR,CONSERVADOR,5,4.4,3,0.6663,0.0,0.0886,0.2063,0.0,0.0,0.6663,0,RENDA_FIXA,1,11.98,CONSERVADOR,0.0,TRIBUTADO,0.036,1
synth-cli-0137,firf-1,2026-04-19,4283439.86,CONSERVADOR,CONSERVADOR,5,4.4,3,0.6663,0.0,0.0886,0.2063,0.0,0.0,0.6663,0,FUNDOS,2,12.07,CONSERVADOR,0.99,TRIBUTADO,1.0,0
synth-cli-0137,rf-isento-2,2026-03-22,4283439.86,CONSERVADOR,CONSERVADOR,5,4.4,3,0.6663,0.0,0.0886,0.2063,0.0,0.0,0.6663,1,RENDA_FIXA,1,11.97,CONSERVADOR,0.0,ISENTO,24.0,0
synth-cli-0137,rf-cdb-1,2026-04-20,4283439.86,CONSERVADOR,CONSERVADOR,5,4.4,3,0.6663,0.0,0.0886,0.2063,0.0,0.0,0.6663,0,RENDA_FIXA,1,11.46,CONSERVADOR,0.0,TRIBUTADO,0.056,0
synth-cli-0137,rf-cdb-3,2026-04-16,4283439.86,CONSERVADOR,CONSERVADOR,5,4.4,3,0.6663,0.0,0.0886,0.2063,0.0,0.0,0.6663,1,RENDA_FIXA,1,13.62,CONSERVADOR,0.0,TRIBUTADO,0.042,0
synth-cli-0137,rv-itsa4,2026-02-15,4283439.86,CONSERVADOR,CONSERVADOR,5,4.4,3,0.6663,0.0,0.0886,0.2063,0.0,0.0,0.6663,0,RENDA_VARIAVEL,4,15.45,ARROJADO,0.0,TRIBUTADO,0.067,0
synth-cli-0137,rf-cdb-2,2026-03-08,4283439.86,CONSERVADOR,CONSERVADOR,5,4.4,3,0.6663,0.0,0.0886,0.2063,0.0,0.0,0.6663,0,RENDA_FIXA,1,13.08,CONSERVADOR,0.0,TRIBUTADO,0.101,0
synth-cli-0137,fundo-mm-2,2026-02-13,4283439.86,CONSERVADOR,CONSERVADOR,5,4.4,3,0.6663,0.0,0.0886,0.2063,0.0,0.0,0.6663,0,FUNDOS,3,15.29,MODERADO,1.51,TRIBUTADO,1.155,0
synth-cli-0137,firf-0,2026-02-12,4283439.86,CONSERVADOR,CONSERVADOR,5,4.4,3,0.6663,0.0,0.0886,0.2063,0.0,0.0,0.6663,0,FUNDOS,2,12.61,CONSERVADOR,0.86,TRIBUTADO,1.0,1
synth-cli-0137,coe-1,2026-04-26,4283439.86,CONSERVADOR,CONSERVADOR,5,4.4,3,0.6663,0.0,0.0886,0.2063,0.0,0.0,0.6663,0,ESTRUTURADOS,5,22.09,ARROJADO,0.0,TRIBUTADO,36.0,0
synth-cli-0137,rf-cdb-0,2026-05-28,4283439.86,CONSERVADOR,CONSERVADOR,5,4.4,3,0.6663,0.0,0.0886,0.2063,0.0,0.0,0.6663,0,RENDA_FIXA,1,12.74,CONSERVADOR,0.0,TRIBUTADO,0.036,1
synth-cli-0137,cambio-1,2026-04-05,4283439.86,CONSERVADOR,CONSERVADOR,5,4.4,3,0.6663,0.0,0.0886,0.2063,0.0,0.0,0.6663,0,CAMBIO,4,10.47,ARROJADO,1.77,TRIBUTADO,1.0,0
synth-cli-0137,coe-0,2026-03-07,4283439.86,CONSERVADOR,CONSERVADOR,5,4.4,3,0.6663,0.0,0.0886,0.2063,0.0,0.0,0.6663,0,ESTRUTURADOS,5,19.22,ARROJADO,0.0,TRIBUTADO,36.0,0
synth-cli-0137,fundo-mm-0,2026-04-14,4283439.86,CONSERVADOR,CONSERVADOR,5,4.4,3,0.6663,0.0,0.0886,0.2063,0.0,0.0,0.6663,0,FUNDOS,3,14.68,MODERADO,1.33,TRIBUTADO,1.589,0
synth-cli-0137,prev-2,2026-04-15,4283439.86,CONSERVADOR,CONSERVADOR,5,4.4,3,0.6663,0.0,0.0886,0.2063,0.0,0.0,0.6663,0,PREVIDENCIA,2,10.47,MODERADO,0.87,INCENTIVADO,0.167,0
synth-cli-0137,rv-knri11,2026-04-12,4283439.86,CONSERVADOR,CONSERVADOR,5,4.4,3,0.6663,0.0,0.0886,0.2063,0.0,0.0,0.6663,0,RENDA_VARIAVEL,3,11.32,MODERADO,0.0,ISENTO,0.067,1
synth-cli-0137,fundo-mm-4,2026-04-05,4283439.86,CONSERVADOR,CONSERVADOR,5,4.4,3,0.6663,0.0,0.0886,0.2063,0.0,0.0,0.6663,0,FUNDOS,3,12.89,MODERADO,2.27,TRIBUTADO,1.604,0
synth-cli-0137,rv-ivvb11,2026-02-08,4283439.86,CONSERVADOR,CONSERVADOR,5,4.4,3,0.6663,0.0,0.0886,0.2063,0.0,0.0,0.6663,0,RENDA_VARIAVEL,4,17.47,ARROJADO,0.0,ISENTO,0.067,0
synth-cli-0137,prev-1,2026-02-19,4283439.86,CONSERVADOR,CONSERVADOR,5,4.4,3,0.6663,0.0,0.0886,0.2063,0.0,0.0,0.6663,0,PREVIDENCIA,3,10.58,MODERADO,0.86,INCENTIVADO,0.167,0
synth-cli-0137,rv-bpac11,2026-05-12,4283439.86,CONSERVADOR,CONSERVADOR,5,4.4,3,0.6663,0.0,0.0886,0.2063,0.0,0.0,0.6663,0,RENDA_VARIAVEL,4,19.32,ARROJADO,0.0,ISENTO,0.067,0
synth-cli-0137,rf-pub-1,2026-05-28,4283439.86,CONSERVADOR,CONSERVADOR,5,4.4,3,0.6663,0.0,0.0886,0.2063,0.0,0.0,0.6663,0,RENDA_FIXA,3,12.55,MODERADO,0.0,INCENTIVADO,36.0,0
synth-cli-0137,fundo-mm-1,2026-04-12,4283439.86,CONSERVADOR,CONSERVADOR,5,4.4,3,0.6663,0.0,0.0886,0.2063,0.0,0.0,0.6663,0,FUNDOS,4,15.74,ARROJADO,1.01,TRIBUTADO,1.806,0
synth-cli-0137,rf-isento-0,2026-02-13,4283439.86,CONSERVADOR,CONSERVADOR,5,4.4,3,0.6663,0.0,0.0886,0.2063,0.0,0.0,0.6663,0,RENDA_FIXA,1,11.04,CONSERVADOR,0.0,ISENTO,24.0,0
synth-cli-0137,rf-isento-1,2026-03-27,4283439.86,CONSERVADOR,CONSERVADOR,5,4.4,3,0.6663,0.0,0.0886,0.2063,0.0,0.0,0.6663,0,RENDA_FIXA,1,11.3,CONSERVADOR,0.0,ISENTO,24.0,0
synth-cli-0138,rf-cdb-1,2026-05-26,171446.16,MODERADO,MODERADO,6,18.5,1,0.0,0.0,0.0,0.5064,0.0,0.0,0.5064,0,RENDA_FIXA,1,11.46,CONSERVADOR,0.0,TRIBUTADO,0.056,1
synth-cli-0138,rf-pub-1,2026-02-28,171446.16,MODERADO,MODERADO,6,18.5,1,0.0,0.0,0.0,0.5064,0.0,0.0,0.5064,0,RENDA_FIXA,3,12.55,MODERADO,0.0,INCENTIVADO,36.0,1
synth-cli-0138,cambio-0,2026-04-11,171446.16,MODERADO,MODERADO,6,18.5,1,0.0,0.0,0.0,0.5064,0.0,0.0,0.5064,0,CAMBIO,4,11.55,ARROJADO,1.87,TRIBUTADO,1.0,0
synth-cli-0138,rf-isento-2,2026-05-17,171446.16,MODERADO,MODERADO,6,18.5,1,0.0,0.0,0.0,0.5064,0.0,0.0,0.5064,0,RENDA_FIXA,1,11.97,CONSERVADOR,0.0,ISENTO,24.0,1
synth-cli-0138,firf-1,2026-01-03,171446.16,MODERADO,MODERADO,6,18.5,1,0.0,0.0,0.0,0.5064,0.0,0.0,0.5064,0,FUNDOS,2,12.07,CONSERVADOR,0.99,TRIBUTADO,1.0,0
synth-cli-0138,rf-pub-0,2026-01-11,171446.16,MODERADO,MODERADO,6,18.5,1,0.0,0.0,0.0,0.5064,0.0,0.0,0.5064,0,RENDA_FIXA,1,6.5,CONSERVADOR,0.0,TRIBUTADO,0.033,1
synth-cli-0138,rv-itsa4,2026-03-12,171446.16,MODERADO,MODERADO,6,18.5,1,0.0,0.0,0.0,0.5064,0.0,0.0,0.5064,0,RENDA_VARIAVEL,4,15.45,ARROJADO,0.0,TRIBUTADO,0.067,0
synth-cli-0138,fundo-mm-1,2026-02-07,171446.16,MODERADO,MODERADO,6,18.5,1,0.0,0.0,0.0,0.5064,0.0,0.0,0.5064,0,FUNDOS,4,15.74,ARROJADO,1.01,TRIBUTADO,1.806,0
synth-cli-0138,firf-0,2026-03-19,171446.16,MODERADO,MODERADO,6,18.5,1,0.0,0.0,0.0,0.5064,0.0,0.0,0.5064,0,FUNDOS,2,12.61,CONSERVADOR,0.86,TRIBUTADO,1.0,1
synth-cli-0138,fundo-mm-2,2026-04-16,171446.16,MODERADO,MODERADO,6,18.5,1,0.0,0.0,0.0,0.5064,0.0,0.0,0.5064,0,FUNDOS,3,15.29,MODERADO,1.51,TRIBUTADO,1.155,0
synth-cli-0138,prev-1,2026-05-06,171446.16,MODERADO,MODERADO,6,18.5,1,0.0,0.0,0.0,0.5064,0.0,0.0,0.5064,0,PREVIDENCIA,3,10.58,MODERADO,0.86,INCENTIVADO,0.167,1
synth-cli-0138,fundo-mm-3,2026-02-06,171446.16,MODERADO,MODERADO,6,18.5,1,0.0,0.0,0.0,0.5064,0.0,0.0,0.5064,0,FUNDOS,4,16.33,ARROJADO,1.5,TRIBUTADO,1.093,0
synth-cli-0138,rf-cdb-0,2026-05-20,171446.16,MODERADO,MODERADO,6,18.5,1,0.0,0.0,0.0,0.5064,0.0,0.0,0.5064,0,RENDA_FIXA,1,12.74,CONSERVADOR,0.0,TRIBUTADO,0.036,1
synth-cli-0138,coe-1,2026-05-18,171446.16,MODERADO,MODERADO,6,18.5,1,0.0,0.0,0.0,0.5064,0.0,0.0,0.5064,0,ESTRUTURADOS,5,22.09,ARROJADO,0.0,TRIBUTADO,36.0,0
synth-cli-0138,rv-knri11,2026-02-04,171446.16,MODERADO,MODERADO,6,18.5,1,0.0,0.0,0.0,0.5064,0.0,0.0,0.5064,0,RENDA_VARIAVEL,3,11.32,MODERADO,0.0,ISENTO,0.067,1
synth-cli-0138,rv-ivvb11,2026-02-15,171446.16,MODERADO,MODERADO,6,18.5,1,0.0,0.0,0.0,0.5064,0.0,0.0,0.5064,0,RENDA_VARIAVEL,4,17.47,ARROJADO,0.0,ISENTO,0.067,0
synth-cli-0138,rf-cdb-4,2026-01-05,171446.16,MODERADO,MODERADO,6,18.5,1,0.0,0.0,0.0,0.5064,0.0,0.0,0.5064,0,RENDA_FIXA,1,11.98,CONSERVADOR,0.0,TRIBUTADO,0.036,1
synth-cli-0138,fundo-mm-0,2026-01-19,171446.16,MODERADO,MODERADO,6,18.5,1,0.0,0.0,0.0,0.5064,0.0,0.0,0.5064,0,FUNDOS,3,14.68,MODERADO,1.33,TRIBUTADO,1.589,1
synth-cli-0138,coe-0,2026-03-15,171446.16,MODERADO,MODERADO,6,18.5,1,0.0,0.0,0.0,0.5064,0.0,0.0,0.5064,0,ESTRUTURADOS,5,19.22,ARROJADO,0.0,TRIBUTADO,36.0,0
synth-cli-0138,rf-isento-1,2026-02-15,171446.16,MODERADO,MODERADO,6,18.5,1,0.0,0.0,0.0,0.5064,0.0,0.0,0.5064,0,RENDA_FIXA,1,11.3,CONSERVADOR,0.0,ISENTO,24.0,1
synth-cli-0138,rf-cdb-2,2026-05-12,171446.16,MODERADO,MODERADO,6,18.5,1,0.0,0.0,0.0,0.5064,0.0,0.0,0.5064,0,RENDA_FIXA,1,13.08,CONSERVADOR,0.0,TRIBUTADO,0.101,0
synth-cli-0139,rf-cdb-2,2026-04-01,3737246.15,CONSERVADOR,CONSERVADOR,2,8.6,3,0.6505,0.0,0.089,0.2078,0.0,0.0,0.6505,0,RENDA_FIXA,1,13.08,CONSERVADOR,0.0,TRIBUTADO,0.101,0
synth-cli-0139,coe-1,2026-05-14,3737246.15,CONSERVADOR,CONSERVADOR,2,8.6,3,0.6505,0.0,0.089,0.2078,0.0,0.0,0.6505,0,ESTRUTURADOS,5,22.09,ARROJADO,0.0,TRIBUTADO,36.0,0
synth-cli-0139,fundo-mm-0,2026-03-28,3737246.15,CONSERVADOR,CONSERVADOR,2,8.6,3,0.6505,0.0,0.089,0.2078,0.0,0.0,0.6505,0,FUNDOS,3,14.68,MODERADO,1.33,TRIBUTADO,1.589,1
synth-cli-0139,cambio-1,2026-05-09,3737246.15,CONSERVADOR,CONSERVADOR,2,8.6,3,0.6505,0.0,0.089,0.2078,0.0,0.0,0.6505,0,CAMBIO,4,10.47,ARROJADO,1.77,TRIBUTADO,1.0,0
synth-cli-0139,rf-pub-0,2026-03-06,3737246.15,CONSERVADOR,CONSERVADOR,2,8.6,3,0.6505,0.0,0.089,0.2078,0.0,0.0,0.6505,0,RENDA_FIXA,1,6.5,CONSERVADOR,0.0,TRIBUTADO,0.033,1
synth-cli-0139,rf-cdb-4,2026-02-23,3737246.15,CONSERVADOR,CONSERVADOR,2,8.6,3,0.6505,0.0,0.089,0.2078,0.0,0.0,0.6505,0,RENDA_FIXA,1,11.98,CONSERVADOR,0.0,TRIBUTADO,0.036,1
synth-cli-0139,rv-bpac11,2026-04-14,3737246.15,CONSERVADOR,CONSERVADOR,2,8.6,3,0.6505,0.0,0.089,0.2078,0.0,0.0,0.6505,0,RENDA_VARIAVEL,4,19.32,ARROJADO,0.0,ISENTO,0.067,0
synth-cli-0139,rf-isento-1,2026-03-24,3737246.15,CONSERVADOR,CONSERVADOR,2,8.6,3,0.6505,0.0,0.089,0.2078,0.0,0.0,0.6505,1,RENDA_FIXA,1,11.3,CONSERVADOR,0.0,ISENTO,24.0,0
synth-cli-0139,rv-itsa4,2026-04-22,3737246.15,CONSERVADOR,CONSERVADOR,2,8.6,3,0.6505,0.0,0.089,0.2078,0.0,0.0,0.6505,0,RENDA_VARIAVEL,4,15.45,ARROJADO,0.0,TRIBUTADO,0.067,1
synth-cli-0139,fundo-mm-1,2026-05-02,3737246.15,CONSERVADOR,CONSERVADOR,2,8.6,3,0.6505,0.0,0.089,0.2078,0.0,0.0,0.6505,0,FUNDOS,4,15.74,ARROJADO,1.01,TRIBUTADO,1.806,0
synth-cli-0139,prev-1,2026-05-01,3737246.15,CONSERVADOR,CONSERVADOR,2,8.6,3,0.6505,0.0,0.089,0.2078,0.0,0.0,0.6505,0,PREVIDENCIA,3,10.58,MODERADO,0.86,INCENTIVADO,0.167,0
synth-cli-0139,rf-cdb-3,2026-04-13,3737246.15,CONSERVADOR,CONSERVADOR,2,8.6,3,0.6505,0.0,0.089,0.2078,0.0,0.0,0.6505,0,RENDA_FIXA,1,13.62,CONSERVADOR,0.0,TRIBUTADO,0.042,1
synth-cli-0139,rf-pub-1,2026-03-23,3737246.15,CONSERVADOR,CONSERVADOR,2,8.6,3,0.6505,0.0,0.089,0.2078,0.0,0.0,0.6505,0,RENDA_FIXA,3,12.55,MODERADO,0.0,INCENTIVADO,36.0,0
synth-cli-0139,rf-isento-2,2026-03-26,3737246.15,CONSERVADOR,CONSERVADOR,2,8.6,3,0.6505,0.0,0.089,0.2078,0.0,0.0,0.6505,0,RENDA_FIXA,1,11.97,CONSERVADOR,0.0,ISENTO,24.0,1
synth-cli-0139,rv-knri11,2026-04-14,3737246.15,CONSERVADOR,CONSERVADOR,2,8.6,3,0.6505,0.0,0.089,0.2078,0.0,0.0,0.6505,0,RENDA_VARIAVEL,3,11.32,MODERADO,0.0,ISENTO,0.067,0
synth-cli-0139,coe-0,2026-02-12,3737246.15,CONSERVADOR,CONSERVADOR,2,8.6,3,0.6505,0.0,0.089,0.2078,0.0,0.0,0.6505,0,ESTRUTURADOS,5,19.22,ARROJADO,0.0,TRIBUTADO,36.0,0
synth-cli-0139,prev-2,2026-05-07,3737246.15,CONSERVADOR,CONSERVADOR,2,8.6,3,0.6505,0.0,0.089,0.2078,0.0,0.0,0.6505,0,PREVIDENCIA,2,10.47,MODERADO,0.87,INCENTIVADO,0.167,0
synth-cli-0139,firf-0,2026-01-26,3737246.15,CONSERVADOR,CONSERVADOR,2,8.6,3,0.6505,0.0,0.089,0.2078,0.0,0.0,0.6505,0,FUNDOS,2,12.61,CONSERVADOR,0.86,TRIBUTADO,1.0,0
synth-cli-0140,coe-0,2026-01-24,2570311.94,CONSERVADOR,CONSERVADOR,4,3.4,3,0.6157,0.0,0.0476,0.2783,0.0,0.0,0.6157,0,ESTRUTURADOS,5,19.22,ARROJADO,0.0,TRIBUTADO,36.0,0
synth-cli-0140,firf-0,2026-05-03,2570311.94,CONSERVADOR,CONSERVADOR,4,3.4,3,0.6157,0.0,0.0476,0.2783,0.0,0.0,0.6157,0,FUNDOS,2,12.61,CONSERVADOR,0.86,TRIBUTADO,1.0,0
synth-cli-0140,coe-1,2026-04-21,2570311.94,CONSERVADOR,CONSERVADOR,4,3.4,3,0.6157,0.0,0.0476,0.2783,0.0,0.0,0.6157,0,ESTRUTURADOS,5,22.09,ARROJADO,0.0,TRIBUTADO,36.0,0
synth-cli-0140,rf-cdb-3,2026-01-20,2570311.94,CONSERVADOR,CONSERVADOR,4,3.4,3,0.6157,0.0,0.0476,0.2783,0.0,0.0,0.6157,0,RENDA_FIXA,1,13.62,CONSERVADOR,0.0,TRIBUTADO,0.042,0
synth-cli-0140,rf-cdb-0,2026-01-06,2570311.94,CONSERVADOR,CONSERVADOR,4,3.4,3,0.6157,0.0,0.0476,0.2783,0.0,0.0,0.6157,0,RENDA_FIXA,1,12.74,CONSERVADOR,0.0,TRIBUTADO,0.036,1
synth-cli-0140,prev-1,2026-01-01,2570311.94,CONSERVADOR,CONSERVADOR,4,3.4,3,0.6157,0.0,0.0476,0.2783,0.0,0.0,0.6157,0,PREVIDENCIA,3,10.58,MODERADO,0.86,INCENTIVADO,0.167,0
synth-cli-0140,rf-cdb-4,2026-02-07,2570311.94,CONSERVADOR,CONSERVADOR,4,3.4,3,0.6157,0.0,0.0476,0.2783,0.0,0.0,0.6157,0,RENDA_FIXA,1,11.98,CONSERVADOR,0.0,TRIBUTADO,0.036,1
synth-cli-0140,cambio-1,2026-01-13,2570311.94,CONSERVADOR,CONSERVADOR,4,3.4,3,0.6157,0.0,0.0476,0.2783,0.0,0.0,0.6157,0,CAMBIO,4,10.47,ARROJADO,1.77,TRIBUTADO,1.0,0
synth-cli-0140,rf-pub-2,2026-05-07,2570311.94,CONSERVADOR,CONSERVADOR,4,3.4,3,0.6157,0.0,0.0476,0.2783,0.0,0.0,0.6157,0,RENDA_FIXA,3,13.26,MODERADO,0.0,INCENTIVADO,36.0,0
synth-cli-0140,rf-cdb-2,2026-05-23,2570311.94,CONSERVADOR,CONSERVADOR,4,3.4,3,0.6157,0.0,0.0476,0.2783,0.0,0.0,0.6157,0,RENDA_FIXA,1,13.08,CONSERVADOR,0.0,TRIBUTADO,0.101,0
synth-cli-0140,rf-pub-0,2026-03-24,2570311.94,CONSERVADOR,CONSERVADOR,4,3.4,3,0.6157,0.0,0.0476,0.2783,0.0,0.0,0.6157,1,RENDA_FIXA,1,6.5,CONSERVADOR,0.0,TRIBUTADO,0.033,0
synth-cli-0140,fundo-mm-0,2026-01-15,2570311.94,CONSERVADOR,CONSERVADOR,4,3.4,3,0.6157,0.0,0.0476,0.2783,0.0,0.0,0.6157,0,FUNDOS,3,14.68,MODERADO,1.33,TRIBUTADO,1.589,0
synth-cli-0140,rv-itsa4,2026-01-03,2570311.94,CONSERVADOR,CONSERVADOR,4,3.4,3,0.6157,0.0,0.0476,0.2783,0.0,0.0,0.6157,0,RENDA_VARIAVEL,4,15.45,ARROJADO,0.0,TRIBUTADO,0.067,0
synth-cli-0140,prev-0,2026-02-09,2570311.94,CONSERVADOR,CONSERVADOR,4,3.4,3,0.6157,0.0,0.0476,0.2783,0.0,0.0,0.6157,0,PREVIDENCIA,2,10.09,CONSERVADOR,0.96,INCENTIVADO,0.167,0
synth-cli-0140,rv-btlg11,2026-05-19,2570311.94,CONSERVADOR,CONSERVADOR,4,3.4,3,0.6157,0.0,0.0476,0.2783,0.0,0.0,0.6157,0,RENDA_VARIAVEL,3,11.31,MODERADO,0.0,ISENTO,0.067,0
synth-cli-0140,firf-2,2026-01-23,2570311.94,CONSERVADOR,CONSERVADOR,4,3.4,3,0.6157,0.0,0.0476,0.2783,0.0,0.0,0.6157,0,FUNDOS,2,11.76,CONSERVADOR,0.78,TRIBUTADO,1.0,1
synth-cli-0140,fundo-mm-2,2026-02-06,2570311.94,CONSERVADOR,CONSERVADOR,4,3.4,3,0.6157,0.0,0.0476,0.2783,0.0,0.0,0.6157,0,FUNDOS,3,15.29,MODERADO,1.51,TRIBUTADO,1.155,0
synth-cli-0140,rf-cdb-1,2026-02-06,2570311.94,CONSERVADOR,CONSERVADOR,4,3.4,3,0.6157,0.0,0.0476,0.2783,0.0,0.0,0.6157,0,RENDA_FIXA,1,11.46,CONSERVADOR,0.0,TRIBUTADO,0.056,0
synth-cli-0141,rv-ivvb11,2026-03-24,974992.26,ARROJADO,ARROJADO,6,23.8,2,0.0,0.5758,0.0,0.0,0.2764,0.0,0.5758,0,RENDA_VARIAVEL,4,17.47,ARROJADO,0.0,ISENTO,0.067,1
synth-cli-0141,prev-2,2026-04-03,974992.26,ARROJADO,ARROJADO,6,23.8,2,0.0,0.5758,0.0,0.0,0.2764,0.0,0.5758,0,PREVIDENCIA,2,10.47,MODERADO,0.87,INCENTIVADO,0.167,1
synth-cli-0141,firf-2,2026-01-11,974992.26,ARROJADO,ARROJADO,6,23.8,2,0.0,0.5758,0.0,0.0,0.2764,0.0,0.5758,0,FUNDOS,2,11.76,CONSERVADOR,0.78,TRIBUTADO,1.0,1
synth-cli-0141,rf-isento-1,2026-03-23,974992.26,ARROJADO,ARROJADO,6,23.8,2,0.0,0.5758,0.0,0.0,0.2764,0.0,0.5758,0,RENDA_FIXA,1,11.3,CONSERVADOR,0.0,ISENTO,24.0,0
synth-cli-0141,rv-bpac11,2026-03-24,974992.26,ARROJADO,ARROJADO,6,23.8,2,0.0,0.5758,0.0,0.0,0.2764,0.0,0.5758,0,RENDA_VARIAVEL,4,19.32,ARROJADO,0.0,ISENTO,0.067,1
synth-cli-0141,fundo-mm-2,2026-04-12,974992.26,ARROJADO,ARROJADO,6,23.8,2,0.0,0.5758,0.0,0.0,0.2764,0.0,0.5758,0,FUNDOS,3,15.29,MODERADO,1.51,TRIBUTADO,1.155,0
synth-cli-0141,firf-0,2026-04-11,974992.26,ARROJADO,ARROJADO,6,23.8,2,0.0,0.5758,0.0,0.0,0.2764,0.0,0.5758,0,FUNDOS,2,12.61,CONSERVADOR,0.86,TRIBUTADO,1.0,1
synth-cli-0141,cambio-1,2026-02-08,974992.26,ARROJADO,ARROJADO,6,23.8,2,0.0,0.5758,0.0,0.0,0.2764,0.0,0.5758,0,CAMBIO,4,10.47,ARROJADO,1.77,TRIBUTADO,1.0,0
synth-cli-0141,coe-0,2026-01-23,974992.26,ARROJADO,ARROJADO,6,23.8,2,0.0,0.5758,0.0,0.0,0.2764,0.0,0.5758,0,ESTRUTURADOS,5,19.22,ARROJADO,0.0,TRIBUTADO,36.0,0
synth-cli-0141,rf-pub-1,2026-04-15,974992.26,ARROJADO,ARROJADO,6,23.8,2,0.0,0.5758,0.0,0.0,0.2764,0.0,0.5758,0,RENDA_FIXA,3,12.55,MODERADO,0.0,INCENTIVADO,36.0,1
synth-cli-0141,prev-1,2026-04-15,974992.26,ARROJADO,ARROJADO,6,23.8,2,0.0,0.5758,0.0,0.0,0.2764,0.0,0.5758,0,PREVIDENCIA,3,10.58,MODERADO,0.86,INCENTIVADO,0.167,0
synth-cli-0141,rf-isento-0,2026-01-28,974992.26,ARROJADO,ARROJADO,6,23.8,2,0.0,0.5758,0.0,0.0,0.2764,0.0,0.5758,0,RENDA_FIXA,1,11.04,CONSERVADOR,0.0,ISENTO,24.0,1
synth-cli-0141,fundo-mm-0,2026-03-13,974992.26,ARROJADO,ARROJADO,6,23.8,2,0.0,0.5758,0.0,0.0,0.2764,0.0,0.5758,0,FUNDOS,3,14.68,MODERADO,1.33,TRIBUTADO,1.589,1
synth-cli-0141,rf-pub-2,2026-01-14,974992.26,ARROJADO,ARROJADO,6,23.8,2,0.0,0.5758,0.0,0.0,0.2764,0.0,0.5758,0,RENDA_FIXA,3,13.26,MODERADO,0.0,INCENTIVADO,36.0,1
synth-cli-0141,prev-0,2026-02-05,974992.26,ARROJADO,ARROJADO,6,23.8,2,0.0,0.5758,0.0,0.0,0.2764,0.0,0.5758,0,PREVIDENCIA,2,10.09,CONSERVADOR,0.96,INCENTIVADO,0.167,0
synth-cli-0141,rf-cdb-0,2026-04-16,974992.26,ARROJADO,ARROJADO,6,23.8,2,0.0,0.5758,0.0,0.0,0.2764,0.0,0.5758,0,RENDA_FIXA,1,12.74,CONSERVADOR,0.0,TRIBUTADO,0.036,1
synth-cli-0141,rf-isento-2,2026-03-07,974992.26,ARROJADO,ARROJADO,6,23.8,2,0.0,0.5758,0.0,0.0,0.2764,0.0,0.5758,0,RENDA_FIXA,1,11.97,CONSERVADOR,0.0,ISENTO,24.0,1
synth-cli-0141,fundo-mm-3,2026-04-06,974992.26,ARROJADO,ARROJADO,6,23.8,2,0.0,0.5758,0.0,0.0,0.2764,0.0,0.5758,1,FUNDOS,4,16.33,ARROJADO,1.5,TRIBUTADO,1.093,0
synth-cli-0141,rf-cdb-4,2026-02-07,974992.26,ARROJADO,ARROJADO,6,23.8,2,0.0,0.5758,0.0,0.0,0.2764,0.0,0.5758,0,RENDA_FIXA,1,11.98,CONSERVADOR,0.0,TRIBUTADO,0.036,0
synth-cli-0141,fundo-mm-1,2026-04-14,974992.26,ARROJADO,ARROJADO,6,23.8,2,0.0,0.5758,0.0,0.0,0.2764,0.0,0.5758,0,FUNDOS,4,15.74,ARROJADO,1.01,TRIBUTADO,1.806,1
synth-cli-0142,cambio-1,2026-02-11,8921198.64,CONSERVADOR,CONSERVADOR,6,9.3,3,0.6098,0.0,0.0597,0.1716,0.0,0.0,0.6098,0,CAMBIO,4,10.47,ARROJADO,1.77,TRIBUTADO,1.0,1
synth-cli-0142,coe-0,2026-05-14,8921198.64,CONSERVADOR,CONSERVADOR,6,9.3,3,0.6098,0.0,0.0597,0.1716,0.0,0.0,0.6098,0,ESTRUTURADOS,5,19.22,ARROJADO,0.0,TRIBUTADO,36.0,0
synth-cli-0142,rf-pub-0,2026-03-24,8921198.64,CONSERVADOR,CONSERVADOR,6,9.3,3,0.6098,0.0,0.0597,0.1716,0.0,0.0,0.6098,0,RENDA_FIXA,1,6.5,CONSERVADOR,0.0,TRIBUTADO,0.033,0
synth-cli-0142,fundo-mm-4,2026-02-12,8921198.64,CONSERVADOR,CONSERVADOR,6,9.3,3,0.6098,0.0,0.0597,0.1716,0.0,0.0,0.6098,0,FUNDOS,3,12.89,MODERADO,2.27,TRIBUTADO,1.604,0
synth-cli-0142,rv-itsa4,2026-04-03,8921198.64,CONSERVADOR,CONSERVADOR,6,9.3,3,0.6098,0.0,0.0597,0.1716,0.0,0.0,0.6098,0,RENDA_VARIAVEL,4,15.45,ARROJADO,0.0,TRIBUTADO,0.067,0
synth-cli-0142,rf-cdb-1,2026-03-14,8921198.64,CONSERVADOR,CONSERVADOR,6,9.3,3,0.6098,0.0,0.0597,0.1716,0.0,0.0,0.6098,0,RENDA_FIXA,1,11.46,CONSERVADOR,0.0,TRIBUTADO,0.056,1
synth-cli-0142,fundo-mm-0,2026-03-23,8921198.64,CONSERVADOR,CONSERVADOR,6,9.3,3,0.6098,0.0,0.0597,0.1716,0.0,0.0,0.6098,0,FUNDOS,3,14.68,MODERADO,1.33,TRIBUTADO,1.589,0
synth-cli-0142,rf-cdb-3,2026-03-21,8921198.64,CONSERVADOR,CONSERVADOR,6,9.3,3,0.6098,0.0,0.0597,0.1716,0.0,0.0,0.6098,1,RENDA_FIXA,1,13.62,CONSERVADOR,0.0,TRIBUTADO,0.042,0
synth-cli-0142,rf-cdb-2,2026-05-11,8921198.64,CONSERVADOR,CONSERVADOR,6,9.3,3,0.6098,0.0,0.0597,0.1716,0.0,0.0,0.6098,0,RENDA_FIXA,1,13.08,CONSERVADOR,0.0,TRIBUTADO,0.101,0
synth-cli-0142,rf-isento-2,2026-03-23,8921198.64,CONSERVADOR,CONSERVADOR,6,9.3,3,0.6098,0.0,0.0597,0.1716,0.0,0.0,0.6098,1,RENDA_FIXA,1,11.97,CONSERVADOR,0.0,ISENTO,24.0,0
synth-cli-0142,cambio-0,2026-02-11,8921198.64,CONSERVADOR,CONSERVADOR,6,9.3,3,0.6098,0.0,0.0597,0.1716,0.0,0.0,0.6098,0,CAMBIO,4,11.55,ARROJADO,1.87,TRIBUTADO,1.0,0
synth-cli-0142,rv-bpac11,2026-05-08,8921198.64,CONSERVADOR,CONSERVADOR,6,9.3,3,0.6098,0.0,0.0597,0.1716,0.0,0.0,0.6098,0,RENDA_VARIAVEL,4,19.32,ARROJADO,0.0,ISENTO,0.067,0
synth-cli-0142,rf-isento-1,2026-05-08,8921198.64,CONSERVADOR,CONSERVADOR,6,9.3,3,0.6098,0.0,0.0597,0.1716,0.0,0.0,0.6098,0,RENDA_FIXA,1,11.3,CONSERVADOR,0.0,ISENTO,24.0,0
synth-cli-0142,rf-cdb-4,2026-01-11,8921198.64,CONSERVADOR,CONSERVADOR,6,9.3,3,0.6098,0.0,0.0597,0.1716,0.0,0.0,0.6098,0,RENDA_FIXA,1,11.98,CONSERVADOR,0.0,TRIBUTADO,0.036,0
synth-cli-0142,rf-pub-2,2026-01-13,8921198.64,CONSERVADOR,CONSERVADOR,6,9.3,3,0.6098,0.0,0.0597,0.1716,0.0,0.0,0.6098,0,RENDA_FIXA,3,13.26,MODERADO,0.0,INCENTIVADO,36.0,0
synth-cli-0142,rv-ivvb11,2026-05-11,8921198.64,CONSERVADOR,CONSERVADOR,6,9.3,3,0.6098,0.0,0.0597,0.1716,0.0,0.0,0.6098,0,RENDA_VARIAVEL,4,17.47,ARROJADO,0.0,ISENTO,0.067,0
synth-cli-0142,fundo-mm-1,2026-04-15,8921198.64,CONSERVADOR,CONSERVADOR,6,9.3,3,0.6098,0.0,0.0597,0.1716,0.0,0.0,0.6098,0,FUNDOS,4,15.74,ARROJADO,1.01,TRIBUTADO,1.806,0
synth-cli-0142,rv-knri11,2026-03-03,8921198.64,CONSERVADOR,CONSERVADOR,6,9.3,3,0.6098,0.0,0.0597,0.1716,0.0,0.0,0.6098,0,RENDA_VARIAVEL,3,11.32,MODERADO,0.0,ISENTO,0.067,0
synth-cli-0142,rf-pub-1,2026-02-26,8921198.64,CONSERVADOR,CONSERVADOR,6,9.3,3,0.6098,0.0,0.0597,0.1716,0.0,0.0,0.6098,0,RENDA_FIXA,3,12.55,MODERADO,0.0,INCENTIVADO,36.0,0
synth-cli-0142,firf-0,2026-02-12,8921198.64,CONSERVADOR,CONSERVADOR,6,9.3,3,0.6098,0.0,0.0597,0.1716,0.0,0.0,0.6098,0,FUNDOS,2,12.61,CONSERVADOR,0.86,TRIBUTADO,1.0,0
synth-cli-0142,rf-cdb-0,2026-01-11,8921198.64,CONSERVADOR,CONSERVADOR,6,9.3,3,0.6098,0.0,0.0597,0.1716,0.0,0.0,0.6098,0,RENDA_FIXA,1,12.74,CONSERVADOR,0.0,TRIBUTADO,0.036,1
synth-cli-0143,prev-2,2026-05-26,1484635.67,MODERADO,MODERADO,10,13.4,4,0.386,0.0512,0.2138,0.112,0.0,0.0,0.386,0,PREVIDENCIA,2,10.47,MODERADO,0.87,INCENTIVADO,0.167,0
synth-cli-0143,rv-bpac11,2026-02-26,1484635.67,MODERADO,MODERADO,10,13.4,4,0.386,0.0512,0.2138,0.112,0.0,0.0,0.386,0,RENDA_VARIAVEL,4,19.32,ARROJADO,0.0,ISENTO,0.067,0
synth-cli-0143,fundo-mm-4,2026-03-09,1484635.67,MODERADO,MODERADO,10,13.4,4,0.386,0.0512,0.2138,0.112,0.0,0.0,0.386,0,FUNDOS,3,12.89,MODERADO,2.27,TRIBUTADO,1.604,0
synth-cli-0143,firf-1,2026-03-01,1484635.67,MODERADO,MODERADO,10,13.4,4,0.386,0.0512,0.2138,0.112,0.0,0.0,0.386,0,FUNDOS,2,12.07,CONSERVADOR,0.99,TRIBUTADO,1.0,1
synth-cli-0143,rf-cdb-4,2026-03-15,1484635.67,MODERADO,MODERADO,10,13.4,4,0.386,0.0512,0.2138,0.112,0.0,0.0,0.386,0,RENDA_FIXA,1,11.98,CONSERVADOR,0.0,TRIBUTADO,0.036,1
synth-cli-0143,prev-1,2026-02-15,1484635.67,MODERADO,MODERADO,10,13.4,4,0.386,0.0512,0.2138,0.112,0.0,0.0,0.386,0,PREVIDENCIA,3,10.58,MODERADO,0.86,INCENTIVADO,0.167,0
synth-cli-0143,rf-isento-0,2026-03-04,1484635.67,MODERADO,MODERADO,10,13.4,4,0.386,0.0512,0.2138,0.112,0.0,0.0,0.386,0,RENDA_FIXA,1,11.04,CONSERVADOR,0.0,ISENTO,24.0,0
synth-cli-0143,rf-isento-2,2026-04-09,1484635.67,MODERADO,MODERADO,10,13.4,4,0.386,0.0512,0.2138,0.112,0.0,0.0,0.386,0,RENDA_FIXA,1,11.97,CONSERVADOR,0.0,ISENTO,24.0,0
synth-cli-0143,coe-1,2026-05-15,1484635.67,MODERADO,MODERADO,10,13.4,4,0.386,0.0512,0.2138,0.112,0.0,0.0,0.386,0,ESTRUTURADOS,5,22.09,ARROJADO,0.0,TRIBUTADO,36.0,0
synth-cli-0143,rv-knri11,2026-01-04,1484635.67,MODERADO,MODERADO,10,13.4,4,0.386,0.0512,0.2138,0.112,0.0,0.0,0.386,0,RENDA_VARIAVEL,3,11.32,MODERADO,0.0,ISENTO,0.067,1
synth-cli-0143,cambio-0,2026-03-18,1484635.67,MODERADO,MODERADO,10,13.4,4,0.386,0.0512,0.2138,0.112,0.0,0.0,0.386,0,CAMBIO,4,11.55,ARROJADO,1.87,TRIBUTADO,1.0,0
synth-cli-0143,coe-0,2026-02-11,1484635.67,MODERADO,MODERADO,10,13.4,4,0.386,0.0512,0.2138,0.112,0.0,0.0,0.386,0,ESTRUTURADOS,5,19.22,ARROJADO,0.0,TRIBUTADO,36.0,0
synth-cli-0143,rf-pub-1,2026-04-18,1484635.67,MODERADO,MODERADO,10,13.4,4,0.386,0.0512,0.2138,0.112,0.0,0.0,0.386,0,RENDA_FIXA,3,12.55,MODERADO,0.0,INCENTIVADO,36.0,0
synth-cli-0143,firf-2,2026-02-11,1484635.67,MODERADO,MODERADO,10,13.4,4,0.386,0.0512,0.2138,0.112,0.0,0.0,0.386,0,FUNDOS,2,11.76,CONSERVADOR,0.78,TRIBUTADO,1.0,1
synth-cli-0143,rf-cdb-3,2026-01-21,1484635.67,MODERADO,MODERADO,10,13.4,4,0.386,0.0512,0.2138,0.112,0.0,0.0,0.386,0,RENDA_FIXA,1,13.62,CONSERVADOR,0.0,TRIBUTADO,0.042,1
synth-cli-0143,rf-isento-1,2026-05-02,1484635.67,MODERADO,MODERADO,10,13.4,4,0.386,0.0512,0.2138,0.112,0.0,0.0,0.386,0,RENDA_FIXA,1,11.3,CONSERVADOR,0.0,ISENTO,24.0,1
synth-cli-0143,fundo-mm-0,2026-02-16,1484635.67,MODERADO,MODERADO,10,13.4,4,0.386,0.0512,0.2138,0.112,0.0,0.0,0.386,0,FUNDOS,3,14.68,MODERADO,1.33,TRIBUTADO,1.589,0
synth-cli-0143,rf-cdb-0,2026-05-06,1484635.67,MODERADO,MODERADO,10,13.4,4,0.386,0.0512,0.2138,0.112,0.0,0.0,0.386,0,RENDA_FIXA,1,12.74,CONSERVADOR,0.0,TRIBUTADO,0.036,1
synth-cli-0143,fundo-mm-3,2026-02-03,1484635.67,MODERADO,MODERADO,10,13.4,4,0.386,0.0512,0.2138,0.112,0.0,0.0,0.386,0,FUNDOS,4,16.33,ARROJADO,1.5,TRIBUTADO,1.093,0
synth-cli-0144,fundo-mm-0,2026-03-08,645198.83,ARROJADO,ARROJADO,12,24.0,1,0.0,0.0,0.8593,0.0,0.0,0.0,0.8593,1,FUNDOS,3,14.68,MODERADO,1.33,TRIBUTADO,1.589,0
synth-cli-0144,rf-isento-2,2026-05-01,645198.83,ARROJADO,ARROJADO,12,24.0,1,0.0,0.0,0.8593,0.0,0.0,0.0,0.8593,0,RENDA_FIXA,1,11.97,CONSERVADOR,0.0,ISENTO,24.0,1
synth-cli-0144,rf-cdb-2,2026-01-02,645198.83,ARROJADO,ARROJADO,12,24.0,1,0.0,0.0,0.8593,0.0,0.0,0.0,0.8593,0,RENDA_FIXA,1,13.08,CONSERVADOR,0.0,TRIBUTADO,0.101,1
synth-cli-0144,fundo-mm-2,2026-02-05,645198.83,ARROJADO,ARROJADO,12,24.0,1,0.0,0.0,0.8593,0.0,0.0,0.0,0.8593,0,FUNDOS,3,15.29,MODERADO,1.51,TRIBUTADO,1.155,1
synth-cli-0144,cambio-0,2026-02-17,645198.83,ARROJADO,ARROJADO,12,24.0,1,0.0,0.0,0.8593,0.0,0.0,0.0,0.8593,1,CAMBIO,4,11.55,ARROJADO,1.87,TRIBUTADO,1.0,1
synth-cli-0144,prev-0,2026-04-01,645198.83,ARROJADO,ARROJADO,12,24.0,1,0.0,0.0,0.8593,0.0,0.0,0.0,0.8593,0,PREVIDENCIA,2,10.09,CONSERVADOR,0.96,INCENTIVADO,0.167,0
synth-cli-0144,coe-1,2026-03-16,645198.83,ARROJADO,ARROJADO,12,24.0,1,0.0,0.0,0.8593,0.0,0.0,0.0,0.8593,0,ESTRUTURADOS,5,22.09,ARROJADO,0.0,TRIBUTADO,36.0,0
synth-cli-0144,fundo-mm-4,2026-04-18,645198.83,ARROJADO,ARROJADO,12,24.0,1,0.0,0.0,0.8593,0.0,0.0,0.0,0.8593,0,FUNDOS,3,12.89,MODERADO,2.27,TRIBUTADO,1.604,1
synth-cli-0144,fundo-mm-1,2026-02-19,645198.83,ARROJADO,ARROJADO,12,24.0,1,0.0,0.0,0.8593,0.0,0.0,0.0,0.8593,0,FUNDOS,4,15.74,ARROJADO,1.01,TRIBUTADO,1.806,1
synth-cli-0144,firf-1,2026-03-23,645198.83,ARROJADO,ARROJADO,12,24.0,1,0.0,0.0,0.8593,0.0,0.0,0.0,0.8593,0,FUNDOS,2,12.07,CONSERVADOR,0.99,TRIBUTADO,1.0,0
synth-cli-0144,rf-cdb-1,2026-02-13,645198.83,ARROJADO,ARROJADO,12,24.0,1,0.0,0.0,0.8593,0.0,0.0,0.0,0.8593,0,RENDA_FIXA,1,11.46,CONSERVADOR,0.0,TRIBUTADO,0.056,1
synth-cli-0144,firf-0,2026-05-01,645198.83,ARROJADO,ARROJADO,12,24.0,1,0.0,0.0,0.8593,0.0,0.0,0.0,0.8593,1,FUNDOS,2,12.61,CONSERVADOR,0.86,TRIBUTADO,1.0,0
synth-cli-0144,coe-0,2026-05-10,645198.83,ARROJADO,ARROJADO,12,24.0,1,0.0,0.0,0.8593,0.0,0.0,0.0,0.8593,0,ESTRUTURADOS,5,19.22,ARROJADO,0.0,TRIBUTADO,36.0,0
synth-cli-0144,rv-btlg11,2026-03-17,645198.83,ARROJADO,ARROJADO,12,24.0,1,0.0,0.0,0.8593,0.0,0.0,0.0,0.8593,0,RENDA_VARIAVEL,3,11.31,MODERADO,0.0,ISENTO,0.067,1
synth-cli-0144,rf-cdb-4,2026-03-11,645198.83,ARROJADO,ARROJADO,12,24.0,1,0.0,0.0,0.8593,0.0,0.0,0.0,0.8593,0,RENDA_FIXA,1,11.98,CONSERVADOR,0.0,TRIBUTADO,0.036,0
synth-cli-0144,prev-1,2026-03-13,645198.83,ARROJADO,ARROJADO,12,24.0,1,0.0,0.0,0.8593,0.0,0.0,0.0,0.8593,0,PREVIDENCIA,3,10.58,MODERADO,0.86,INCENTIVADO,0.167,1
synth-cli-0144,firf-2,2026-05-21,645198.83,ARROJADO,ARROJADO,12,24.0,1,0.0,0.0,0.8593,0.0,0.0,0.0,0.8593,0,FUNDOS,2,11.76,CONSERVADOR,0.78,TRIBUTADO,1.0,1
synth-cli-0144,rf-cdb-3,2026-04-07,645198.83,ARROJADO,ARROJADO,12,24.0,1,0.0,0.0,0.8593,0.0,0.0,0.0,0.8593,0,RENDA_FIXA,1,13.62,CONSERVADOR,0.0,TRIBUTADO,0.042,1
synth-cli-0144,rf-pub-2,2026-02-07,645198.83,ARROJADO,ARROJADO,12,24.0,1,0.0,0.0,0.8593,0.0,0.0,0.0,0.8593,0,RENDA_FIXA,3,13.26,MODERADO,0.0,INCENTIVADO,36.0,1
synth-cli-0145,prev-2,2026-02-28,486022.77,ARROJADO,ARROJADO,8,23.3,3,0.0,0.487,0.4598,0.0,0.0,0.052,0.487,0,PREVIDENCIA,2,10.47,MODERADO,0.87,INCENTIVADO,0.167,1
synth-cli-0145,rv-btlg11,2026-03-15,486022.77,ARROJADO,ARROJADO,8,23.3,3,0.0,0.487,0.4598,0.0,0.0,0.052,0.487,0,RENDA_VARIAVEL,3,11.31,MODERADO,0.0,ISENTO,0.067,0
synth-cli-0145,rv-itsa4,2026-05-25,486022.77,ARROJADO,ARROJADO,8,23.3,3,0.0,0.487,0.4598,0.0,0.0,0.052,0.487,1,RENDA_VARIAVEL,4,15.45,ARROJADO,0.0,TRIBUTADO,0.067,1
synth-cli-0145,rf-pub-1,2026-04-16,486022.77,ARROJADO,ARROJADO,8,23.3,3,0.0,0.487,0.4598,0.0,0.0,0.052,0.487,0,RENDA_FIXA,3,12.55,MODERADO,0.0,INCENTIVADO,36.0,1
synth-cli-0145,firf-2,2026-03-26,486022.77,ARROJADO,ARROJADO,8,23.3,3,0.0,0.487,0.4598,0.0,0.0,0.052,0.487,0,FUNDOS,2,11.76,CONSERVADOR,0.78,TRIBUTADO,1.0,0
synth-cli-0145,rf-isento-1,2026-05-04,486022.77,ARROJADO,ARROJADO,8,23.3,3,0.0,0.487,0.4598,0.0,0.0,0.052,0.487,0,RENDA_FIXA,1,11.3,CONSERVADOR,0.0,ISENTO,24.0,1
synth-cli-0145,fundo-mm-0,2026-01-20,486022.77,ARROJADO,ARROJADO,8,23.3,3,0.0,0.487,0.4598,0.0,0.0,0.052,0.487,0,FUNDOS,3,14.68,MODERADO,1.33,TRIBUTADO,1.589,0
synth-cli-0145,fundo-mm-3,2026-01-10,486022.77,ARROJADO,ARROJADO,8,23.3,3,0.0,0.487,0.4598,0.0,0.0,0.052,0.487,0,FUNDOS,4,16.33,ARROJADO,1.5,TRIBUTADO,1.093,1
synth-cli-0145,rf-cdb-1,2026-05-06,486022.77,ARROJADO,ARROJADO,8,23.3,3,0.0,0.487,0.4598,0.0,0.0,0.052,0.487,0,RENDA_FIXA,1,11.46,CONSERVADOR,0.0,TRIBUTADO,0.056,1
synth-cli-0145,rv-ivvb11,2026-04-24,486022.77,ARROJADO,ARROJADO,8,23.3,3,0.0,0.487,0.4598,0.0,0.0,0.052,0.487,0,RENDA_VARIAVEL,4,17.47,ARROJADO,0.0,ISENTO,0.067,1
synth-cli-0145,coe-1,2026-01-09,486022.77,ARROJADO,ARROJADO,8,23.3,3,0.0,0.487,0.4598,0.0,0.0,0.052,0.487,0,ESTRUTURADOS,5,22.09,ARROJADO,0.0,TRIBUTADO,36.0,0
synth-cli-0145,rf-pub-2,2026-01-10,486022.77,ARROJADO,ARROJADO,8,23.3,3,0.0,0.487,0.4598,0.0,0.0,0.052,0.487,0,RENDA_FIXA,3,13.26,MODERADO,0.0,INCENTIVADO,36.0,1
synth-cli-0145,cambio-1,2026-03-15,486022.77,ARROJADO,ARROJADO,8,23.3,3,0.0,0.487,0.4598,0.0,0.0,0.052,0.487,0,CAMBIO,4,10.47,ARROJADO,1.77,TRIBUTADO,1.0,1
synth-cli-0145,rf-isento-0,2026-02-04,486022.77,ARROJADO,ARROJADO,8,23.3,3,0.0,0.487,0.4598,0.0,0.0,0.052,0.487,0,RENDA_FIXA,1,11.04,CONSERVADOR,0.0,ISENTO,24.0,0
synth-cli-0145,coe-0,2026-01-16,486022.77,ARROJADO,ARROJADO,8,23.3,3,0.0,0.487,0.4598,0.0,0.0,0.052,0.487,0,ESTRUTURADOS,5,19.22,ARROJADO,0.0,TRIBUTADO,36.0,0
synth-cli-0145,rf-cdb-0,2026-04-28,486022.77,ARROJADO,ARROJADO,8,23.3,3,0.0,0.487,0.4598,0.0,0.0,0.052,0.487,0,RENDA_FIXA,1,12.74,CONSERVADOR,0.0,TRIBUTADO,0.036,0
synth-cli-0145,rf-cdb-4,2026-05-09,486022.77,ARROJADO,ARROJADO,8,23.3,3,0.0,0.487,0.4598,0.0,0.0,0.052,0.487,0,RENDA_FIXA,1,11.98,CONSERVADOR,0.0,TRIBUTADO,0.036,0
synth-cli-0146,rf-cdb-0,2026-05-02,2000815.73,CONSERVADOR,CONSERVADOR,2,6.7,3,0.4866,0.0,0.0779,0.2779,0.0,0.0,0.4866,0,RENDA_FIXA,1,12.74,CONSERVADOR,0.0,TRIBUTADO,0.036,0
synth-cli-0146,rv-btlg11,2026-03-23,2000815.73,CONSERVADOR,CONSERVADOR,2,6.7,3,0.4866,0.0,0.0779,0.2779,0.0,0.0,0.4866,0,RENDA_VARIAVEL,3,11.31,MODERADO,0.0,ISENTO,0.067,0
synth-cli-0146,firf-2,2026-04-07,2000815.73,CONSERVADOR,CONSERVADOR,2,6.7,3,0.4866,0.0,0.0779,0.2779,0.0,0.0,0.4866,0,FUNDOS,2,11.76,CONSERVADOR,0.78,TRIBUTADO,1.0,1
synth-cli-0146,fundo-mm-4,2026-01-22,2000815.73,CONSERVADOR,CONSERVADOR,2,6.7,3,0.4866,0.0,0.0779,0.2779,0.0,0.0,0.4866,0,FUNDOS,3,12.89,MODERADO,2.27,TRIBUTADO,1.604,0
synth-cli-0146,rf-cdb-2,2026-02-08,2000815.73,CONSERVADOR,CONSERVADOR,2,6.7,3,0.4866,0.0,0.0779,0.2779,0.0,0.0,0.4866,1,RENDA_FIXA,1,13.08,CONSERVADOR,0.0,TRIBUTADO,0.101,0
synth-cli-0146,rv-knri11,2026-01-21,2000815.73,CONSERVADOR,CONSERVADOR,2,6.7,3,0.4866,0.0,0.0779,0.2779,0.0,0.0,0.4866,0,RENDA_VARIAVEL,3,11.32,MODERADO,0.0,ISENTO,0.067,0
synth-cli-0146,cambio-0,2026-05-27,2000815.73,CONSERVADOR,CONSERVADOR,2,6.7,3,0.4866,0.0,0.0779,0.2779,0.0,0.0,0.4866,0,CAMBIO,4,11.55,ARROJADO,1.87,TRIBUTADO,1.0,0
synth-cli-0146,rf-cdb-4,2026-02-23,2000815.73,CONSERVADOR,CONSERVADOR,2,6.7,3,0.4866,0.0,0.0779,0.2779,0.0,0.0,0.4866,0,RENDA_FIXA,1,11.98,CONSERVADOR,0.0,TRIBUTADO,0.036,1
synth-cli-0146,rf-pub-1,2026-01-10,2000815.73,CONSERVADOR,CONSERVADOR,2,6.7,3,0.4866,0.0,0.0779,0.2779,0.0,0.0,0.4866,0,RENDA_FIXA,3,12.55,MODERADO,0.0,INCENTIVADO,36.0,0
synth-cli-0146,prev-2,2026-05-12,2000815.73,CONSERVADOR,CONSERVADOR,2,6.7,3,0.4866,0.0,0.0779,0.2779,0.0,0.0,0.4866,0,PREVIDENCIA,2,10.47,MODERADO,0.87,INCENTIVADO,0.167,0
synth-cli-0146,fundo-mm-1,2026-04-18,2000815.73,CONSERVADOR,CONSERVADOR,2,6.7,3,0.4866,0.0,0.0779,0.2779,0.0,0.0,0.4866,0,FUNDOS,4,15.74,ARROJADO,1.01,TRIBUTADO,1.806,0
synth-cli-0146,rv-ivvb11,2026-03-24,2000815.73,CONSERVADOR,CONSERVADOR,2,6.7,3,0.4866,0.0,0.0779,0.2779,0.0,0.0,0.4866,0,RENDA_VARIAVEL,4,17.47,ARROJADO,0.0,ISENTO,0.067,0
synth-cli-0146,cambio-1,2026-02-11,2000815.73,CONSERVADOR,CONSERVADOR,2,6.7,3,0.4866,0.0,0.0779,0.2779,0.0,0.0,0.4866,0,CAMBIO,4,10.47,ARROJADO,1.77,TRIBUTADO,1.0,0
synth-cli-0146,rf-cdb-1,2026-03-14,2000815.73,CONSERVADOR,CONSERVADOR,2,6.7,3,0.4866,0.0,0.0779,0.2779,0.0,0.0,0.4866,0,RENDA_FIXA,1,11.46,CONSERVADOR,0.0,TRIBUTADO,0.056,0
synth-cli-0146,coe-0,2026-04-12,2000815.73,CONSERVADOR,CONSERVADOR,2,6.7,3,0.4866,0.0,0.0779,0.2779,0.0,0.0,0.4866,0,ESTRUTURADOS,5,19.22,ARROJADO,0.0,TRIBUTADO,36.0,0
synth-cli-0146,fundo-mm-2,2026-03-25,2000815.73,CONSERVADOR,CONSERVADOR,2,6.7,3,0.4866,0.0,0.0779,0.2779,0.0,0.0,0.4866,0,FUNDOS,3,15.29,MODERADO,1.51,TRIBUTADO,1.155,0
synth-cli-0147,rf-cdb-4,2026-02-02,2904666.67,MODERADO,MODERADO,9,11.0,2,0.6371,0.1418,0.0,0.0,0.0,0.0,0.6371,0,RENDA_FIXA,1,11.98,CONSERVADOR,0.0,TRIBUTADO,0.036,0
synth-cli-0147,prev-2,2026-02-20,2904666.67,MODERADO,MODERADO,9,11.0,2,0.6371,0.1418,0.0,0.0,0.0,0.0,0.6371,0,PREVIDENCIA,2,10.47,MODERADO,0.87,INCENTIVADO,0.167,1
synth-cli-0147,rv-itsa4,2026-02-28,2904666.67,MODERADO,MODERADO,9,11.0,2,0.6371,0.1418,0.0,0.0,0.0,0.0,0.6371,0,RENDA_VARIAVEL,4,15.45,ARROJADO,0.0,TRIBUTADO,0.067,0
synth-cli-0147,prev-0,2026-02-27,2904666.67,MODERADO,MODERADO,9,11.0,2,0.6371,0.1418,0.0,0.0,0.0,0.0,0.6371,0,PREVIDENCIA,2,10.09,CONSERVADOR,0.96,INCENTIVADO,0.167,0
synth-cli-0147,fundo-mm-4,2026-01-27,2904666.67,MODERADO,MODERADO,9,11.0,2,0.6371,0.1418,0.0,0.0,0.0,0.0,0.6371,0,FUNDOS,3,12.89,MODERADO,2.27,TRIBUTADO,1.604,0
synth-cli-0147,coe-1,2026-01-17,2904666.67,MODERADO,MODERADO,9,11.0,2,0.6371,0.1418,0.0,0.0,0.0,0.0,0.6371,0,ESTRUTURADOS,5,22.09,ARROJADO,0.0,TRIBUTADO,36.0,0
synth-cli-0147,firf-1,2026-05-04,2904666.67,MODERADO,MODERADO,9,11.0,2,0.6371,0.1418,0.0,0.0,0.0,0.0,0.6371,0,FUNDOS,2,12.07,CONSERVADOR,0.99,TRIBUTADO,1.0,1
synth-cli-0147,fundo-mm-2,2026-03-18,2904666.67,MODERADO,MODERADO,9,11.0,2,0.6371,0.1418,0.0,0.0,0.0,0.0,0.6371,0,FUNDOS,3,15.29,MODERADO,1.51,TRIBUTADO,1.155,0
synth-cli-0147,fundo-mm-0,2026-02-24,2904666.67,MODERADO,MODERADO,9,11.0,2,0.6371,0.1418,0.0,0.0,0.0,0.0,0.6371,0,FUNDOS,3,14.68,MODERADO,1.33,TRIBUTADO,1.589,0
synth-cli-0147,rv-knri11,2026-03-16,2904666.67,MODERADO,MODERADO,9,11.0,2,0.6371,0.1418,0.0,0.0,0.0,0.0,0.6371,0,RENDA_VARIAVEL,3,11.32,MODERADO,0.0,ISENTO,0.067,0
synth-cli-0147,rf-cdb-2,2026-03-18,2904666.67,MODERADO,MODERADO,9,11.0,2,0.6371,0.1418,0.0,0.0,0.0,0.0,0.6371,1,RENDA_FIXA,1,13.08,CONSERVADOR,0.0,TRIBUTADO,0.101,0
synth-cli-0147,rv-bpac11,2026-05-22,2904666.67,MODERADO,MODERADO,9,11.0,2,0.6371,0.1418,0.0,0.0,0.0,0.0,0.6371,0,RENDA_VARIAVEL,4,19.32,ARROJADO,0.0,ISENTO,0.067,0
synth-cli-0147,rf-isento-0,2026-02-19,2904666.67,MODERADO,MODERADO,9,11.0,2,0.6371,0.1418,0.0,0.0,0.0,0.0,0.6371,1,RENDA_FIXA,1,11.04,CONSERVADOR,0.0,ISENTO,24.0,0
synth-cli-0147,cambio-1,2026-04-23,2904666.67,MODERADO,MODERADO,9,11.0,2,0.6371,0.1418,0.0,0.0,0.0,0.0,0.6371,0,CAMBIO,4,10.47,ARROJADO,1.77,TRIBUTADO,1.0,0
synth-cli-0147,rf-isento-2,2026-04-05,2904666.67,MODERADO,MODERADO,9,11.0,2,0.6371,0.1418,0.0,0.0,0.0,0.0,0.6371,0,RENDA_FIXA,1,11.97,CONSERVADOR,0.0,ISENTO,24.0,0
synth-cli-0147,rv-btlg11,2026-02-23,2904666.67,MODERADO,MODERADO,9,11.0,2,0.6371,0.1418,0.0,0.0,0.0,0.0,0.6371,0,RENDA_VARIAVEL,3,11.31,MODERADO,0.0,ISENTO,0.067,0
synth-cli-0147,firf-0,2026-05-26,2904666.67,MODERADO,MODERADO,9,11.0,2,0.6371,0.1418,0.0,0.0,0.0,0.0,0.6371,0,FUNDOS,2,12.61,CONSERVADOR,0.86,TRIBUTADO,1.0,1
synth-cli-0148,fundo-mm-4,2026-02-01,546112.82,MODERADO,MODERADO,9,10.1,4,0.4609,0.1658,0.2477,0.1222,0.0,0.0,0.4609,0,FUNDOS,3,12.89,MODERADO,2.27,TRIBUTADO,1.604,0
synth-cli-0148,rf-cdb-4,2026-01-03,546112.82,MODERADO,MODERADO,9,10.1,4,0.4609,0.1658,0.2477,0.1222,0.0,0.0,0.4609,0,RENDA_FIXA,1,11.98,CONSERVADOR,0.0,TRIBUTADO,0.036,1
synth-cli-0148,rf-cdb-2,2026-01-14,546112.82,MODERADO,MODERADO,9,10.1,4,0.4609,0.1658,0.2477,0.1222,0.0,0.0,0.4609,0,RENDA_FIXA,1,13.08,CONSERVADOR,0.0,TRIBUTADO,0.101,1
synth-cli-0148,rv-btlg11,2026-04-01,546112.82,MODERADO,MODERADO,9,10.1,4,0.4609,0.1658,0.2477,0.1222,0.0,0.0,0.4609,0,RENDA_VARIAVEL,3,11.31,MODERADO,0.0,ISENTO,0.067,0
synth-cli-0148,rf-isento-1,2026-02-10,546112.82,MODERADO,MODERADO,9,10.1,4,0.4609,0.1658,0.2477,0.1222,0.0,0.0,0.4609,0,RENDA_FIXA,1,11.3,CONSERVADOR,0.0,ISENTO,24.0,1
synth-cli-0148,rf-pub-2,2026-05-16,546112.82,MODERADO,MODERADO,9,10.1,4,0.4609,0.1658,0.2477,0.1222,0.0,0.0,0.4609,1,RENDA_FIXA,3,13.26,MODERADO,0.0,INCENTIVADO,36.0,0
synth-cli-0148,prev-0,2026-05-02,546112.82,MODERADO,MODERADO,9,10.1,4,0.4609,0.1658,0.2477,0.1222,0.0,0.0,0.4609,0,PREVIDENCIA,2,10.09,CONSERVADOR,0.96,INCENTIVADO,0.167,0
synth-cli-0148,fundo-mm-1,2026-01-16,546112.82,MODERADO,MODERADO,9,10.1,4,0.4609,0.1658,0.2477,0.1222,0.0,0.0,0.4609,0,FUNDOS,4,15.74,ARROJADO,1.01,TRIBUTADO,1.806,0
synth-cli-0148,prev-2,2026-04-25,546112.82,MODERADO,MODERADO,9,10.1,4,0.4609,0.1658,0.2477,0.1222,0.0,0.0,0.4609,0,PREVIDENCIA,2,10.47,MODERADO,0.87,INCENTIVADO,0.167,0
synth-cli-0148,rf-pub-1,2026-01-14,546112.82,MODERADO,MODERADO,9,10.1,4,0.4609,0.1658,0.2477,0.1222,0.0,0.0,0.4609,0,RENDA_FIXA,3,12.55,MODERADO,0.0,INCENTIVADO,36.0,0
synth-cli-0148,firf-1,2026-05-12,546112.82,MODERADO,MODERADO,9,10.1,4,0.4609,0.1658,0.2477,0.1222,0.0,0.0,0.4609,0,FUNDOS,2,12.07,CONSERVADOR,0.99,TRIBUTADO,1.0,0
synth-cli-0149,rf-cdb-0,2026-04-04,651022.49,CONSERVADOR,CONSERVADOR,4,9.0,3,0.4792,0.0,0.0498,0.2828,0.0,0.0,0.4792,0,RENDA_FIXA,1,12.74,CONSERVADOR,0.0,TRIBUTADO,0.036,1
synth-cli-0149,fundo-mm-1,2026-02-19,651022.49,CONSERVADOR,CONSERVADOR,4,9.0,3,0.4792,0.0,0.0498,0.2828,0.0,0.0,0.4792,0,FUNDOS,4,15.74,ARROJADO,1.01,TRIBUTADO,1.806,0
synth-cli-0149,rf-cdb-1,2026-01-17,651022.49,CONSERVADOR,CONSERVADOR,4,9.0,3,0.4792,0.0,0.0498,0.2828,0.0,0.0,0.4792,1,RENDA_FIXA,1,11.46,CONSERVADOR,0.0,TRIBUTADO,0.056,0
synth-cli-0149,fundo-mm-4,2026-05-06,651022.49,CONSERVADOR,CONSERVADOR,4,9.0,3,0.4792,0.0,0.0498,0.2828,0.0,0.0,0.4792,0,FUNDOS,3,12.89,MODERADO,2.27,TRIBUTADO,1.604,0
synth-cli-0149,prev-0,2026-05-13,651022.49,CONSERVADOR,CONSERVADOR,4,9.0,3,0.4792,0.0,0.0498,0.2828,0.0,0.0,0.4792,0,PREVIDENCIA,2,10.09,CONSERVADOR,0.96,INCENTIVADO,0.167,0
synth-cli-0149,rf-cdb-2,2026-03-19,651022.49,CONSERVADOR,CONSERVADOR,4,9.0,3,0.4792,0.0,0.0498,0.2828,0.0,0.0,0.4792,0,RENDA_FIXA,1,13.08,CONSERVADOR,0.0,TRIBUTADO,0.101,0
synth-cli-0149,coe-0,2026-05-16,651022.49,CONSERVADOR,CONSERVADOR,4,9.0,3,0.4792,0.0,0.0498,0.2828,0.0,0.0,0.4792,0,ESTRUTURADOS,5,19.22,ARROJADO,0.0,TRIBUTADO,36.0,0
synth-cli-0149,rf-isento-0,2026-04-10,651022.49,CONSERVADOR,CONSERVADOR,4,9.0,3,0.4792,0.0,0.0498,0.2828,0.0,0.0,0.4792,0,RENDA_FIXA,1,11.04,CONSERVADOR,0.0,ISENTO,24.0,1
synth-cli-0149,firf-1,2026-04-04,651022.49,CONSERVADOR,CONSERVADOR,4,9.0,3,0.4792,0.0,0.0498,0.2828,0.0,0.0,0.4792,0,FUNDOS,2,12.07,CONSERVADOR,0.99,TRIBUTADO,1.0,1
synth-cli-0149,prev-1,2026-01-07,651022.49,CONSERVADOR,CONSERVADOR,4,9.0,3,0.4792,0.0,0.0498,0.2828,0.0,0.0,0.4792,0,PREVIDENCIA,3,10.58,MODERADO,0.86,INCENTIVADO,0.167,0
synth-cli-0149,rv-itsa4,2026-02-01,651022.49,CONSERVADOR,CONSERVADOR,4,9.0,3,0.4792,0.0,0.0498,0.2828,0.0,0.0,0.4792,0,RENDA_VARIAVEL,4,15.45,ARROJADO,0.0,TRIBUTADO,0.067,0
synth-cli-0149,rf-pub-2,2026-02-25,651022.49,CONSERVADOR,CONSERVADOR,4,9.0,3,0.4792,0.0,0.0498,0.2828,0.0,0.0,0.4792,0,RENDA_FIXA,3,13.26,MODERADO,0.0,INCENTIVADO,36.0,0
synth-cli-0149,rf-cdb-3,2026-03-06,651022.49,CONSERVADOR,CONSERVADOR,4,9.0,3,0.4792,0.0,0.0498,0.2828,0.0,0.0,0.4792,0,RENDA_FIXA,1,13.62,CONSERVADOR,0.0,TRIBUTADO,0.042,1
synth-cli-0149,fundo-mm-3,2026-05-28,651022.49,CONSERVADOR,CONSERVADOR,4,9.0,3,0.4792,0.0,0.0498,0.2828,0.0,0.0,0.4792,0,FUNDOS,4,16.33,ARROJADO,1.5,TRIBUTADO,1.093,0
synth-cli-0149,cambio-0,2026-04-26,651022.49,CONSERVADOR,CONSERVADOR,4,9.0,3,0.4792,0.0,0.0498,0.2828,0.0,0.0,0.4792,0,CAMBIO,4,11.55,ARROJADO,1.87,TRIBUTADO,1.0,0
synth-cli-0149,rf-isento-2,2026-02-05,651022.49,CONSERVADOR,CONSERVADOR,4,9.0,3,0.4792,0.0,0.0498,0.2828,0.0,0.0,0.4792,0,RENDA_FIXA,1,11.97,CONSERVADOR,0.0,ISENTO,24.0,1
synth-cli-0149,firf-2,2026-05-19,651022.49,CONSERVADOR,CONSERVADOR,4,9.0,3,0.4792,0.0,0.0498,0.2828,0.0,0.0,0.4792,0,FUNDOS,2,11.76,CONSERVADOR,0.78,TRIBUTADO,1.0,0
synth-cli-0149,rf-isento-1,2026-04-12,651022.49,CONSERVADOR,CONSERVADOR,4,9.0,3,0.4792,0.0,0.0498,0.2828,0.0,0.0,0.4792,1,RENDA_FIXA,1,11.3,CONSERVADOR,0.0,ISENTO,24.0,0
synth-cli-0149,rv-bpac11,2026-04-01,651022.49,CONSERVADOR,CONSERVADOR,4,9.0,3,0.4792,0.0,0.0498,0.2828,0.0,0.0,0.4792,0,RENDA_VARIAVEL,4,19.32,ARROJADO,0.0,ISENTO,0.067,0
synth-cli-0149,cambio-1,2026-03-21,651022.49,CONSERVADOR,CONSERVADOR,4,9.0,3,0.4792,0.0,0.0498,0.2828,0.0,0.0,0.4792,0,CAMBIO,4,10.47,ARROJADO,1.77,TRIBUTADO,1.0,0
synth-cli-0149,rf-pub-0,2026-04-18,651022.49,CONSERVADOR,CONSERVADOR,4,9.0,3,0.4792,0.0,0.0498,0.2828,0.0,0.0,0.4792,0,RENDA_FIXA,1,6.5,CONSERVADOR,0.0,TRIBUTADO,0.033,1
synth-cli-0149,rf-cdb-4,2026-01-03,651022.49,CONSERVADOR,CONSERVADOR,4,9.0,3,0.4792,0.0,0.0498,0.2828,0.0,0.0,0.4792,0,RENDA_FIXA,1,11.98,CONSERVADOR,0.0,TRIBUTADO,0.036,0
synth-cli-0149,rv-knri11,2026-03-16,651022.49,CONSERVADOR,CONSERVADOR,4,9.0,3,0.4792,0.0,0.0498,0.2828,0.0,0.0,0.4792,0,RENDA_VARIAVEL,3,11.32,MODERADO,0.0,ISENTO,0.067,0
synth-cli-0150,firf-0,2026-02-05,1048417.61,MODERADO,MODERADO,10,11.7,4,0.4759,0.1424,0.1589,0.1228,0.0,0.0,0.4759,0,FUNDOS,2,12.61,CONSERVADOR,0.86,TRIBUTADO,1.0,1
synth-cli-0150,cambio-0,2026-04-01,1048417.61,MODERADO,MODERADO,10,11.7,4,0.4759,0.1424,0.1589,0.1228,0.0,0.0,0.4759,0,CAMBIO,4,11.55,ARROJADO,1.87,TRIBUTADO,1.0,0
synth-cli-0150,rf-pub-2,2026-05-26,1048417.61,MODERADO,MODERADO,10,11.7,4,0.4759,0.1424,0.1589,0.1228,0.0,0.0,0.4759,1,RENDA_FIXA,3,13.26,MODERADO,0.0,INCENTIVADO,36.0,0
synth-cli-0150,rf-cdb-4,2026-05-22,1048417.61,MODERADO,MODERADO,10,11.7,4,0.4759,0.1424,0.1589,0.1228,0.0,0.0,0.4759,0,RENDA_FIXA,1,11.98,CONSERVADOR,0.0,TRIBUTADO,0.036,1
synth-cli-0150,rf-cdb-3,2026-02-11,1048417.61,MODERADO,MODERADO,10,11.7,4,0.4759,0.1424,0.1589,0.1228,0.0,0.0,0.4759,0,RENDA_FIXA,1,13.62,CONSERVADOR,0.0,TRIBUTADO,0.042,1
synth-cli-0150,rf-cdb-0,2026-04-26,1048417.61,MODERADO,MODERADO,10,11.7,4,0.4759,0.1424,0.1589,0.1228,0.0,0.0,0.4759,0,RENDA_FIXA,1,12.74,CONSERVADOR,0.0,TRIBUTADO,0.036,0
synth-cli-0150,rf-pub-0,2026-02-04,1048417.61,MODERADO,MODERADO,10,11.7,4,0.4759,0.1424,0.1589,0.1228,0.0,0.0,0.4759,0,RENDA_FIXA,1,6.5,CONSERVADOR,0.0,TRIBUTADO,0.033,0
synth-cli-0150,rf-cdb-2,2026-05-21,1048417.61,MODERADO,MODERADO,10,11.7,4,0.4759,0.1424,0.1589,0.1228,0.0,0.0,0.4759,0,RENDA_FIXA,1,13.08,CONSERVADOR,0.0,TRIBUTADO,0.101,1
synth-cli-0150,firf-2,2026-02-28,1048417.61,MODERADO,MODERADO,10,11.7,4,0.4759,0.1424,0.1589,0.1228,0.0,0.0,0.4759,0,FUNDOS,2,11.76,CONSERVADOR,0.78,TRIBUTADO,1.0,1
synth-cli-0150,prev-0,2026-01-16,1048417.61,MODERADO,MODERADO,10,11.7,4,0.4759,0.1424,0.1589,0.1228,0.0,0.0,0.4759,0,PREVIDENCIA,2,10.09,CONSERVADOR,0.96,INCENTIVADO,0.167,0
synth-cli-0150,rf-pub-1,2026-01-19,1048417.61,MODERADO,MODERADO,10,11.7,4,0.4759,0.1424,0.1589,0.1228,0.0,0.0,0.4759,0,RENDA_FIXA,3,12.55,MODERADO,0.0,INCENTIVADO,36.0,0
synth-cli-0150,fundo-mm-3,2026-04-27,1048417.61,MODERADO,MODERADO,10,11.7,4,0.4759,0.1424,0.1589,0.1228,0.0,0.0,0.4759,0,FUNDOS,4,16.33,ARROJADO,1.5,TRIBUTADO,1.093,0
synth-cli-0150,firf-1,2026-04-02,1048417.61,MODERADO,MODERADO,10,11.7,4,0.4759,0.1424,0.1589,0.1228,0.0,0.0,0.4759,0,FUNDOS,2,12.07,CONSERVADOR,0.99,TRIBUTADO,1.0,0
synth-cli-0150,fundo-mm-0,2026-01-28,1048417.61,MODERADO,MODERADO,10,11.7,4,0.4759,0.1424,0.1589,0.1228,0.0,0.0,0.4759,0,FUNDOS,3,14.68,MODERADO,1.33,TRIBUTADO,1.589,0
synth-cli-0150,rf-isento-0,2026-04-01,1048417.61,MODERADO,MODERADO,10,11.7,4,0.4759,0.1424,0.1589,0.1228,0.0,0.0,0.4759,0,RENDA_FIXA,1,11.04,CONSERVADOR,0.0,ISENTO,24.0,1
synth-cli-0150,fundo-mm-4,2026-03-13,1048417.61,MODERADO,MODERADO,10,11.7,4,0.4759,0.1424,0.1589,0.1228,0.0,0.0,0.4759,0,FUNDOS,3,12.89,MODERADO,2.27,TRIBUTADO,1.604,0
synth-cli-0150,rf-cdb-1,2026-02-16,1048417.61,MODERADO,MODERADO,10,11.7,4,0.4759,0.1424,0.1589,0.1228,0.0,0.0,0.4759,0,RENDA_FIXA,1,11.46,CONSERVADOR,0.0,TRIBUTADO,0.056,1
synth-cli-0150,fundo-mm-1,2026-05-14,1048417.61,MODERADO,MODERADO,10,11.7,4,0.4759,0.1424,0.1589,0.1228,0.0,0.0,0.4759,0,FUNDOS,4,15.74,ARROJADO,1.01,TRIBUTADO,1.806,0
synth-cli-0150,rf-isento-2,2026-02-08,1048417.61,MODERADO,MODERADO,10,11.7,4,0.4759,0.1424,0.1589,0.1228,0.0,0.0,0.4759,0,RENDA_FIXA,1,11.97,CONSERVADOR,0.0,ISENTO,24.0,0
synth-cli-0150,rv-knri11,2026-03-16,1048417.61,MODERADO,MODERADO,10,11.7,4,0.4759,0.1424,0.1589,0.1228,0.0,0.0,0.4759,0,RENDA_VARIAVEL,3,11.32,MODERADO,0.0,ISENTO,0.067,0
synth-cli-0151,fundo-mm-2,2026-03-13,2340950.85,ARROJADO,ARROJADO,11,21.9,3,0.0,0.2559,0.3885,0.0719,0.0,0.0,0.3885,1,FUNDOS,3,15.29,MODERADO,1.51,TRIBUTADO,1.155,0
synth-cli-0151,rv-bpac11,2026-03-10,2340950.85,ARROJADO,ARROJADO,11,21.9,3,0.0,0.2559,0.3885,0.0719,0.0,0.0,0.3885,0,RENDA_VARIAVEL,4,19.32,ARROJADO,0.0,ISENTO,0.067,0
synth-cli-0151,rf-cdb-0,2026-04-17,2340950.85,ARROJADO,ARROJADO,11,21.9,3,0.0,0.2559,0.3885,0.0719,0.0,0.0,0.3885,0,RENDA_FIXA,1,12.74,CONSERVADOR,0.0,TRIBUTADO,0.036,0
synth-cli-0151,cambio-1,2026-05-23,2340950.85,ARROJADO,ARROJADO,11,21.9,3,0.0,0.2559,0.3885,0.0719,0.0,0.0,0.3885,1,CAMBIO,4,10.47,ARROJADO,1.77,TRIBUTADO,1.0,0
synth-cli-0151,rf-cdb-2,2026-05-20,2340950.85,ARROJADO,ARROJADO,11,21.9,3,0.0,0.2559,0.3885,0.0719,0.0,0.0,0.3885,0,RENDA_FIXA,1,13.08,CONSERVADOR,0.0,TRIBUTADO,0.101,0
synth-cli-0151,firf-1,2026-01-23,2340950.85,ARROJADO,ARROJADO,11,21.9,3,0.0,0.2559,0.3885,0.0719,0.0,0.0,0.3885,0,FUNDOS,2,12.07,CONSERVADOR,0.99,TRIBUTADO,1.0,0
synth-cli-0151,prev-2,2026-03-18,2340950.85,ARROJADO,ARROJADO,11,21.9,3,0.0,0.2559,0.3885,0.0719,0.0,0.0,0.3885,0,PREVIDENCIA,2,10.47,MODERADO,0.87,INCENTIVADO,0.167,0
synth-cli-0151,rv-btlg11,2026-03-09,2340950.85,ARROJADO,ARROJADO,11,21.9,3,0.0,0.2559,0.3885,0.0719,0.0,0.0,0.3885,0,RENDA_VARIAVEL,3,11.31,MODERADO,0.0,ISENTO,0.067,1
synth-cli-0151,rf-cdb-4,2026-05-17,2340950.85,ARROJADO,ARROJADO,11,21.9,3,0.0,0.2559,0.3885,0.0719,0.0,0.0,0.3885,0,RENDA_FIXA,1,11.98,CONSERVADOR,0.0,TRIBUTADO,0.036,0
synth-cli-0151,rv-ivvb11,2026-03-08,2340950.85,ARROJADO,ARROJADO,11,21.9,3,0.0,0.2559,0.3885,0.0719,0.0,0.0,0.3885,0,RENDA_VARIAVEL,4,17.47,ARROJADO,0.0,ISENTO,0.067,0
synth-cli-0152,fundo-mm-0,2026-03-23,472269.14,ARROJADO,ARROJADO,10,27.6,2,0.0,0.5305,0.0,0.0,0.3036,0.0,0.5305,0,FUNDOS,3,14.68,MODERADO,1.33,TRIBUTADO,1.589,1
synth-cli-0152,rf-isento-1,2026-03-07,472269.14,ARROJADO,ARROJADO,10,27.6,2,0.0,0.5305,0.0,0.0,0.3036,0.0,0.5305,0,RENDA_FIXA,1,11.3,CONSERVADOR,0.0,ISENTO,24.0,1
synth-cli-0152,rf-pub-1,2026-03-21,472269.14,ARROJADO,ARROJADO,10,27.6,2,0.0,0.5305,0.0,0.0,0.3036,0.0,0.5305,0,RENDA_FIXA,3,12.55,MODERADO,0.0,INCENTIVADO,36.0,1
synth-cli-0152,prev-2,2026-05-26,472269.14,ARROJADO,ARROJADO,10,27.6,2,0.0,0.5305,0.0,0.0,0.3036,0.0,0.5305,0,PREVIDENCIA,2,10.47,MODERADO,0.87,INCENTIVADO,0.167,1
synth-cli-0152,rf-isento-2,2026-04-12,472269.14,ARROJADO,ARROJADO,10,27.6,2,0.0,0.5305,0.0,0.0,0.3036,0.0,0.5305,0,RENDA_FIXA,1,11.97,CONSERVADOR,0.0,ISENTO,24.0,0
synth-cli-0152,firf-0,2026-04-23,472269.14,ARROJADO,ARROJADO,10,27.6,2,0.0,0.5305,0.0,0.0,0.3036,0.0,0.5305,0,FUNDOS,2,12.61,CONSERVADOR,0.86,TRIBUTADO,1.0,1
synth-cli-0152,rv-itsa4,2026-02-09,472269.14,ARROJADO,ARROJADO,10,27.6,2,0.0,0.5305,0.0,0.0,0.3036,0.0,0.5305,0,RENDA_VARIAVEL,4,15.45,ARROJADO,0.0,TRIBUTADO,0.067,1
synth-cli-0152,fundo-mm-2,2026-03-04,472269.14,ARROJADO,ARROJADO,10,27.6,2,0.0,0.5305,0.0,0.0,0.3036,0.0,0.5305,0,FUNDOS,3,15.29,MODERADO,1.51,TRIBUTADO,1.155,1
synth-cli-0152,rf-isento-0,2026-01-03,472269.14,ARROJADO,ARROJADO,10,27.6,2,0.0,0.5305,0.0,0.0,0.3036,0.0,0.5305,0,RENDA_FIXA,1,11.04,CONSERVADOR,0.0,ISENTO,24.0,0
synth-cli-0152,rv-btlg11,2026-03-16,472269.14,ARROJADO,ARROJADO,10,27.6,2,0.0,0.5305,0.0,0.0,0.3036,0.0,0.5305,0,RENDA_VARIAVEL,3,11.31,MODERADO,0.0,ISENTO,0.067,1
synth-cli-0152,rv-bpac11,2026-05-19,472269.14,ARROJADO,ARROJADO,10,27.6,2,0.0,0.5305,0.0,0.0,0.3036,0.0,0.5305,1,RENDA_VARIAVEL,4,19.32,ARROJADO,0.0,ISENTO,0.067,0
synth-cli-0152,rv-knri11,2026-03-02,472269.14,ARROJADO,ARROJADO,10,27.6,2,0.0,0.5305,0.0,0.0,0.3036,0.0,0.5305,0,RENDA_VARIAVEL,3,11.32,MODERADO,0.0,ISENTO,0.067,1
synth-cli-0152,coe-1,2026-04-20,472269.14,ARROJADO,ARROJADO,10,27.6,2,0.0,0.5305,0.0,0.0,0.3036,0.0,0.5305,0,ESTRUTURADOS,5,22.09,ARROJADO,0.0,TRIBUTADO,36.0,1
synth-cli-0152,rf-cdb-4,2026-04-13,472269.14,ARROJADO,ARROJADO,10,27.6,2,0.0,0.5305,0.0,0.0,0.3036,0.0,0.5305,0,RENDA_FIXA,1,11.98,CONSERVADOR,0.0,TRIBUTADO,0.036,1
synth-cli-0153,rf-cdb-3,2026-05-02,1411874.16,ARROJADO,AGRESSIVO,7,26.1,2,0.0,0.5361,0.0,0.0,0.0,0.1801,0.5361,0,RENDA_FIXA,1,13.62,CONSERVADOR,0.0,TRIBUTADO,0.042,0
synth-cli-0153,rf-cdb-4,2026-03-20,1411874.16,ARROJADO,AGRESSIVO,7,26.1,2,0.0,0.5361,0.0,0.0,0.0,0.1801,0.5361,0,RENDA_FIXA,1,11.98,CONSERVADOR,0.0,TRIBUTADO,0.036,1
synth-cli-0153,rf-pub-0,2026-02-20,1411874.16,ARROJADO,AGRESSIVO,7,26.1,2,0.0,0.5361,0.0,0.0,0.0,0.1801,0.5361,0,RENDA_FIXA,1,6.5,CONSERVADOR,0.0,TRIBUTADO,0.033,1
synth-cli-0153,cambio-1,2026-03-18,1411874.16,ARROJADO,AGRESSIVO,7,26.1,2,0.0,0.5361,0.0,0.0,0.0,0.1801,0.5361,0,CAMBIO,4,10.47,ARROJADO,1.77,TRIBUTADO,1.0,0
synth-cli-0153,fundo-mm-0,2026-05-11,1411874.16,ARROJADO,AGRESSIVO,7,26.1,2,0.0,0.5361,0.0,0.0,0.0,0.1801,0.5361,0,FUNDOS,3,14.68,MODERADO,1.33,TRIBUTADO,1.589,1
synth-cli-0153,prev-0,2026-02-26,1411874.16,ARROJADO,AGRESSIVO,7,26.1,2,0.0,0.5361,0.0,0.0,0.0,0.1801,0.5361,0,PREVIDENCIA,2,10.09,CONSERVADOR,0.96,INCENTIVADO,0.167,0
synth-cli-0153,rf-cdb-1,2026-01-06,1411874.16,ARROJADO,AGRESSIVO,7,26.1,2,0.0,0.5361,0.0,0.0,0.0,0.1801,0.5361,0,RENDA_FIXA,1,11.46,CONSERVADOR,0.0,TRIBUTADO,0.056,1
synth-cli-0153,prev-1,2026-05-09,1411874.16,ARROJADO,AGRESSIVO,7,26.1,2,0.0,0.5361,0.0,0.0,0.0,0.1801,0.5361,0,PREVIDENCIA,3,10.58,MODERADO,0.86,INCENTIVADO,0.167,1
synth-cli-0153,rf-cdb-2,2026-04-08,1411874.16,ARROJADO,AGRESSIVO,7,26.1,2,0.0,0.5361,0.0,0.0,0.0,0.1801,0.5361,0,RENDA_FIXA,1,13.08,CONSERVADOR,0.0,TRIBUTADO,0.101,1
synth-cli-0153,rf-isento-0,2026-05-06,1411874.16,ARROJADO,AGRESSIVO,7,26.1,2,0.0,0.5361,0.0,0.0,0.0,0.1801,0.5361,0,RENDA_FIXA,1,11.04,CONSERVADOR,0.0,ISENTO,24.0,1
synth-cli-0153,coe-0,2026-02-09,1411874.16,ARROJADO,AGRESSIVO,7,26.1,2,0.0,0.5361,0.0,0.0,0.0,0.1801,0.5361,1,ESTRUTURADOS,5,19.22,ARROJADO,0.0,TRIBUTADO,36.0,0
synth-cli-0153,firf-1,2026-05-28,1411874.16,ARROJADO,AGRESSIVO,7,26.1,2,0.0,0.5361,0.0,0.0,0.0,0.1801,0.5361,0,FUNDOS,2,12.07,CONSERVADOR,0.99,TRIBUTADO,1.0,1
synth-cli-0153,rv-bpac11,2026-04-15,1411874.16,ARROJADO,AGRESSIVO,7,26.1,2,0.0,0.5361,0.0,0.0,0.0,0.1801,0.5361,0,RENDA_VARIAVEL,4,19.32,ARROJADO,0.0,ISENTO,0.067,1
synth-cli-0153,rv-itsa4,2026-04-15,1411874.16,ARROJADO,AGRESSIVO,7,26.1,2,0.0,0.5361,0.0,0.0,0.0,0.1801,0.5361,0,RENDA_VARIAVEL,4,15.45,ARROJADO,0.0,TRIBUTADO,0.067,1
synth-cli-0153,cambio-0,2026-04-28,1411874.16,ARROJADO,AGRESSIVO,7,26.1,2,0.0,0.5361,0.0,0.0,0.0,0.1801,0.5361,0,CAMBIO,4,11.55,ARROJADO,1.87,TRIBUTADO,1.0,1
synth-cli-0153,rv-ivvb11,2026-03-07,1411874.16,ARROJADO,AGRESSIVO,7,26.1,2,0.0,0.5361,0.0,0.0,0.0,0.1801,0.5361,0,RENDA_VARIAVEL,4,17.47,ARROJADO,0.0,ISENTO,0.067,1
synth-cli-0153,fundo-mm-3,2026-04-14,1411874.16,ARROJADO,AGRESSIVO,7,26.1,2,0.0,0.5361,0.0,0.0,0.0,0.1801,0.5361,0,FUNDOS,4,16.33,ARROJADO,1.5,TRIBUTADO,1.093,0
synth-cli-0153,prev-2,2026-04-17,1411874.16,ARROJADO,AGRESSIVO,7,26.1,2,0.0,0.5361,0.0,0.0,0.0,0.1801,0.5361,0,PREVIDENCIA,2,10.47,MODERADO,0.87,INCENTIVADO,0.167,1
synth-cli-0154,prev-2,2026-02-13,3631536.0,MODERADO,MODERADO,9,16.6,3,0.6423,0.0751,0.1601,0.0,0.0,0.0,0.6423,0,PREVIDENCIA,2,10.47,MODERADO,0.87,INCENTIVADO,0.167,0
synth-cli-0154,fundo-mm-3,2026-04-01,3631536.0,MODERADO,MODERADO,9,16.6,3,0.6423,0.0751,0.1601,0.0,0.0,0.0,0.6423,0,FUNDOS,4,16.33,ARROJADO,1.5,TRIBUTADO,1.093,0
synth-cli-0154,rv-bpac11,2026-05-08,3631536.0,MODERADO,MODERADO,9,16.6,3,0.6423,0.0751,0.1601,0.0,0.0,0.0,0.6423,0,RENDA_VARIAVEL,4,19.32,ARROJADO,0.0,ISENTO,0.067,0
synth-cli-0154,rf-pub-1,2026-01-13,3631536.0,MODERADO,MODERADO,9,16.6,3,0.6423,0.0751,0.1601,0.0,0.0,0.0,0.6423,0,RENDA_FIXA,3,12.55,MODERADO,0.0,INCENTIVADO,36.0,0
synth-cli-0154,fundo-mm-0,2026-03-13,3631536.0,MODERADO,MODERADO,9,16.6,3,0.6423,0.0751,0.1601,0.0,0.0,0.0,0.6423,0,FUNDOS,3,14.68,MODERADO,1.33,TRIBUTADO,1.589,1
synth-cli-0154,rf-cdb-4,2026-04-03,3631536.0,MODERADO,MODERADO,9,16.6,3,0.6423,0.0751,0.1601,0.0,0.0,0.0,0.6423,0,RENDA_FIXA,1,11.98,CONSERVADOR,0.0,TRIBUTADO,0.036,1
synth-cli-0154,rv-btlg11,2026-03-08,3631536.0,MODERADO,MODERADO,9,16.6,3,0.6423,0.0751,0.1601,0.0,0.0,0.0,0.6423,0,RENDA_VARIAVEL,3,11.31,MODERADO,0.0,ISENTO,0.067,1
synth-cli-0154,rf-cdb-2,2026-02-06,3631536.0,MODERADO,MODERADO,9,16.6,3,0.6423,0.0751,0.1601,0.0,0.0,0.0,0.6423,0,RENDA_FIXA,1,13.08,CONSERVADOR,0.0,TRIBUTADO,0.101,1
synth-cli-0154,coe-1,2026-05-21,3631536.0,MODERADO,MODERADO,9,16.6,3,0.6423,0.0751,0.1601,0.0,0.0,0.0,0.6423,0,ESTRUTURADOS,5,22.09,ARROJADO,0.0,TRIBUTADO,36.0,0
synth-cli-0154,rv-itsa4,2026-05-26,3631536.0,MODERADO,MODERADO,9,16.6,3,0.6423,0.0751,0.1601,0.0,0.0,0.0,0.6423,0,RENDA_VARIAVEL,4,15.45,ARROJADO,0.0,TRIBUTADO,0.067,0
synth-cli-0154,fundo-mm-1,2026-01-13,3631536.0,MODERADO,MODERADO,9,16.6,3,0.6423,0.0751,0.1601,0.0,0.0,0.0,0.6423,0,FUNDOS,4,15.74,ARROJADO,1.01,TRIBUTADO,1.806,0
synth-cli-0154,rf-pub-0,2026-02-03,3631536.0,MODERADO,MODERADO,9,16.6,3,0.6423,0.0751,0.1601,0.0,0.0,0.0,0.6423,0,RENDA_FIXA,1,6.5,CONSERVADOR,0.0,TRIBUTADO,0.033,1
synth-cli-0154,rv-ivvb11,2026-02-03,3631536.0,MODERADO,MODERADO,9,16.6,3,0.6423,0.0751,0.1601,0.0,0.0,0.0,0.6423,0,RENDA_VARIAVEL,4,17.47,ARROJADO,0.0,ISENTO,0.067,0
synth-cli-0154,coe-0,2026-05-02,3631536.0,MODERADO,MODERADO,9,16.6,3,0.6423,0.0751,0.1601,0.0,0.0,0.0,0.6423,0,ESTRUTURADOS,5,19.22,ARROJADO,0.0,TRIBUTADO,36.0,0
synth-cli-0154,firf-1,2026-02-10,3631536.0,MODERADO,MODERADO,9,16.6,3,0.6423,0.0751,0.1601,0.0,0.0,0.0,0.6423,0,FUNDOS,2,12.07,CONSERVADOR,0.99,TRIBUTADO,1.0,1
synth-cli-0154,rf-isento-2,2026-04-09,3631536.0,MODERADO,MODERADO,9,16.6,3,0.6423,0.0751,0.1601,0.0,0.0,0.0,0.6423,0,RENDA_FIXA,1,11.97,CONSERVADOR,0.0,ISENTO,24.0,1
synth-cli-0154,prev-0,2026-02-17,3631536.0,MODERADO,MODERADO,9,16.6,3,0.6423,0.0751,0.1601,0.0,0.0,0.0,0.6423,0,PREVIDENCIA,2,10.09,CONSERVADOR,0.96,INCENTIVADO,0.167,1
synth-cli-0154,firf-0,2026-01-20,3631536.0,MODERADO,MODERADO,9,16.6,3,0.6423,0.0751,0.1601,0.0,0.0,0.0,0.6423,0,FUNDOS,2,12.61,CONSERVADOR,0.86,TRIBUTADO,1.0,1
synth-cli-0154,prev-1,2026-02-10,3631536.0,MODERADO,MODERADO,9,16.6,3,0.6423,0.0751,0.1601,0.0,0.0,0.0,0.6423,0,PREVIDENCIA,3,10.58,MODERADO,0.86,INCENTIVADO,0.167,1
synth-cli-0154,rf-cdb-3,2026-04-06,3631536.0,MODERADO,MODERADO,9,16.6,3,0.6423,0.0751,0.1601,0.0,0.0,0.0,0.6423,0,RENDA_FIXA,1,13.62,CONSERVADOR,0.0,TRIBUTADO,0.042,0
synth-cli-0155,rf-cdb-0,2026-02-26,4283405.7,CONSERVADOR,CONSERVADOR,3,8.3,2,0.0,0.0,0.2186,0.5218,0.0,0.0,0.5218,0,RENDA_FIXA,1,12.74,CONSERVADOR,0.0,TRIBUTADO,0.036,0
synth-cli-0155,prev-1,2026-02-25,4283405.7,CONSERVADOR,CONSERVADOR,3,8.3,2,0.0,0.0,0.2186,0.5218,0.0,0.0,0.5218,0,PREVIDENCIA,3,10.58,MODERADO,0.86,INCENTIVADO,0.167,0
synth-cli-0155,rf-pub-1,2026-01-17,4283405.7,CONSERVADOR,CONSERVADOR,3,8.3,2,0.0,0.0,0.2186,0.5218,0.0,0.0,0.5218,0,RENDA_FIXA,3,12.55,MODERADO,0.0,INCENTIVADO,36.0,0
synth-cli-0155,rv-bpac11,2026-01-13,4283405.7,CONSERVADOR,CONSERVADOR,3,8.3,2,0.0,0.0,0.2186,0.5218,0.0,0.0,0.5218,0,RENDA_VARIAVEL,4,19.32,ARROJADO,0.0,ISENTO,0.067,0
synth-cli-0155,rv-btlg11,2026-01-16,4283405.7,CONSERVADOR,CONSERVADOR,3,8.3,2,0.0,0.0,0.2186,0.5218,0.0,0.0,0.5218,0,RENDA_VARIAVEL,3,11.31,MODERADO,0.0,ISENTO,0.067,0
synth-cli-0155,rf-cdb-2,2026-02-08,4283405.7,CONSERVADOR,CONSERVADOR,3,8.3,2,0.0,0.0,0.2186,0.5218,0.0,0.0,0.5218,0,RENDA_FIXA,1,13.08,CONSERVADOR,0.0,TRIBUTADO,0.101,1
synth-cli-0155,cambio-0,2026-03-19,4283405.7,CONSERVADOR,CONSERVADOR,3,8.3,2,0.0,0.0,0.2186,0.5218,0.0,0.0,0.5218,0,CAMBIO,4,11.55,ARROJADO,1.87,TRIBUTADO,1.0,0
synth-cli-0155,rf-cdb-3,2026-01-23,4283405.7,CONSERVADOR,CONSERVADOR,3,8.3,2,0.0,0.0,0.2186,0.5218,0.0,0.0,0.5218,0,RENDA_FIXA,1,13.62,CONSERVADOR,0.0,TRIBUTADO,0.042,1
synth-cli-0155,rf-isento-0,2026-05-25,4283405.7,CONSERVADOR,CONSERVADOR,3,8.3,2,0.0,0.0,0.2186,0.5218,0.0,0.0,0.5218,0,RENDA_FIXA,1,11.04,CONSERVADOR,0.0,ISENTO,24.0,1
synth-cli-0155,rf-pub-0,2026-03-15,4283405.7,CONSERVADOR,CONSERVADOR,3,8.3,2,0.0,0.0,0.2186,0.5218,0.0,0.0,0.5218,0,RENDA_FIXA,1,6.5,CONSERVADOR,0.0,TRIBUTADO,0.033,1
synth-cli-0155,firf-1,2026-04-22,4283405.7,CONSERVADOR,CONSERVADOR,3,8.3,2,0.0,0.0,0.2186,0.5218,0.0,0.0,0.5218,0,FUNDOS,2,12.07,CONSERVADOR,0.99,TRIBUTADO,1.0,1
synth-cli-0155,rv-knri11,2026-05-18,4283405.7,CONSERVADOR,CONSERVADOR,3,8.3,2,0.0,0.0,0.2186,0.5218,0.0,0.0,0.5218,0,RENDA_VARIAVEL,3,11.32,MODERADO,0.0,ISENTO,0.067,0
synth-cli-0155,fundo-mm-3,2026-05-15,4283405.7,CONSERVADOR,CONSERVADOR,3,8.3,2,0.0,0.0,0.2186,0.5218,0.0,0.0,0.5218,0,FUNDOS,4,16.33,ARROJADO,1.5,TRIBUTADO,1.093,0
synth-cli-0155,rv-ivvb11,2026-05-12,4283405.7,CONSERVADOR,CONSERVADOR,3,8.3,2,0.0,0.0,0.2186,0.5218,0.0,0.0,0.5218,0,RENDA_VARIAVEL,4,17.47,ARROJADO,0.0,ISENTO,0.067,1
synth-cli-0155,fundo-mm-0,2026-05-23,4283405.7,CONSERVADOR,CONSERVADOR,3,8.3,2,0.0,0.0,0.2186,0.5218,0.0,0.0,0.5218,0,FUNDOS,3,14.68,MODERADO,1.33,TRIBUTADO,1.589,0
synth-cli-0156,prev-0,2026-02-14,6101979.13,MODERADO,ARROJADO,10,17.3,4,0.3208,0.1095,0.1447,0.165,0.0,0.0,0.3208,0,PREVIDENCIA,2,10.09,CONSERVADOR,0.96,INCENTIVADO,0.167,0
synth-cli-0156,rf-isento-0,2026-02-15,6101979.13,MODERADO,ARROJADO,10,17.3,4,0.3208,0.1095,0.1447,0.165,0.0,0.0,0.3208,1,RENDA_FIXA,1,11.04,CONSERVADOR,0.0,ISENTO,24.0,0
synth-cli-0156,firf-0,2026-02-21,6101979.13,MODERADO,ARROJADO,10,17.3,4,0.3208,0.1095,0.1447,0.165,0.0,0.0,0.3208,0,FUNDOS,2,12.61,CONSERVADOR,0.86,TRIBUTADO,1.0,0
synth-cli-0156,fundo-mm-2,2026-02-15,6101979.13,MODERADO,ARROJADO,10,17.3,4,0.3208,0.1095,0.1447,0.165,0.0,0.0,0.3208,0,FUNDOS,3,15.29,MODERADO,1.51,TRIBUTADO,1.155,1
synth-cli-0156,rf-pub-0,2026-04-15,6101979.13,MODERADO,ARROJADO,10,17.3,4,0.3208,0.1095,0.1447,0.165,0.0,0.0,0.3208,0,RENDA_FIXA,1,6.5,CONSERVADOR,0.0,TRIBUTADO,0.033,1
synth-cli-0156,coe-1,2026-03-07,6101979.13,MODERADO,ARROJADO,10,17.3,4,0.3208,0.1095,0.1447,0.165,0.0,0.0,0.3208,0,ESTRUTURADOS,5,22.09,ARROJADO,0.0,TRIBUTADO,36.0,0
synth-cli-0156,fundo-mm-4,2026-02-21,6101979.13,MODERADO,ARROJADO,10,17.3,4,0.3208,0.1095,0.1447,0.165,0.0,0.0,0.3208,0,FUNDOS,3,12.89,MODERADO,2.27,TRIBUTADO,1.604,1
synth-cli-0156,rf-cdb-4,2026-03-12,6101979.13,MODERADO,ARROJADO,10,17.3,4,0.3208,0.1095,0.1447,0.165,0.0,0.0,0.3208,0,RENDA_FIXA,1,11.98,CONSERVADOR,0.0,TRIBUTADO,0.036,0
synth-cli-0156,rf-cdb-1,2026-04-03,6101979.13,MODERADO,ARROJADO,10,17.3,4,0.3208,0.1095,0.1447,0.165,0.0,0.0,0.3208,0,RENDA_FIXA,1,11.46,CONSERVADOR,0.0,TRIBUTADO,0.056,1
synth-cli-0156,rf-pub-1,2026-03-27,6101979.13,MODERADO,ARROJADO,10,17.3,4,0.3208,0.1095,0.1447,0.165,0.0,0.0,0.3208,0,RENDA_FIXA,3,12.55,MODERADO,0.0,INCENTIVADO,36.0,1
synth-cli-0156,rf-cdb-2,2026-04-02,6101979.13,MODERADO,ARROJADO,10,17.3,4,0.3208,0.1095,0.1447,0.165,0.0,0.0,0.3208,1,RENDA_FIXA,1,13.08,CONSERVADOR,0.0,TRIBUTADO,0.101,0
synth-cli-0156,rv-bpac11,2026-04-03,6101979.13,MODERADO,ARROJADO,10,17.3,4,0.3208,0.1095,0.1447,0.165,0.0,0.0,0.3208,0,RENDA_VARIAVEL,4,19.32,ARROJADO,0.0,ISENTO,0.067,0
synth-cli-0156,fundo-mm-0,2026-02-01,6101979.13,MODERADO,ARROJADO,10,17.3,4,0.3208,0.1095,0.1447,0.165,0.0,0.0,0.3208,0,FUNDOS,3,14.68,MODERADO,1.33,TRIBUTADO,1.589,0
synth-cli-0156,rf-isento-1,2026-02-24,6101979.13,MODERADO,ARROJADO,10,17.3,4,0.3208,0.1095,0.1447,0.165,0.0,0.0,0.3208,0,RENDA_FIXA,1,11.3,CONSERVADOR,0.0,ISENTO,24.0,0
synth-cli-0156,rf-cdb-3,2026-02-21,6101979.13,MODERADO,ARROJADO,10,17.3,4,0.3208,0.1095,0.1447,0.165,0.0,0.0,0.3208,0,RENDA_FIXA,1,13.62,CONSERVADOR,0.0,TRIBUTADO,0.042,1
synth-cli-0156,coe-0,2026-01-15,6101979.13,MODERADO,ARROJADO,10,17.3,4,0.3208,0.1095,0.1447,0.165,0.0,0.0,0.3208,0,ESTRUTURADOS,5,19.22,ARROJADO,0.0,TRIBUTADO,36.0,0
synth-cli-0156,rv-itsa4,2026-05-15,6101979.13,MODERADO,ARROJADO,10,17.3,4,0.3208,0.1095,0.1447,0.165,0.0,0.0,0.3208,0,RENDA_VARIAVEL,4,15.45,ARROJADO,0.0,TRIBUTADO,0.067,0
synth-cli-0156,fundo-mm-3,2026-03-10,6101979.13,MODERADO,ARROJADO,10,17.3,4,0.3208,0.1095,0.1447,0.165,0.0,0.0,0.3208,0,FUNDOS,4,16.33,ARROJADO,1.5,TRIBUTADO,1.093,0
synth-cli-0156,rv-knri11,2026-05-19,6101979.13,MODERADO,ARROJADO,10,17.3,4,0.3208,0.1095,0.1447,0.165,0.0,0.0,0.3208,0,RENDA_VARIAVEL,3,11.32,MODERADO,0.0,ISENTO,0.067,1
synth-cli-0156,prev-2,2026-05-02,6101979.13,MODERADO,ARROJADO,10,17.3,4,0.3208,0.1095,0.1447,0.165,0.0,0.0,0.3208,0,PREVIDENCIA,2,10.47,MODERADO,0.87,INCENTIVADO,0.167,1
synth-cli-0157,rv-knri11,2026-02-14,506194.27,ARROJADO,ARROJADO,11,39.5,4,0.4072,0.0,0.3668,0.0683,0.0,0.06,0.4072,0,RENDA_VARIAVEL,3,11.32,MODERADO,0.0,ISENTO,0.067,0
synth-cli-0157,cambio-1,2026-02-14,506194.27,ARROJADO,ARROJADO,11,39.5,4,0.4072,0.0,0.3668,0.0683,0.0,0.06,0.4072,0,CAMBIO,4,10.47,ARROJADO,1.77,TRIBUTADO,1.0,0
synth-cli-0157,firf-2,2026-03-07,506194.27,ARROJADO,ARROJADO,11,39.5,4,0.4072,0.0,0.3668,0.0683,0.0,0.06,0.4072,0,FUNDOS,2,11.76,CONSERVADOR,0.78,TRIBUTADO,1.0,0
synth-cli-0157,firf-0,2026-03-24,506194.27,ARROJADO,ARROJADO,11,39.5,4,0.4072,0.0,0.3668,0.0683,0.0,0.06,0.4072,0,FUNDOS,2,12.61,CONSERVADOR,0.86,TRIBUTADO,1.0,0
synth-cli-0157,rf-cdb-2,2026-01-08,506194.27,ARROJADO,ARROJADO,11,39.5,4,0.4072,0.0,0.3668,0.0683,0.0,0.06,0.4072,0,RENDA_FIXA,1,13.08,CONSERVADOR,0.0,TRIBUTADO,0.101,0
synth-cli-0157,rf-cdb-4,2026-04-04,506194.27,ARROJADO,ARROJADO,11,39.5,4,0.4072,0.0,0.3668,0.0683,0.0,0.06,0.4072,0,RENDA_FIXA,1,11.98,CONSERVADOR,0.0,TRIBUTADO,0.036,0
synth-cli-0157,fundo-mm-1,2026-04-26,506194.27,ARROJADO,ARROJADO,11,39.5,4,0.4072,0.0,0.3668,0.0683,0.0,0.06,0.4072,0,FUNDOS,4,15.74,ARROJADO,1.01,TRIBUTADO,1.806,1
synth-cli-0157,rf-isento-2,2026-04-09,506194.27,ARROJADO,ARROJADO,11,39.5,4,0.4072,0.0,0.3668,0.0683,0.0,0.06,0.4072,0,RENDA_FIXA,1,11.97,CONSERVADOR,0.0,ISENTO,24.0,0
synth-cli-0157,rv-itsa4,2026-05-27,506194.27,ARROJADO,ARROJADO,11,39.5,4,0.4072,0.0,0.3668,0.0683,0.0,0.06,0.4072,0,RENDA_VARIAVEL,4,15.45,ARROJADO,0.0,TRIBUTADO,0.067,1
synth-cli-0157,fundo-mm-3,2026-02-22,506194.27,ARROJADO,ARROJADO,11,39.5,4,0.4072,0.0,0.3668,0.0683,0.0,0.06,0.4072,0,FUNDOS,4,16.33,ARROJADO,1.5,TRIBUTADO,1.093,1
synth-cli-0157,rv-ivvb11,2026-05-17,506194.27,ARROJADO,ARROJADO,11,39.5,4,0.4072,0.0,0.3668,0.0683,0.0,0.06,0.4072,0,RENDA_VARIAVEL,4,17.47,ARROJADO,0.0,ISENTO,0.067,1
synth-cli-0157,rf-isento-0,2026-02-08,506194.27,ARROJADO,ARROJADO,11,39.5,4,0.4072,0.0,0.3668,0.0683,0.0,0.06,0.4072,0,RENDA_FIXA,1,11.04,CONSERVADOR,0.0,ISENTO,24.0,0
synth-cli-0157,prev-1,2026-04-16,506194.27,ARROJADO,ARROJADO,11,39.5,4,0.4072,0.0,0.3668,0.0683,0.0,0.06,0.4072,0,PREVIDENCIA,3,10.58,MODERADO,0.86,INCENTIVADO,0.167,0
synth-cli-0157,coe-1,2026-04-02,506194.27,ARROJADO,ARROJADO,11,39.5,4,0.4072,0.0,0.3668,0.0683,0.0,0.06,0.4072,0,ESTRUTURADOS,5,22.09,ARROJADO,0.0,TRIBUTADO,36.0,1
synth-cli-0157,rf-pub-1,2026-03-26,506194.27,ARROJADO,ARROJADO,11,39.5,4,0.4072,0.0,0.3668,0.0683,0.0,0.06,0.4072,0,RENDA_FIXA,3,12.55,MODERADO,0.0,INCENTIVADO,36.0,0
synth-cli-0157,prev-2,2026-02-28,506194.27,ARROJADO,ARROJADO,11,39.5,4,0.4072,0.0,0.3668,0.0683,0.0,0.06,0.4072,0,PREVIDENCIA,2,10.47,MODERADO,0.87,INCENTIVADO,0.167,1
synth-cli-0157,rf-isento-1,2026-02-15,506194.27,ARROJADO,ARROJADO,11,39.5,4,0.4072,0.0,0.3668,0.0683,0.0,0.06,0.4072,0,RENDA_FIXA,1,11.3,CONSERVADOR,0.0,ISENTO,24.0,0
synth-cli-0157,coe-0,2026-01-23,506194.27,ARROJADO,ARROJADO,11,39.5,4,0.4072,0.0,0.3668,0.0683,0.0,0.06,0.4072,1,ESTRUTURADOS,5,19.22,ARROJADO,0.0,TRIBUTADO,36.0,0
synth-cli-0157,firf-1,2026-03-14,506194.27,ARROJADO,ARROJADO,11,39.5,4,0.4072,0.0,0.3668,0.0683,0.0,0.06,0.4072,0,FUNDOS,2,12.07,CONSERVADOR,0.99,TRIBUTADO,1.0,0
synth-cli-0157,fundo-mm-2,2026-01-08,506194.27,ARROJADO,ARROJADO,11,39.5,4,0.4072,0.0,0.3668,0.0683,0.0,0.06,0.4072,0,FUNDOS,3,15.29,MODERADO,1.51,TRIBUTADO,1.155,1
synth-cli-0157,rf-cdb-3,2026-04-22,506194.27,ARROJADO,ARROJADO,11,39.5,4,0.4072,0.0,0.3668,0.0683,0.0,0.06,0.4072,0,RENDA_FIXA,1,13.62,CONSERVADOR,0.0,TRIBUTADO,0.042,1
synth-cli-0157,rf-cdb-0,2026-03-02,506194.27,ARROJADO,ARROJADO,11,39.5,4,0.4072,0.0,0.3668,0.0683,0.0,0.06,0.4072,1,RENDA_FIXA,1,12.74,CONSERVADOR,0.0,TRIBUTADO,0.036,0
synth-cli-0157,rv-btlg11,2026-04-05,506194.27,ARROJADO,ARROJADO,11,39.5,4,0.4072,0.0,0.3668,0.0683,0.0,0.06,0.4072,1,RENDA_VARIAVEL,3,11.31,MODERADO,0.0,ISENTO,0.067,0
synth-cli-0157,prev-0,2026-03-04,506194.27,ARROJADO,ARROJADO,11,39.5,4,0.4072,0.0,0.3668,0.0683,0.0,0.06,0.4072,0,PREVIDENCIA,2,10.09,CONSERVADOR,0.96,INCENTIVADO,0.167,0
synth-cli-0157,rv-bpac11,2026-04-16,506194.27,ARROJADO,ARROJADO,11,39.5,4,0.4072,0.0,0.3668,0.0683,0.0,0.06,0.4072,0,RENDA_VARIAVEL,4,19.32,ARROJADO,0.0,ISENTO,0.067,1
synth-cli-0158,firf-2,2026-01-26,307447.44,CONSERVADOR,CONSERVADOR,4,8.9,1,0.0,0.0,0.0,0.9604,0.0,0.0,0.9604,0,FUNDOS,2,11.76,CONSERVADOR,0.78,TRIBUTADO,1.0,1
synth-cli-0158,rf-pub-1,2026-02-02,307447.44,CONSERVADOR,CONSERVADOR,4,8.9,1,0.0,0.0,0.0,0.9604,0.0,0.0,0.9604,0,RENDA_FIXA,3,12.55,MODERADO,0.0,INCENTIVADO,36.0,0
synth-cli-0158,fundo-mm-1,2026-02-02,307447.44,CONSERVADOR,CONSERVADOR,4,8.9,1,0.0,0.0,0.0,0.9604,0.0,0.0,0.9604,0,FUNDOS,4,15.74,ARROJADO,1.01,TRIBUTADO,1.806,0
synth-cli-0158,fundo-mm-2,2026-03-22,307447.44,CONSERVADOR,CONSERVADOR,4,8.9,1,0.0,0.0,0.0,0.9604,0.0,0.0,0.9604,0,FUNDOS,3,15.29,MODERADO,1.51,TRIBUTADO,1.155,0
synth-cli-0158,rf-pub-2,2026-03-22,307447.44,CONSERVADOR,CONSERVADOR,4,8.9,1,0.0,0.0,0.0,0.9604,0.0,0.0,0.9604,0,RENDA_FIXA,3,13.26,MODERADO,0.0,INCENTIVADO,36.0,0
synth-cli-0158,rf-isento-1,2026-01-06,307447.44,CONSERVADOR,CONSERVADOR,4,8.9,1,0.0,0.0,0.0,0.9604,0.0,0.0,0.9604,0,RENDA_FIXA,1,11.3,CONSERVADOR,0.0,ISENTO,24.0,1
synth-cli-0158,prev-2,2026-03-04,307447.44,CONSERVADOR,CONSERVADOR,4,8.9,1,0.0,0.0,0.0,0.9604,0.0,0.0,0.9604,0,PREVIDENCIA,2,10.47,MODERADO,0.87,INCENTIVADO,0.167,0
synth-cli-0158,rv-bpac11,2026-05-03,307447.44,CONSERVADOR,CONSERVADOR,4,8.9,1,0.0,0.0,0.0,0.9604,0.0,0.0,0.9604,0,RENDA_VARIAVEL,4,19.32,ARROJADO,0.0,ISENTO,0.067,0
synth-cli-0158,rf-pub-0,2026-02-26,307447.44,CONSERVADOR,CONSERVADOR,4,8.9,1,0.0,0.0,0.0,0.9604,0.0,0.0,0.9604,0,RENDA_FIXA,1,6.5,CONSERVADOR,0.0,TRIBUTADO,0.033,0
synth-cli-0158,rf-isento-2,2026-04-27,307447.44,CONSERVADOR,CONSERVADOR,4,8.9,1,0.0,0.0,0.0,0.9604,0.0,0.0,0.9604,0,RENDA_FIXA,1,11.97,CONSERVADOR,0.0,ISENTO,24.0,1
synth-cli-0158,rv-btlg11,2026-01-09,307447.44,CONSERVADOR,CONSERVADOR,4,8.9,1,0.0,0.0,0.0,0.9604,0.0,0.0,0.9604,0,RENDA_VARIAVEL,3,11.31,MODERADO,0.0,ISENTO,0.067,1
synth-cli-0158,rv-knri11,2026-05-27,307447.44,CONSERVADOR,CONSERVADOR,4,8.9,1,0.0,0.0,0.0,0.9604,0.0,0.0,0.9604,0,RENDA_VARIAVEL,3,11.32,MODERADO,0.0,ISENTO,0.067,0
synth-cli-0158,rv-itsa4,2026-05-10,307447.44,CONSERVADOR,CONSERVADOR,4,8.9,1,0.0,0.0,0.0,0.9604,0.0,0.0,0.9604,0,RENDA_VARIAVEL,4,15.45,ARROJADO,0.0,TRIBUTADO,0.067,0
synth-cli-0158,coe-1,2026-04-20,307447.44,CONSERVADOR,CONSERVADOR,4,8.9,1,0.0,0.0,0.0,0.9604,0.0,0.0,0.9604,0,ESTRUTURADOS,5,22.09,ARROJADO,0.0,TRIBUTADO,36.0,0
synth-cli-0158,rf-cdb-2,2026-05-04,307447.44,CONSERVADOR,CONSERVADOR,4,8.9,1,0.0,0.0,0.0,0.9604,0.0,0.0,0.9604,0,RENDA_FIXA,1,13.08,CONSERVADOR,0.0,TRIBUTADO,0.101,1
synth-cli-0158,rf-cdb-3,2026-02-23,307447.44,CONSERVADOR,CONSERVADOR,4,8.9,1,0.0,0.0,0.0,0.9604,0.0,0.0,0.9604,0,RENDA_FIXA,1,13.62,CONSERVADOR,0.0,TRIBUTADO,0.042,1
synth-cli-0158,rf-cdb-1,2026-02-23,307447.44,CONSERVADOR,CONSERVADOR,4,8.9,1,0.0,0.0,0.0,0.9604,0.0,0.0,0.9604,0,RENDA_FIXA,1,11.46,CONSERVADOR,0.0,TRIBUTADO,0.056,1
synth-cli-0158,fundo-mm-3,2026-04-12,307447.44,CONSERVADOR,CONSERVADOR,4,8.9,1,0.0,0.0,0.0,0.9604,0.0,0.0,0.9604,0,FUNDOS,4,16.33,ARROJADO,1.5,TRIBUTADO,1.093,0
synth-cli-0158,firf-1,2026-03-10,307447.44,CONSERVADOR,CONSERVADOR,4,8.9,1,0.0,0.0,0.0,0.9604,0.0,0.0,0.9604,0,FUNDOS,2,12.07,CONSERVADOR,0.99,TRIBUTADO,1.0,0
synth-cli-0158,fundo-mm-0,2026-04-14,307447.44,CONSERVADOR,CONSERVADOR,4,8.9,1,0.0,0.0,0.0,0.9604,0.0,0.0,0.9604,0,FUNDOS,3,14.68,MODERADO,1.33,TRIBUTADO,1.589,0
synth-cli-0159,prev-1,2026-01-10,245965.73,ARROJADO,ARROJADO,6,39.5,4,0.3501,0.0,0.4176,0.0482,0.0742,0.0,0.4176,0,PREVIDENCIA,3,10.58,MODERADO,0.86,INCENTIVADO,0.167,1
synth-cli-0159,coe-0,2026-03-19,245965.73,ARROJADO,ARROJADO,6,39.5,4,0.3501,0.0,0.4176,0.0482,0.0742,0.0,0.4176,0,ESTRUTURADOS,5,19.22,ARROJADO,0.0,TRIBUTADO,36.0,0
synth-cli-0159,rf-isento-1,2026-05-24,245965.73,ARROJADO,ARROJADO,6,39.5,4,0.3501,0.0,0.4176,0.0482,0.0742,0.0,0.4176,0,RENDA_FIXA,1,11.3,CONSERVADOR,0.0,ISENTO,24.0,0
synth-cli-0159,rv-itsa4,2026-02-16,245965.73,ARROJADO,ARROJADO,6,39.5,4,0.3501,0.0,0.4176,0.0482,0.0742,0.0,0.4176,0,RENDA_VARIAVEL,4,15.45,ARROJADO,0.0,TRIBUTADO,0.067,1
synth-cli-0159,rf-isento-2,2026-03-06,245965.73,ARROJADO,ARROJADO,6,39.5,4,0.3501,0.0,0.4176,0.0482,0.0742,0.0,0.4176,0,RENDA_FIXA,1,11.97,CONSERVADOR,0.0,ISENTO,24.0,0
synth-cli-0159,rf-pub-1,2026-03-13,245965.73,ARROJADO,ARROJADO,6,39.5,4,0.3501,0.0,0.4176,0.0482,0.0742,0.0,0.4176,0,RENDA_FIXA,3,12.55,MODERADO,0.0,INCENTIVADO,36.0,1
synth-cli-0159,rf-pub-2,2026-04-15,245965.73,ARROJADO,ARROJADO,6,39.5,4,0.3501,0.0,0.4176,0.0482,0.0742,0.0,0.4176,0,RENDA_FIXA,3,13.26,MODERADO,0.0,INCENTIVADO,36.0,1
synth-cli-0159,fundo-mm-3,2026-03-15,245965.73,ARROJADO,ARROJADO,6,39.5,4,0.3501,0.0,0.4176,0.0482,0.0742,0.0,0.4176,0,FUNDOS,4,16.33,ARROJADO,1.5,TRIBUTADO,1.093,0
synth-cli-0159,rf-cdb-4,2026-03-24,245965.73,ARROJADO,ARROJADO,6,39.5,4,0.3501,0.0,0.4176,0.0482,0.0742,0.0,0.4176,0,RENDA_FIXA,1,11.98,CONSERVADOR,0.0,TRIBUTADO,0.036,1
synth-cli-0159,rv-btlg11,2026-05-28,245965.73,ARROJADO,ARROJADO,6,39.5,4,0.3501,0.0,0.4176,0.0482,0.0742,0.0,0.4176,0,RENDA_VARIAVEL,3,11.31,MODERADO,0.0,ISENTO,0.067,1
synth-cli-0159,rf-cdb-1,2026-01-28,245965.73,ARROJADO,ARROJADO,6,39.5,4,0.3501,0.0,0.4176,0.0482,0.0742,0.0,0.4176,0,RENDA_FIXA,1,11.46,CONSERVADOR,0.0,TRIBUTADO,0.056,0
synth-cli-0159,rf-cdb-2,2026-04-11,245965.73,ARROJADO,ARROJADO,6,39.5,4,0.3501,0.0,0.4176,0.0482,0.0742,0.0,0.4176,0,RENDA_FIXA,1,13.08,CONSERVADOR,0.0,TRIBUTADO,0.101,1
synth-cli-0159,rv-ivvb11,2026-02-08,245965.73,ARROJADO,ARROJADO,6,39.5,4,0.3501,0.0,0.4176,0.0482,0.0742,0.0,0.4176,0,RENDA_VARIAVEL,4,17.47,ARROJADO,0.0,ISENTO,0.067,1
synth-cli-0159,rf-cdb-3,2026-04-09,245965.73,ARROJADO,ARROJADO,6,39.5,4,0.3501,0.0,0.4176,0.0482,0.0742,0.0,0.4176,0,RENDA_FIXA,1,13.62,CONSERVADOR,0.0,TRIBUTADO,0.042,0
synth-cli-0159,cambio-0,2026-02-14,245965.73,ARROJADO,ARROJADO,6,39.5,4,0.3501,0.0,0.4176,0.0482,0.0742,0.0,0.4176,1,CAMBIO,4,11.55,ARROJADO,1.87,TRIBUTADO,1.0,0
synth-cli-0160,prev-0,2026-05-07,1290764.53,ARROJADO,ARROJADO,8,28.6,2,0.0,0.0,0.8355,0.0,0.1457,0.0,0.8355,0,PREVIDENCIA,2,10.09,CONSERVADOR,0.96,INCENTIVADO,0.167,0
synth-cli-0160,rf-cdb-0,2026-03-22,1290764.53,ARROJADO,ARROJADO,8,28.6,2,0.0,0.0,0.8355,0.0,0.1457,0.0,0.8355,0,RENDA_FIXA,1,12.74,CONSERVADOR,0.0,TRIBUTADO,0.036,1
synth-cli-0160,rv-ivvb11,2026-05-13,1290764.53,ARROJADO,ARROJADO,8,28.6,2,0.0,0.0,0.8355,0.0,0.1457,0.0,0.8355,0,RENDA_VARIAVEL,4,17.47,ARROJADO,0.0,ISENTO,0.067,1
synth-cli-0160,fundo-mm-0,2026-05-20,1290764.53,ARROJADO,ARROJADO,8,28.6,2,0.0,0.0,0.8355,0.0,0.1457,0.0,0.8355,0,FUNDOS,3,14.68,MODERADO,1.33,TRIBUTADO,1.589,0
synth-cli-0160,rv-btlg11,2026-01-15,1290764.53,ARROJADO,ARROJADO,8,28.6,2,0.0,0.0,0.8355,0.0,0.1457,0.0,0.8355,0,RENDA_VARIAVEL,3,11.31,MODERADO,0.0,ISENTO,0.067,1
synth-cli-0160,rf-isento-2,2026-05-18,1290764.53,ARROJADO,ARROJADO,8,28.6,2,0.0,0.0,0.8355,0.0,0.1457,0.0,0.8355,0,RENDA_FIXA,1,11.97,CONSERVADOR,0.0,ISENTO,24.0,0
synth-cli-0160,rv-bpac11,2026-03-11,1290764.53,ARROJADO,ARROJADO,8,28.6,2,0.0,0.0,0.8355,0.0,0.1457,0.0,0.8355,0,RENDA_VARIAVEL,4,19.32,ARROJADO,0.0,ISENTO,0.067,1
synth-cli-0160,coe-0,2026-05-21,1290764.53,ARROJADO,ARROJADO,8,28.6,2,0.0,0.0,0.8355,0.0,0.1457,0.0,0.8355,0,ESTRUTURADOS,5,19.22,ARROJADO,0.0,TRIBUTADO,36.0,0
synth-cli-0160,prev-1,2026-01-16,1290764.53,ARROJADO,ARROJADO,8,28.6,2,0.0,0.0,0.8355,0.0,0.1457,0.0,0.8355,0,PREVIDENCIA,3,10.58,MODERADO,0.86,INCENTIVADO,0.167,0
synth-cli-0161,cambio-0,2026-01-14,6942365.9,AGRESSIVO,AGRESSIVO,16,41.6,2,0.2434,0.0,0.0,0.0,0.5776,0.0,0.5776,0,CAMBIO,4,11.55,ARROJADO,1.87,TRIBUTADO,1.0,1
synth-cli-0161,fundo-mm-3,2026-01-26,6942365.9,AGRESSIVO,AGRESSIVO,16,41.6,2,0.2434,0.0,0.0,0.0,0.5776,0.0,0.5776,0,FUNDOS,4,16.33,ARROJADO,1.5,TRIBUTADO,1.093,1
synth-cli-0161,coe-1,2026-04-01,6942365.9,AGRESSIVO,AGRESSIVO,16,41.6,2,0.2434,0.0,0.0,0.0,0.5776,0.0,0.5776,0,ESTRUTURADOS,5,22.09,ARROJADO,0.0,TRIBUTADO,36.0,0
synth-cli-0161,rv-bpac11,2026-03-25,6942365.9,AGRESSIVO,AGRESSIVO,16,41.6,2,0.2434,0.0,0.0,0.0,0.5776,0.0,0.5776,0,RENDA_VARIAVEL,4,19.32,ARROJADO,0.0,ISENTO,0.067,1
synth-cli-0161,firf-2,2026-02-18,6942365.9,AGRESSIVO,AGRESSIVO,16,41.6,2,0.2434,0.0,0.0,0.0,0.5776,0.0,0.5776,0,FUNDOS,2,11.76,CONSERVADOR,0.78,TRIBUTADO,1.0,0
synth-cli-0161,rf-pub-2,2026-03-25,6942365.9,AGRESSIVO,AGRESSIVO,16,41.6,2,0.2434,0.0,0.0,0.0,0.5776,0.0,0.5776,0,RENDA_FIXA,3,13.26,MODERADO,0.0,INCENTIVADO,36.0,0
synth-cli-0161,rf-isento-2,2026-05-24,6942365.9,AGRESSIVO,AGRESSIVO,16,41.6,2,0.2434,0.0,0.0,0.0,0.5776,0.0,0.5776,0,RENDA_FIXA,1,11.97,CONSERVADOR,0.0,ISENTO,24.0,0
synth-cli-0161,prev-2,2026-05-21,6942365.9,AGRESSIVO,AGRESSIVO,16,41.6,2,0.2434,0.0,0.0,0.0,0.5776,0.0,0.5776,0,PREVIDENCIA,2,10.47,MODERADO,0.87,INCENTIVADO,0.167,1
synth-cli-0161,prev-1,2026-02-16,6942365.9,AGRESSIVO,AGRESSIVO,16,41.6,2,0.2434,0.0,0.0,0.0,0.5776,0.0,0.5776,0,PREVIDENCIA,3,10.58,MODERADO,0.86,INCENTIVADO,0.167,1
synth-cli-0161,cambio-1,2026-02-24,6942365.9,AGRESSIVO,AGRESSIVO,16,41.6,2,0.2434,0.0,0.0,0.0,0.5776,0.0,0.5776,0,CAMBIO,4,10.47,ARROJADO,1.77,TRIBUTADO,1.0,1
synth-cli-0161,rf-isento-0,2026-03-14,6942365.9,AGRESSIVO,AGRESSIVO,16,41.6,2,0.2434,0.0,0.0,0.0,0.5776,0.0,0.5776,0,RENDA_FIXA,1,11.04,CONSERVADOR,0.0,ISENTO,24.0,1
synth-cli-0161,rf-isento-1,2026-04-07,6942365.9,AGRESSIVO,AGRESSIVO,16,41.6,2,0.2434,0.0,0.0,0.0,0.5776,0.0,0.5776,0,RENDA_FIXA,1,11.3,CONSERVADOR,0.0,ISENTO,24.0,1
synth-cli-0161,rf-cdb-1,2026-03-10,6942365.9,AGRESSIVO,AGRESSIVO,16,41.6,2,0.2434,0.0,0.0,0.0,0.5776,0.0,0.5776,0,RENDA_FIXA,1,11.46,CONSERVADOR,0.0,TRIBUTADO,0.056,0
synth-cli-0161,rv-btlg11,2026-05-21,6942365.9,AGRESSIVO,AGRESSIVO,16,41.6,2,0.2434,0.0,0.0,0.0,0.5776,0.0,0.5776,1,RENDA_VARIAVEL,3,11.31,MODERADO,0.0,ISENTO,0.067,1
synth-cli-0161,rv-ivvb11,2026-02-28,6942365.9,AGRESSIVO,AGRESSIVO,16,41.6,2,0.2434,0.0,0.0,0.0,0.5776,0.0,0.5776,0,RENDA_VARIAVEL,4,17.47,ARROJADO,0.0,ISENTO,0.067,1
synth-cli-0161,fundo-mm-1,2026-01-25,6942365.9,AGRESSIVO,AGRESSIVO,16,41.6,2,0.2434,0.0,0.0,0.0,0.5776,0.0,0.5776,0,FUNDOS,4,15.74,ARROJADO,1.01,TRIBUTADO,1.806,0
synth-cli-0161,rf-cdb-4,2026-03-06,6942365.9,AGRESSIVO,AGRESSIVO,16,41.6,2,0.2434,0.0,0.0,0.0,0.5776,0.0,0.5776,0,RENDA_FIXA,1,11.98,CONSERVADOR,0.0,TRIBUTADO,0.036,0
synth-cli-0161,rf-cdb-0,2026-04-11,6942365.9,AGRESSIVO,AGRESSIVO,16,41.6,2,0.2434,0.0,0.0,0.0,0.5776,0.0,0.5776,1,RENDA_FIXA,1,12.74,CONSERVADOR,0.0,TRIBUTADO,0.036,0
synth-cli-0161,firf-0,2026-04-17,6942365.9,AGRESSIVO,AGRESSIVO,16,41.6,2,0.2434,0.0,0.0,0.0,0.5776,0.0,0.5776,0,FUNDOS,2,12.61,CONSERVADOR,0.86,TRIBUTADO,1.0,0
synth-cli-0161,rf-cdb-3,2026-05-09,6942365.9,AGRESSIVO,AGRESSIVO,16,41.6,2,0.2434,0.0,0.0,0.0,0.5776,0.0,0.5776,0,RENDA_FIXA,1,13.62,CONSERVADOR,0.0,TRIBUTADO,0.042,1
synth-cli-0161,fundo-mm-2,2026-02-13,6942365.9,AGRESSIVO,AGRESSIVO,16,41.6,2,0.2434,0.0,0.0,0.0,0.5776,0.0,0.5776,0,FUNDOS,3,15.29,MODERADO,1.51,TRIBUTADO,1.155,1
synth-cli-0162,firf-1,2026-05-07,1315531.75,ARROJADO,ARROJADO,13,20.2,4,0.5141,0.0,0.0,0.1007,0.1168,0.0841,0.5141,0,FUNDOS,2,12.07,CONSERVADOR,0.99,TRIBUTADO,1.0,0
synth-cli-0162,rf-isento-0,2026-01-11,1315531.75,ARROJADO,ARROJADO,13,20.2,4,0.5141,0.0,0.0,0.1007,0.1168,0.0841,0.5141,0,RENDA_FIXA,1,11.04,CONSERVADOR,0.0,ISENTO,24.0,0
synth-cli-0162,rv-knri11,2026-04-04,1315531.75,ARROJADO,ARROJADO,13,20.2,4,0.5141,0.0,0.0,0.1007,0.1168,0.0841,0.5141,0,RENDA_VARIAVEL,3,11.32,MODERADO,0.0,ISENTO,0.067,0
synth-cli-0162,rf-cdb-0,2026-02-07,1315531.75,ARROJADO,ARROJADO,13,20.2,4,0.5141,0.0,0.0,0.1007,0.1168,0.0841,0.5141,0,RENDA_FIXA,1,12.74,CONSERVADOR,0.0,TRIBUTADO,0.036,1
synth-cli-0162,rv-bpac11,2026-04-25,1315531.75,ARROJADO,ARROJADO,13,20.2,4,0.5141,0.0,0.0,0.1007,0.1168,0.0841,0.5141,0,RENDA_VARIAVEL,4,19.32,ARROJADO,0.0,ISENTO,0.067,0
synth-cli-0162,prev-1,2026-01-24,1315531.75,ARROJADO,ARROJADO,13,20.2,4,0.5141,0.0,0.0,0.1007,0.1168,0.0841,0.5141,0,PREVIDENCIA,3,10.58,MODERADO,0.86,INCENTIVADO,0.167,0
synth-cli-0162,prev-0,2026-04-18,1315531.75,ARROJADO,ARROJADO,13,20.2,4,0.5141,0.0,0.0,0.1007,0.1168,0.0841,0.5141,0,PREVIDENCIA,2,10.09,CONSERVADOR,0.96,INCENTIVADO,0.167,0
synth-cli-0162,rf-cdb-2,2026-04-11,1315531.75,ARROJADO,ARROJADO,13,20.2,4,0.5141,0.0,0.0,0.1007,0.1168,0.0841,0.5141,0,RENDA_FIXA,1,13.08,CONSERVADOR,0.0,TRIBUTADO,0.101,0
synth-cli-0162,coe-1,2026-02-02,1315531.75,ARROJADO,ARROJADO,13,20.2,4,0.5141,0.0,0.0,0.1007,0.1168,0.0841,0.5141,0,ESTRUTURADOS,5,22.09,ARROJADO,0.0,TRIBUTADO,36.0,0
synth-cli-0162,rf-pub-0,2026-02-01,1315531.75,ARROJADO,ARROJADO,13,20.2,4,0.5141,0.0,0.0,0.1007,0.1168,0.0841,0.5141,1,RENDA_FIXA,1,6.5,CONSERVADOR,0.0,TRIBUTADO,0.033,0
synth-cli-0162,rf-cdb-4,2026-03-21,1315531.75,ARROJADO,ARROJADO,13,20.2,4,0.5141,0.0,0.0,0.1007,0.1168,0.0841,0.5141,0,RENDA_FIXA,1,11.98,CONSERVADOR,0.0,TRIBUTADO,0.036,0
synth-cli-0162,rf-isento-2,2026-01-11,1315531.75,ARROJADO,ARROJADO,13,20.2,4,0.5141,0.0,0.0,0.1007,0.1168,0.0841,0.5141,0,RENDA_FIXA,1,11.97,CONSERVADOR,0.0,ISENTO,24.0,1
synth-cli-0162,rv-itsa4,2026-01-05,1315531.75,ARROJADO,ARROJADO,13,20.2,4,0.5141,0.0,0.0,0.1007,0.1168,0.0841,0.5141,0,RENDA_VARIAVEL,4,15.45,ARROJADO,0.0,TRIBUTADO,0.067,0
synth-cli-0162,firf-0,2026-01-19,1315531.75,ARROJADO,ARROJADO,13,20.2,4,0.5141,0.0,0.0,0.1007,0.1168,0.0841,0.5141,0,FUNDOS,2,12.61,CONSERVADOR,0.86,TRIBUTADO,1.0,1
synth-cli-0163,fundo-mm-4,2026-05-27,1919980.32,MODERADO,MODERADO,6,11.7,1,0.8889,0.0,0.0,0.0,0.0,0.0,0.8889,0,FUNDOS,3,12.89,MODERADO,2.27,TRIBUTADO,1.604,0
synth-cli-0163,cambio-1,2026-01-28,1919980.32,MODERADO,MODERADO,6,11.7,1,0.8889,0.0,0.0,0.0,0.0,0.0,0.8889,0,CAMBIO,4,10.47,ARROJADO,1.77,TRIBUTADO,1.0,0
synth-cli-0163,firf-1,2026-03-22,1919980.32,MODERADO,MODERADO,6,11.7,1,0.8889,0.0,0.0,0.0,0.0,0.0,0.8889,0,FUNDOS,2,12.07,CONSERVADOR,0.99,TRIBUTADO,1.0,1
synth-cli-0163,coe-1,2026-02-23,1919980.32,MODERADO,MODERADO,6,11.7,1,0.8889,0.0,0.0,0.0,0.0,0.0,0.8889,0,ESTRUTURADOS,5,22.09,ARROJADO,0.0,TRIBUTADO,36.0,1
synth-cli-0163,rv-knri11,2026-04-05,1919980.32,MODERADO,MODERADO,6,11.7,1,0.8889,0.0,0.0,0.0,0.0,0.0,0.8889,0,RENDA_VARIAVEL,3,11.32,MODERADO,0.0,ISENTO,0.067,0
synth-cli-0163,prev-0,2026-05-12,1919980.32,MODERADO,MODERADO,6,11.7,1,0.8889,0.0,0.0,0.0,0.0,0.0,0.8889,0,PREVIDENCIA,2,10.09,CONSERVADOR,0.96,INCENTIVADO,0.167,0
synth-cli-0163,rf-isento-2,2026-03-24,1919980.32,MODERADO,MODERADO,6,11.7,1,0.8889,0.0,0.0,0.0,0.0,0.0,0.8889,1,RENDA_FIXA,1,11.97,CONSERVADOR,0.0,ISENTO,24.0,0
synth-cli-0163,rf-cdb-3,2026-01-01,1919980.32,MODERADO,MODERADO,6,11.7,1,0.8889,0.0,0.0,0.0,0.0,0.0,0.8889,1,RENDA_FIXA,1,13.62,CONSERVADOR,0.0,TRIBUTADO,0.042,0
synth-cli-0163,rv-bpac11,2026-03-06,1919980.32,MODERADO,MODERADO,6,11.7,1,0.8889,0.0,0.0,0.0,0.0,0.0,0.8889,0,RENDA_VARIAVEL,4,19.32,ARROJADO,0.0,ISENTO,0.067,1
synth-cli-0163,rf-cdb-1,2026-02-17,1919980.32,MODERADO,MODERADO,6,11.7,1,0.8889,0.0,0.0,0.0,0.0,0.0,0.8889,0,RENDA_FIXA,1,11.46,CONSERVADOR,0.0,TRIBUTADO,0.056,0
synth-cli-0163,rv-ivvb11,2026-01-12,1919980.32,MODERADO,MODERADO,6,11.7,1,0.8889,0.0,0.0,0.0,0.0,0.0,0.8889,0,RENDA_VARIAVEL,4,17.47,ARROJADO,0.0,ISENTO,0.067,0
synth-cli-0163,prev-1,2026-03-25,1919980.32,MODERADO,MODERADO,6,11.7,1,0.8889,0.0,0.0,0.0,0.0,0.0,0.8889,0,PREVIDENCIA,3,10.58,MODERADO,0.86,INCENTIVADO,0.167,0
synth-cli-0164,rf-isento-2,2026-01-10,455913.27,ARROJADO,ARROJADO,7,34.3,2,0.0,0.0,0.66,0.1083,0.0,0.0,0.66,0,RENDA_FIXA,1,11.97,CONSERVADOR,0.0,ISENTO,24.0,1
synth-cli-0164,coe-1,2026-04-03,455913.27,ARROJADO,ARROJADO,7,34.3,2,0.0,0.0,0.66,0.1083,0.0,0.0,0.66,0,ESTRUTURADOS,5,22.09,ARROJADO,0.0,TRIBUTADO,36.0,0
synth-cli-0164,rf-cdb-3,2026-01-04,455913.27,ARROJADO,ARROJADO,7,34.3,2,0.0,0.0,0.66,0.1083,0.0,0.0,0.66,0,RENDA_FIXA,1,13.62,CONSERVADOR,0.0,TRIBUTADO,0.042,1
synth-cli-0164,rf-pub-0,2026-05-01,455913.27,ARROJADO,ARROJADO,7,34.3,2,0.0,0.0,0.66,0.1083,0.0,0.0,0.66,0,RENDA_FIXA,1,6.5,CONSERVADOR,0.0,TRIBUTADO,0.033,0
synth-cli-0164,firf-2,2026-03-13,455913.27,ARROJADO,ARROJADO,7,34.3,2,0.0,0.0,0.66,0.1083,0.0,0.0,0.66,0,FUNDOS,2,11.76,CONSERVADOR,0.78,TRIBUTADO,1.0,0
synth-cli-0164,rf-pub-1,2026-03-06,455913.27,ARROJADO,ARROJADO,7,34.3,2,0.0,0.0,0.66,0.1083,0.0,0.0,0.66,0,RENDA_FIXA,3,12.55,MODERADO,0.0,INCENTIVADO,36.0,1
synth-cli-0164,prev-2,2026-01-11,455913.27,ARROJADO,ARROJADO,7,34.3,2,0.0,0.0,0.66,0.1083,0.0,0.0,0.66,0,PREVIDENCIA,2,10.47,MODERADO,0.87,INCENTIVADO,0.167,0
synth-cli-0164,rf-cdb-2,2026-05-23,455913.27,ARROJADO,ARROJADO,7,34.3,2,0.0,0.0,0.66,0.1083,0.0,0.0,0.66,0,RENDA_FIXA,1,13.08,CONSERVADOR,0.0,TRIBUTADO,0.101,1
synth-cli-0164,rf-pub-2,2026-02-24,455913.27,ARROJADO,ARROJADO,7,34.3,2,0.0,0.0,0.66,0.1083,0.0,0.0,0.66,0,RENDA_FIXA,3,13.26,MODERADO,0.0,INCENTIVADO,36.0,1
synth-cli-0164,rf-cdb-1,2026-02-24,455913.27,ARROJADO,ARROJADO,7,34.3,2,0.0,0.0,0.66,0.1083,0.0,0.0,0.66,0,RENDA_FIXA,1,11.46,CONSERVADOR,0.0,TRIBUTADO,0.056,0
synth-cli-0164,rf-isento-0,2026-04-01,455913.27,ARROJADO,ARROJADO,7,34.3,2,0.0,0.0,0.66,0.1083,0.0,0.0,0.66,0,RENDA_FIXA,1,11.04,CONSERVADOR,0.0,ISENTO,24.0,1
synth-cli-0164,rf-isento-1,2026-03-19,455913.27,ARROJADO,ARROJADO,7,34.3,2,0.0,0.0,0.66,0.1083,0.0,0.0,0.66,0,RENDA_FIXA,1,11.3,CONSERVADOR,0.0,ISENTO,24.0,0
synth-cli-0164,firf-1,2026-02-16,455913.27,ARROJADO,ARROJADO,7,34.3,2,0.0,0.0,0.66,0.1083,0.0,0.0,0.66,1,FUNDOS,2,12.07,CONSERVADOR,0.99,TRIBUTADO,1.0,0
synth-cli-0164,prev-0,2026-04-07,455913.27,ARROJADO,ARROJADO,7,34.3,2,0.0,0.0,0.66,0.1083,0.0,0.0,0.66,0,PREVIDENCIA,2,10.09,CONSERVADOR,0.96,INCENTIVADO,0.167,1
synth-cli-0164,rv-knri11,2026-03-12,455913.27,ARROJADO,ARROJADO,7,34.3,2,0.0,0.0,0.66,0.1083,0.0,0.0,0.66,0,RENDA_VARIAVEL,3,11.32,MODERADO,0.0,ISENTO,0.067,0
synth-cli-0164,rv-bpac11,2026-05-10,455913.27,ARROJADO,ARROJADO,7,34.3,2,0.0,0.0,0.66,0.1083,0.0,0.0,0.66,0,RENDA_VARIAVEL,4,19.32,ARROJADO,0.0,ISENTO,0.067,1
synth-cli-0164,fundo-mm-3,2026-05-28,455913.27,ARROJADO,ARROJADO,7,34.3,2,0.0,0.0,0.66,0.1083,0.0,0.0,0.66,0,FUNDOS,4,16.33,ARROJADO,1.5,TRIBUTADO,1.093,1
synth-cli-0164,rv-ivvb11,2026-05-16,455913.27,ARROJADO,ARROJADO,7,34.3,2,0.0,0.0,0.66,0.1083,0.0,0.0,0.66,0,RENDA_VARIAVEL,4,17.47,ARROJADO,0.0,ISENTO,0.067,1
synth-cli-0165,rf-cdb-3,2026-05-04,1764059.98,MODERADO,MODERADO,8,10.6,4,0.4404,0.0364,0.134,0.0907,0.0,0.0,0.4404,0,RENDA_FIXA,1,13.62,CONSERVADOR,0.0,TRIBUTADO,0.042,0
synth-cli-0165,fundo-mm-1,2026-02-05,1764059.98,MODERADO,MODERADO,8,10.6,4,0.4404,0.0364,0.134,0.0907,0.0,0.0,0.4404,0,FUNDOS,4,15.74,ARROJADO,1.01,TRIBUTADO,1.806,1
synth-cli-0165,firf-2,2026-01-24,1764059.98,MODERADO,MODERADO,8,10.6,4,0.4404,0.0364,0.134,0.0907,0.0,0.0,0.4404,0,FUNDOS,2,11.76,CONSERVADOR,0.78,TRIBUTADO,1.0,1
synth-cli-0165,rf-pub-1,2026-04-05,1764059.98,MODERADO,MODERADO,8,10.6,4,0.4404,0.0364,0.134,0.0907,0.0,0.0,0.4404,0,RENDA_FIXA,3,12.55,MODERADO,0.0,INCENTIVADO,36.0,0
synth-cli-0165,rv-knri11,2026-03-04,1764059.98,MODERADO,MODERADO,8,10.6,4,0.4404,0.0364,0.134,0.0907,0.0,0.0,0.4404,0,RENDA_VARIAVEL,3,11.32,MODERADO,0.0,ISENTO,0.067,1
synth-cli-0165,rf-isento-0,2026-02-23,1764059.98,MODERADO,MODERADO,8,10.6,4,0.4404,0.0364,0.134,0.0907,0.0,0.0,0.4404,1,RENDA_FIXA,1,11.04,CONSERVADOR,0.0,ISENTO,24.0,0
synth-cli-0165,rv-btlg11,2026-01-14,1764059.98,MODERADO,MODERADO,8,10.6,4,0.4404,0.0364,0.134,0.0907,0.0,0.0,0.4404,0,RENDA_VARIAVEL,3,11.31,MODERADO,0.0,ISENTO,0.067,0
synth-cli-0165,rf-cdb-4,2026-02-15,1764059.98,MODERADO,MODERADO,8,10.6,4,0.4404,0.0364,0.134,0.0907,0.0,0.0,0.4404,0,RENDA_FIXA,1,11.98,CONSERVADOR,0.0,TRIBUTADO,0.036,1
synth-cli-0166,rf-cdb-4,2026-02-13,758346.83,ARROJADO,ARROJADO,11,22.5,4,0.6268,0.0,0.0,0.0728,0.1452,0.1269,0.6268,0,RENDA_FIXA,1,11.98,CONSERVADOR,0.0,TRIBUTADO,0.036,0
synth-cli-0166,rv-knri11,2026-02-16,758346.83,ARROJADO,ARROJADO,11,22.5,4,0.6268,0.0,0.0,0.0728,0.1452,0.1269,0.6268,0,RENDA_VARIAVEL,3,11.32,MODERADO,0.0,ISENTO,0.067,1
synth-cli-0166,rv-ivvb11,2026-03-14,758346.83,ARROJADO,ARROJADO,11,22.5,4,0.6268,0.0,0.0,0.0728,0.1452,0.1269,0.6268,0,RENDA_VARIAVEL,4,17.47,ARROJADO,0.0,ISENTO,0.067,0
synth-cli-0166,prev-1,2026-01-26,758346.83,ARROJADO,ARROJADO,11,22.5,4,0.6268,0.0,0.0,0.0728,0.1452,0.1269,0.6268,0,PREVIDENCIA,3,10.58,MODERADO,0.86,INCENTIVADO,0.167,0
synth-cli-0166,rf-cdb-3,2026-01-24,758346.83,ARROJADO,ARROJADO,11,22.5,4,0.6268,0.0,0.0,0.0728,0.1452,0.1269,0.6268,0,RENDA_FIXA,1,13.62,CONSERVADOR,0.0,TRIBUTADO,0.042,0
synth-cli-0166,fundo-mm-0,2026-03-05,758346.83,ARROJADO,ARROJADO,11,22.5,4,0.6268,0.0,0.0,0.0728,0.1452,0.1269,0.6268,0,FUNDOS,3,14.68,MODERADO,1.33,TRIBUTADO,1.589,1
synth-cli-0166,rf-isento-2,2026-02-14,758346.83,ARROJADO,ARROJADO,11,22.5,4,0.6268,0.0,0.0,0.0728,0.1452,0.1269,0.6268,0,RENDA_FIXA,1,11.97,CONSERVADOR,0.0,ISENTO,24.0,1
synth-cli-0166,fundo-mm-2,2026-01-19,758346.83,ARROJADO,ARROJADO,11,22.5,4,0.6268,0.0,0.0,0.0728,0.1452,0.1269,0.6268,0,FUNDOS,3,15.29,MODERADO,1.51,TRIBUTADO,1.155,0
synth-cli-0166,fundo-mm-1,2026-03-21,758346.83,ARROJADO,ARROJADO,11,22.5,4,0.6268,0.0,0.0,0.0728,0.1452,0.1269,0.6268,0,FUNDOS,4,15.74,ARROJADO,1.01,TRIBUTADO,1.806,0
synth-cli-0166,rv-itsa4,2026-02-23,758346.83,ARROJADO,ARROJADO,11,22.5,4,0.6268,0.0,0.0,0.0728,0.1452,0.1269,0.6268,0,RENDA_VARIAVEL,4,15.45,ARROJADO,0.0,TRIBUTADO,0.067,0
synth-cli-0166,firf-0,2026-04-13,758346.83,ARROJADO,ARROJADO,11,22.5,4,0.6268,0.0,0.0,0.0728,0.1452,0.1269,0.6268,0,FUNDOS,2,12.61,CONSERVADOR,0.86,TRIBUTADO,1.0,0
synth-cli-0166,rf-isento-0,2026-04-08,758346.83,ARROJADO,ARROJADO,11,22.5,4,0.6268,0.0,0.0,0.0728,0.1452,0.1269,0.6268,1,RENDA_FIXA,1,11.04,CONSERVADOR,0.0,ISENTO,24.0,0
synth-cli-0167,coe-1,2026-01-03,265835.83,MODERADO,MODERADO,10,19.9,2,0.3858,0.0,0.3321,0.0,0.0,0.0,0.3858,0,ESTRUTURADOS,5,22.09,ARROJADO,0.0,TRIBUTADO,36.0,0
synth-cli-0167,rf-cdb-4,2026-03-09,265835.83,MODERADO,MODERADO,10,19.9,2,0.3858,0.0,0.3321,0.0,0.0,0.0,0.3858,0,RENDA_FIXA,1,11.98,CONSERVADOR,0.0,TRIBUTADO,0.036,1
synth-cli-0167,rf-cdb-0,2026-05-28,265835.83,MODERADO,MODERADO,10,19.9,2,0.3858,0.0,0.3321,0.0,0.0,0.0,0.3858,0,RENDA_FIXA,1,12.74,CONSERVADOR,0.0,TRIBUTADO,0.036,0
synth-cli-0167,prev-0,2026-02-21,265835.83,MODERADO,MODERADO,10,19.9,2,0.3858,0.0,0.3321,0.0,0.0,0.0,0.3858,0,PREVIDENCIA,2,10.09,CONSERVADOR,0.96,INCENTIVADO,0.167,0
synth-cli-0167,rf-pub-2,2026-05-01,265835.83,MODERADO,MODERADO,10,19.9,2,0.3858,0.0,0.3321,0.0,0.0,0.0,0.3858,0,RENDA_FIXA,3,13.26,MODERADO,0.0,INCENTIVADO,36.0,1
synth-cli-0167,rv-ivvb11,2026-01-11,265835.83,MODERADO,MODERADO,10,19.9,2,0.3858,0.0,0.3321,0.0,0.0,0.0,0.3858,0,RENDA_VARIAVEL,4,17.47,ARROJADO,0.0,ISENTO,0.067,0
synth-cli-0167,fundo-mm-4,2026-03-01,265835.83,MODERADO,MODERADO,10,19.9,2,0.3858,0.0,0.3321,0.0,0.0,0.0,0.3858,0,FUNDOS,3,12.89,MODERADO,2.27,TRIBUTADO,1.604,0
synth-cli-0167,fundo-mm-1,2026-02-04,265835.83,MODERADO,MODERADO,10,19.9,2,0.3858,0.0,0.3321,0.0,0.0,0.0,0.3858,0,FUNDOS,4,15.74,ARROJADO,1.01,TRIBUTADO,1.806,0
synth-cli-0167,prev-2,2026-04-09,265835.83,MODERADO,MODERADO,10,19.9,2,0.3858,0.0,0.3321,0.0,0.0,0.0,0.3858,0,PREVIDENCIA,2,10.47,MODERADO,0.87,INCENTIVADO,0.167,0
synth-cli-0167,firf-1,2026-04-22,265835.83,MODERADO,MODERADO,10,19.9,2,0.3858,0.0,0.3321,0.0,0.0,0.0,0.3858,0,FUNDOS,2,12.07,CONSERVADOR,0.99,TRIBUTADO,1.0,1
synth-cli-0167,firf-0,2026-05-19,265835.83,MODERADO,MODERADO,10,19.9,2,0.3858,0.0,0.3321,0.0,0.0,0.0,0.3858,0,FUNDOS,2,12.61,CONSERVADOR,0.86,TRIBUTADO,1.0,0
synth-cli-0167,cambio-0,2026-01-13,265835.83,MODERADO,MODERADO,10,19.9,2,0.3858,0.0,0.3321,0.0,0.0,0.0,0.3858,0,CAMBIO,4,11.55,ARROJADO,1.87,TRIBUTADO,1.0,0
synth-cli-0167,rf-cdb-3,2026-02-08,265835.83,MODERADO,MODERADO,10,19.9,2,0.3858,0.0,0.3321,0.0,0.0,0.0,0.3858,1,RENDA_FIXA,1,13.62,CONSERVADOR,0.0,TRIBUTADO,0.042,0
synth-cli-0167,rf-isento-0,2026-02-18,265835.83,MODERADO,MODERADO,10,19.9,2,0.3858,0.0,0.3321,0.0,0.0,0.0,0.3858,0,RENDA_FIXA,1,11.04,CONSERVADOR,0.0,ISENTO,24.0,1
synth-cli-0167,fundo-mm-0,2026-02-14,265835.83,MODERADO,MODERADO,10,19.9,2,0.3858,0.0,0.3321,0.0,0.0,0.0,0.3858,0,FUNDOS,3,14.68,MODERADO,1.33,TRIBUTADO,1.589,1
synth-cli-0167,rv-itsa4,2026-01-23,265835.83,MODERADO,MODERADO,10,19.9,2,0.3858,0.0,0.3321,0.0,0.0,0.0,0.3858,0,RENDA_VARIAVEL,4,15.45,ARROJADO,0.0,TRIBUTADO,0.067,1
synth-cli-0167,prev-1,2026-04-28,265835.83,MODERADO,MODERADO,10,19.9,2,0.3858,0.0,0.3321,0.0,0.0,0.0,0.3858,0,PREVIDENCIA,3,10.58,MODERADO,0.86,INCENTIVADO,0.167,1
synth-cli-0167,rf-cdb-1,2026-04-14,265835.83,MODERADO,MODERADO,10,19.9,2,0.3858,0.0,0.3321,0.0,0.0,0.0,0.3858,0,RENDA_FIXA,1,11.46,CONSERVADOR,0.0,TRIBUTADO,0.056,1
synth-cli-0167,rv-bpac11,2026-01-04,265835.83,MODERADO,MODERADO,10,19.9,2,0.3858,0.0,0.3321,0.0,0.0,0.0,0.3858,0,RENDA_VARIAVEL,4,19.32,ARROJADO,0.0,ISENTO,0.067,0
synth-cli-0167,rf-isento-2,2026-05-15,265835.83,MODERADO,MODERADO,10,19.9,2,0.3858,0.0,0.3321,0.0,0.0,0.0,0.3858,1,RENDA_FIXA,1,11.97,CONSERVADOR,0.0,ISENTO,24.0,0
synth-cli-0167,coe-0,2026-02-24,265835.83,MODERADO,MODERADO,10,19.9,2,0.3858,0.0,0.3321,0.0,0.0,0.0,0.3858,0,ESTRUTURADOS,5,19.22,ARROJADO,0.0,TRIBUTADO,36.0,0
synth-cli-0167,rv-knri11,2026-01-19,265835.83,MODERADO,MODERADO,10,19.9,2,0.3858,0.0,0.3321,0.0,0.0,0.0,0.3858,0,RENDA_VARIAVEL,3,11.32,MODERADO,0.0,ISENTO,0.067,1
synth-cli-0168,rf-cdb-3,2026-01-27,794072.92,CONSERVADOR,CONSERVADOR,5,7.6,3,0.6056,0.0,0.0952,0.1915,0.0,0.0,0.6056,0,RENDA_FIXA,1,13.62,CONSERVADOR,0.0,TRIBUTADO,0.042,1
synth-cli-0168,rf-isento-0,2026-03-04,794072.92,CONSERVADOR,CONSERVADOR,5,7.6,3,0.6056,0.0,0.0952,0.1915,0.0,0.0,0.6056,0,RENDA_FIXA,1,11.04,CONSERVADOR,0.0,ISENTO,24.0,0
synth-cli-0168,rv-ivvb11,2026-05-08,794072.92,CONSERVADOR,CONSERVADOR,5,7.6,3,0.6056,0.0,0.0952,0.1915,0.0,0.0,0.6056,0,RENDA_VARIAVEL,4,17.47,ARROJADO,0.0,ISENTO,0.067,0
synth-cli-0168,firf-2,2026-03-01,794072.92,CONSERVADOR,CONSERVADOR,5,7.6,3,0.6056,0.0,0.0952,0.1915,0.0,0.0,0.6056,0,FUNDOS,2,11.76,CONSERVADOR,0.78,TRIBUTADO,1.0,0
synth-cli-0168,fundo-mm-3,2026-03-12,794072.92,CONSERVADOR,CONSERVADOR,5,7.6,3,0.6056,0.0,0.0952,0.1915,0.0,0.0,0.6056,0,FUNDOS,4,16.33,ARROJADO,1.5,TRIBUTADO,1.093,0
synth-cli-0168,rf-pub-1,2026-05-23,794072.92,CONSERVADOR,CONSERVADOR,5,7.6,3,0.6056,0.0,0.0952,0.1915,0.0,0.0,0.6056,0,RENDA_FIXA,3,12.55,MODERADO,0.0,INCENTIVADO,36.0,0
synth-cli-0168,rf-cdb-2,2026-05-01,794072.92,CONSERVADOR,CONSERVADOR,5,7.6,3,0.6056,0.0,0.0952,0.1915,0.0,0.0,0.6056,0,RENDA_FIXA,1,13.08,CONSERVADOR,0.0,TRIBUTADO,0.101,0
synth-cli-0168,rf-isento-2,2026-02-06,794072.92,CONSERVADOR,CONSERVADOR,5,7.6,3,0.6056,0.0,0.0952,0.1915,0.0,0.0,0.6056,0,RENDA_FIXA,1,11.97,CONSERVADOR,0.0,ISENTO,24.0,1
synth-cli-0168,rf-pub-2,2026-02-24,794072.92,CONSERVADOR,CONSERVADOR,5,7.6,3,0.6056,0.0,0.0952,0.1915,0.0,0.0,0.6056,0,RENDA_FIXA,3,13.26,MODERADO,0.0,INCENTIVADO,36.0,0
synth-cli-0168,rv-bpac11,2026-02-07,794072.92,CONSERVADOR,CONSERVADOR,5,7.6,3,0.6056,0.0,0.0952,0.1915,0.0,0.0,0.6056,0,RENDA_VARIAVEL,4,19.32,ARROJADO,0.0,ISENTO,0.067,0
synth-cli-0168,cambio-1,2026-02-05,794072.92,CONSERVADOR,CONSERVADOR,5,7.6,3,0.6056,0.0,0.0952,0.1915,0.0,0.0,0.6056,0,CAMBIO,4,10.47,ARROJADO,1.77,TRIBUTADO,1.0,0
synth-cli-0168,prev-0,2026-05-05,794072.92,CONSERVADOR,CONSERVADOR,5,7.6,3,0.6056,0.0,0.0952,0.1915,0.0,0.0,0.6056,0,PREVIDENCIA,2,10.09,CONSERVADOR,0.96,INCENTIVADO,0.167,1
synth-cli-0168,cambio-0,2026-02-12,794072.92,CONSERVADOR,CONSERVADOR,5,7.6,3,0.6056,0.0,0.0952,0.1915,0.0,0.0,0.6056,0,CAMBIO,4,11.55,ARROJADO,1.87,TRIBUTADO,1.0,0
synth-cli-0168,firf-1,2026-03-27,794072.92,CONSERVADOR,CONSERVADOR,5,7.6,3,0.6056,0.0,0.0952,0.1915,0.0,0.0,0.6056,0,FUNDOS,2,12.07,CONSERVADOR,0.99,TRIBUTADO,1.0,0
synth-cli-0168,rv-btlg11,2026-02-23,794072.92,CONSERVADOR,CONSERVADOR,5,7.6,3,0.6056,0.0,0.0952,0.1915,0.0,0.0,0.6056,0,RENDA_VARIAVEL,3,11.31,MODERADO,0.0,ISENTO,0.067,0
synth-cli-0168,rf-cdb-1,2026-01-06,794072.92,CONSERVADOR,CONSERVADOR,5,7.6,3,0.6056,0.0,0.0952,0.1915,0.0,0.0,0.6056,0,RENDA_FIXA,1,11.46,CONSERVADOR,0.0,TRIBUTADO,0.056,1
synth-cli-0168,firf-0,2026-05-06,794072.92,CONSERVADOR,CONSERVADOR,5,7.6,3,0.6056,0.0,0.0952,0.1915,0.0,0.0,0.6056,0,FUNDOS,2,12.61,CONSERVADOR,0.86,TRIBUTADO,1.0,1
synth-cli-0168,fundo-mm-0,2026-04-04,794072.92,CONSERVADOR,CONSERVADOR,5,7.6,3,0.6056,0.0,0.0952,0.1915,0.0,0.0,0.6056,0,FUNDOS,3,14.68,MODERADO,1.33,TRIBUTADO,1.589,0
synth-cli-0168,rf-cdb-4,2026-04-04,794072.92,CONSERVADOR,CONSERVADOR,5,7.6,3,0.6056,0.0,0.0952,0.1915,0.0,0.0,0.6056,0,RENDA_FIXA,1,11.98,CONSERVADOR,0.0,TRIBUTADO,0.036,1
synth-cli-0168,coe-0,2026-02-09,794072.92,CONSERVADOR,CONSERVADOR,5,7.6,3,0.6056,0.0,0.0952,0.1915,0.0,0.0,0.6056,0,ESTRUTURADOS,5,19.22,ARROJADO,0.0,TRIBUTADO,36.0,0
synth-cli-0168,rv-itsa4,2026-05-22,794072.92,CONSERVADOR,CONSERVADOR,5,7.6,3,0.6056,0.0,0.0952,0.1915,0.0,0.0,0.6056,0,RENDA_VARIAVEL,4,15.45,ARROJADO,0.0,TRIBUTADO,0.067,0
synth-cli-0169,cambio-1,2026-05-15,1863555.74,ARROJADO,ARROJADO,14,36.8,2,0.0,0.0,0.0,0.3441,0.3789,0.0,0.3789,0,CAMBIO,4,10.47,ARROJADO,1.77,TRIBUTADO,1.0,1
synth-cli-0169,coe-1,2026-02-02,1863555.74,ARROJADO,ARROJADO,14,36.8,2,0.0,0.0,0.0,0.3441,0.3789,0.0,0.3789,0,ESTRUTURADOS,5,22.09,ARROJADO,0.0,TRIBUTADO,36.0,1
synth-cli-0169,firf-2,2026-05-28,1863555.74,ARROJADO,ARROJADO,14,36.8,2,0.0,0.0,0.0,0.3441,0.3789,0.0,0.3789,0,FUNDOS,2,11.76,CONSERVADOR,0.78,TRIBUTADO,1.0,1
synth-cli-0169,cambio-0,2026-05-23,1863555.74,ARROJADO,ARROJADO,14,36.8,2,0.0,0.0,0.0,0.3441,0.3789,0.0,0.3789,0,CAMBIO,4,11.55,ARROJADO,1.87,TRIBUTADO,1.0,0
synth-cli-0169,rf-isento-2,2026-02-02,1863555.74,ARROJADO,ARROJADO,14,36.8,2,0.0,0.0,0.0,0.3441,0.3789,0.0,0.3789,0,RENDA_FIXA,1,11.97,CONSERVADOR,0.0,ISENTO,24.0,1
synth-cli-0169,fundo-mm-3,2026-02-08,1863555.74,ARROJADO,ARROJADO,14,36.8,2,0.0,0.0,0.0,0.3441,0.3789,0.0,0.3789,0,FUNDOS,4,16.33,ARROJADO,1.5,TRIBUTADO,1.093,1
synth-cli-0169,rf-pub-0,2026-05-28,1863555.74,ARROJADO,ARROJADO,14,36.8,2,0.0,0.0,0.0,0.3441,0.3789,0.0,0.3789,0,RENDA_FIXA,1,6.5,CONSERVADOR,0.0,TRIBUTADO,0.033,0
synth-cli-0169,rv-bpac11,2026-05-03,1863555.74,ARROJADO,ARROJADO,14,36.8,2,0.0,0.0,0.0,0.3441,0.3789,0.0,0.3789,0,RENDA_VARIAVEL,4,19.32,ARROJADO,0.0,ISENTO,0.067,1
synth-cli-0169,firf-1,2026-05-03,1863555.74,ARROJADO,ARROJADO,14,36.8,2,0.0,0.0,0.0,0.3441,0.3789,0.0,0.3789,0,FUNDOS,2,12.07,CONSERVADOR,0.99,TRIBUTADO,1.0,1
synth-cli-0169,rv-itsa4,2026-02-02,1863555.74,ARROJADO,ARROJADO,14,36.8,2,0.0,0.0,0.0,0.3441,0.3789,0.0,0.3789,0,RENDA_VARIAVEL,4,15.45,ARROJADO,0.0,TRIBUTADO,0.067,1
synth-cli-0169,coe-0,2026-02-05,1863555.74,ARROJADO,ARROJADO,14,36.8,2,0.0,0.0,0.0,0.3441,0.3789,0.0,0.3789,1,ESTRUTURADOS,5,19.22,ARROJADO,0.0,TRIBUTADO,36.0,0
synth-cli-0169,rf-pub-1,2026-02-23,1863555.74,ARROJADO,ARROJADO,14,36.8,2,0.0,0.0,0.0,0.3441,0.3789,0.0,0.3789,0,RENDA_FIXA,3,12.55,MODERADO,0.0,INCENTIVADO,36.0,1
synth-cli-0169,prev-1,2026-01-14,1863555.74,ARROJADO,ARROJADO,14,36.8,2,0.0,0.0,0.0,0.3441,0.3789,0.0,0.3789,0,PREVIDENCIA,3,10.58,MODERADO,0.86,INCENTIVADO,0.167,0
synth-cli-0169,fundo-mm-2,2026-05-03,1863555.74,ARROJADO,ARROJADO,14,36.8,2,0.0,0.0,0.0,0.3441,0.3789,0.0,0.3789,0,FUNDOS,3,15.29,MODERADO,1.51,TRIBUTADO,1.155,0
synth-cli-0169,prev-0,2026-03-15,1863555.74,ARROJADO,ARROJADO,14,36.8,2,0.0,0.0,0.0,0.3441,0.3789,0.0,0.3789,0,PREVIDENCIA,2,10.09,CONSERVADOR,0.96,INCENTIVADO,0.167,0
synth-cli-0169,rv-ivvb11,2026-01-02,1863555.74,ARROJADO,ARROJADO,14,36.8,2,0.0,0.0,0.0,0.3441,0.3789,0.0,0.3789,0,RENDA_VARIAVEL,4,17.47,ARROJADO,0.0,ISENTO,0.067,1
synth-cli-0169,rf-cdb-4,2026-01-25,1863555.74,ARROJADO,ARROJADO,14,36.8,2,0.0,0.0,0.0,0.3441,0.3789,0.0,0.3789,0,RENDA_FIXA,1,11.98,CONSERVADOR,0.0,TRIBUTADO,0.036,0
synth-cli-0169,firf-0,2026-01-03,1863555.74,ARROJADO,ARROJADO,14,36.8,2,0.0,0.0,0.0,0.3441,0.3789,0.0,0.3789,0,FUNDOS,2,12.61,CONSERVADOR,0.86,TRIBUTADO,1.0,0
synth-cli-0169,fundo-mm-4,2026-05-03,1863555.74,ARROJADO,ARROJADO,14,36.8,2,0.0,0.0,0.0,0.3441,0.3789,0.0,0.3789,0,FUNDOS,3,12.89,MODERADO,2.27,TRIBUTADO,1.604,1
synth-cli-0169,rf-isento-1,2026-01-15,1863555.74,ARROJADO,ARROJADO,14,36.8,2,0.0,0.0,0.0,0.3441,0.3789,0.0,0.3789,0,RENDA_FIXA,1,11.3,CONSERVADOR,0.0,ISENTO,24.0,0
synth-cli-0169,rf-cdb-3,2026-05-21,1863555.74,ARROJADO,ARROJADO,14,36.8,2,0.0,0.0,0.0,0.3441,0.3789,0.0,0.3789,0,RENDA_FIXA,1,13.62,CONSERVADOR,0.0,TRIBUTADO,0.042,0
synth-cli-0169,rf-cdb-0,2026-05-01,1863555.74,ARROJADO,ARROJADO,14,36.8,2,0.0,0.0,0.0,0.3441,0.3789,0.0,0.3789,1,RENDA_FIXA,1,12.74,CONSERVADOR,0.0,TRIBUTADO,0.036,0
synth-cli-0169,prev-2,2026-01-26,1863555.74,ARROJADO,ARROJADO,14,36.8,2,0.0,0.0,0.0,0.3441,0.3789,0.0,0.3789,0,PREVIDENCIA,2,10.47,MODERADO,0.87,INCENTIVADO,0.167,1
synth-cli-0169,rv-knri11,2026-03-25,1863555.74,ARROJADO,ARROJADO,14,36.8,2,0.0,0.0,0.0,0.3441,0.3789,0.0,0.3789,0,RENDA_VARIAVEL,3,11.32,MODERADO,0.0,ISENTO,0.067,0
synth-cli-0170,rf-isento-0,2026-01-11,7086361.29,ARROJADO,ARROJADO,6,30.8,2,0.0,0.8275,0.0,0.1296,0.0,0.0,0.8275,0,RENDA_FIXA,1,11.04,CONSERVADOR,0.0,ISENTO,24.0,1
synth-cli-0170,rf-pub-0,2026-01-17,7086361.29,ARROJADO,ARROJADO,6,30.8,2,0.0,0.8275,0.0,0.1296,0.0,0.0,0.8275,0,RENDA_FIXA,1,6.5,CONSERVADOR,0.0,TRIBUTADO,0.033,1
synth-cli-0170,rf-cdb-2,2026-01-22,7086361.29,ARROJADO,ARROJADO,6,30.8,2,0.0,0.8275,0.0,0.1296,0.0,0.0,0.8275,0,RENDA_FIXA,1,13.08,CONSERVADOR,0.0,TRIBUTADO,0.101,1
synth-cli-0170,firf-1,2026-02-13,7086361.29,ARROJADO,ARROJADO,6,30.8,2,0.0,0.8275,0.0,0.1296,0.0,0.0,0.8275,0,FUNDOS,2,12.07,CONSERVADOR,0.99,TRIBUTADO,1.0,1
synth-cli-0170,prev-2,2026-05-09,7086361.29,ARROJADO,ARROJADO,6,30.8,2,0.0,0.8275,0.0,0.1296,0.0,0.0,0.8275,0,PREVIDENCIA,2,10.47,MODERADO,0.87,INCENTIVADO,0.167,1
synth-cli-0170,rf-cdb-4,2026-04-13,7086361.29,ARROJADO,ARROJADO,6,30.8,2,0.0,0.8275,0.0,0.1296,0.0,0.0,0.8275,0,RENDA_FIXA,1,11.98,CONSERVADOR,0.0,TRIBUTADO,0.036,1
synth-cli-0170,rv-bpac11,2026-03-17,7086361.29,ARROJADO,ARROJADO,6,30.8,2,0.0,0.8275,0.0,0.1296,0.0,0.0,0.8275,0,RENDA_VARIAVEL,4,19.32,ARROJADO,0.0,ISENTO,0.067,1
synth-cli-0170,rv-itsa4,2026-03-12,7086361.29,ARROJADO,ARROJADO,6,30.8,2,0.0,0.8275,0.0,0.1296,0.0,0.0,0.8275,0,RENDA_VARIAVEL,4,15.45,ARROJADO,0.0,TRIBUTADO,0.067,1
synth-cli-0170,firf-2,2026-05-13,7086361.29,ARROJADO,ARROJADO,6,30.8,2,0.0,0.8275,0.0,0.1296,0.0,0.0,0.8275,0,FUNDOS,2,11.76,CONSERVADOR,0.78,TRIBUTADO,1.0,0
synth-cli-0170,coe-0,2026-05-23,7086361.29,ARROJADO,ARROJADO,6,30.8,2,0.0,0.8275,0.0,0.1296,0.0,0.0,0.8275,0,ESTRUTURADOS,5,19.22,ARROJADO,0.0,TRIBUTADO,36.0,0
synth-cli-0170,fundo-mm-4,2026-04-02,7086361.29,ARROJADO,ARROJADO,6,30.8,2,0.0,0.8275,0.0,0.1296,0.0,0.0,0.8275,0,FUNDOS,3,12.89,MODERADO,2.27,TRIBUTADO,1.604,1
synth-cli-0170,rf-isento-1,2026-05-18,7086361.29,ARROJADO,ARROJADO,6,30.8,2,0.0,0.8275,0.0,0.1296,0.0,0.0,0.8275,0,RENDA_FIXA,1,11.3,CONSERVADOR,0.0,ISENTO,24.0,1
synth-cli-0170,rv-ivvb11,2026-03-26,7086361.29,ARROJADO,ARROJADO,6,30.8,2,0.0,0.8275,0.0,0.1296,0.0,0.0,0.8275,1,RENDA_VARIAVEL,4,17.47,ARROJADO,0.0,ISENTO,0.067,0
synth-cli-0170,firf-0,2026-05-25,7086361.29,ARROJADO,ARROJADO,6,30.8,2,0.0,0.8275,0.0,0.1296,0.0,0.0,0.8275,0,FUNDOS,2,12.61,CONSERVADOR,0.86,TRIBUTADO,1.0,0
synth-cli-0170,coe-1,2026-05-06,7086361.29,ARROJADO,ARROJADO,6,30.8,2,0.0,0.8275,0.0,0.1296,0.0,0.0,0.8275,0,ESTRUTURADOS,5,22.09,ARROJADO,0.0,TRIBUTADO,36.0,0
synth-cli-0170,prev-1,2026-01-28,7086361.29,ARROJADO,ARROJADO,6,30.8,2,0.0,0.8275,0.0,0.1296,0.0,0.0,0.8275,0,PREVIDENCIA,3,10.58,MODERADO,0.86,INCENTIVADO,0.167,0
synth-cli-0170,rv-knri11,2026-05-04,7086361.29,ARROJADO,ARROJADO,6,30.8,2,0.0,0.8275,0.0,0.1296,0.0,0.0,0.8275,0,RENDA_VARIAVEL,3,11.32,MODERADO,0.0,ISENTO,0.067,1
synth-cli-0171,cambio-0,2026-01-05,2004734.44,MODERADO,ARROJADO,9,14.5,3,0.4455,0.1125,0.0,0.1228,0.0,0.0,0.4455,0,CAMBIO,4,11.55,ARROJADO,1.87,TRIBUTADO,1.0,0
synth-cli-0171,firf-0,2026-02-17,2004734.44,MODERADO,ARROJADO,9,14.5,3,0.4455,0.1125,0.0,0.1228,0.0,0.0,0.4455,0,FUNDOS,2,12.61,CONSERVADOR,0.86,TRIBUTADO,1.0,1
synth-cli-0171,rv-knri11,2026-03-14,2004734.44,MODERADO,ARROJADO,9,14.5,3,0.4455,0.1125,0.0,0.1228,0.0,0.0,0.4455,0,RENDA_VARIAVEL,3,11.32,MODERADO,0.0,ISENTO,0.067,0
synth-cli-0171,rf-cdb-0,2026-02-12,2004734.44,MODERADO,ARROJADO,9,14.5,3,0.4455,0.1125,0.0,0.1228,0.0,0.0,0.4455,0,RENDA_FIXA,1,12.74,CONSERVADOR,0.0,TRIBUTADO,0.036,0
synth-cli-0171,rf-isento-0,2026-05-14,2004734.44,MODERADO,ARROJADO,9,14.5,3,0.4455,0.1125,0.0,0.1228,0.0,0.0,0.4455,0,RENDA_FIXA,1,11.04,CONSERVADOR,0.0,ISENTO,24.0,0
synth-cli-0171,rv-ivvb11,2026-03-25,2004734.44,MODERADO,ARROJADO,9,14.5,3,0.4455,0.1125,0.0,0.1228,0.0,0.0,0.4455,0,RENDA_VARIAVEL,4,17.47,ARROJADO,0.0,ISENTO,0.067,0
synth-cli-0171,coe-1,2026-04-28,2004734.44,MODERADO,ARROJADO,9,14.5,3,0.4455,0.1125,0.0,0.1228,0.0,0.0,0.4455,0,ESTRUTURADOS,5,22.09,ARROJADO,0.0,TRIBUTADO,36.0,0
synth-cli-0171,prev-2,2026-04-06,2004734.44,MODERADO,ARROJADO,9,14.5,3,0.4455,0.1125,0.0,0.1228,0.0,0.0,0.4455,0,PREVIDENCIA,2,10.47,MODERADO,0.87,INCENTIVADO,0.167,0
synth-cli-0171,prev-1,2026-03-25,2004734.44,MODERADO,ARROJADO,9,14.5,3,0.4455,0.1125,0.0,0.1228,0.0,0.0,0.4455,0,PREVIDENCIA,3,10.58,MODERADO,0.86,INCENTIVADO,0.167,1
synth-cli-0171,rf-pub-0,2026-02-24,2004734.44,MODERADO,ARROJADO,9,14.5,3,0.4455,0.1125,0.0,0.1228,0.0,0.0,0.4455,0,RENDA_FIXA,1,6.5,CONSERVADOR,0.0,TRIBUTADO,0.033,1
synth-cli-0171,firf-1,2026-03-18,2004734.44,MODERADO,ARROJADO,9,14.5,3,0.4455,0.1125,0.0,0.1228,0.0,0.0,0.4455,0,FUNDOS,2,12.07,CONSERVADOR,0.99,TRIBUTADO,1.0,1
synth-cli-0171,fundo-mm-4,2026-01-22,2004734.44,MODERADO,ARROJADO,9,14.5,3,0.4455,0.1125,0.0,0.1228,0.0,0.0,0.4455,0,FUNDOS,3,12.89,MODERADO,2.27,TRIBUTADO,1.604,0
synth-cli-0171,rv-bpac11,2026-04-10,2004734.44,MODERADO,ARROJADO,9,14.5,3,0.4455,0.1125,0.0,0.1228,0.0,0.0,0.4455,0,RENDA_VARIAVEL,4,19.32,ARROJADO,0.0,ISENTO,0.067,0
synth-cli-0171,rf-pub-2,2026-03-28,2004734.44,MODERADO,ARROJADO,9,14.5,3,0.4455,0.1125,0.0,0.1228,0.0,0.0,0.4455,0,RENDA_FIXA,3,13.26,MODERADO,0.0,INCENTIVADO,36.0,1
synth-cli-0171,cambio-1,2026-05-27,2004734.44,MODERADO,ARROJADO,9,14.5,3,0.4455,0.1125,0.0,0.1228,0.0,0.0,0.4455,0,CAMBIO,4,10.47,ARROJADO,1.77,TRIBUTADO,1.0,0
synth-cli-0171,rf-pub-1,2026-01-25,2004734.44,MODERADO,ARROJADO,9,14.5,3,0.4455,0.1125,0.0,0.1228,0.0,0.0,0.4455,1,RENDA_FIXA,3,12.55,MODERADO,0.0,INCENTIVADO,36.0,0
synth-cli-0171,firf-2,2026-05-17,2004734.44,MODERADO,ARROJADO,9,14.5,3,0.4455,0.1125,0.0,0.1228,0.0,0.0,0.4455,0,FUNDOS,2,11.76,CONSERVADOR,0.78,TRIBUTADO,1.0,1
synth-cli-0171,fundo-mm-0,2026-03-11,2004734.44,MODERADO,ARROJADO,9,14.5,3,0.4455,0.1125,0.0,0.1228,0.0,0.0,0.4455,0,FUNDOS,3,14.68,MODERADO,1.33,TRIBUTADO,1.589,1
synth-cli-0171,fundo-mm-1,2026-02-15,2004734.44,MODERADO,ARROJADO,9,14.5,3,0.4455,0.1125,0.0,0.1228,0.0,0.0,0.4455,0,FUNDOS,4,15.74,ARROJADO,1.01,TRIBUTADO,1.806,0
synth-cli-0171,rf-cdb-3,2026-03-02,2004734.44,MODERADO,ARROJADO,9,14.5,3,0.4455,0.1125,0.0,0.1228,0.0,0.0,0.4455,0,RENDA_FIXA,1,13.62,CONSERVADOR,0.0,TRIBUTADO,0.042,0
synth-cli-0171,prev-0,2026-01-28,2004734.44,MODERADO,ARROJADO,9,14.5,3,0.4455,0.1125,0.0,0.1228,0.0,0.0,0.4455,0,PREVIDENCIA,2,10.09,CONSERVADOR,0.96,INCENTIVADO,0.167,0
synth-cli-0171,rf-cdb-1,2026-03-07,2004734.44,MODERADO,ARROJADO,9,14.5,3,0.4455,0.1125,0.0,0.1228,0.0,0.0,0.4455,0,RENDA_FIXA,1,11.46,CONSERVADOR,0.0,TRIBUTADO,0.056,1
synth-cli-0171,fundo-mm-3,2026-03-19,2004734.44,MODERADO,ARROJADO,9,14.5,3,0.4455,0.1125,0.0,0.1228,0.0,0.0,0.4455,0,FUNDOS,4,16.33,ARROJADO,1.5,TRIBUTADO,1.093,0
synth-cli-0171,rf-cdb-4,2026-01-13,2004734.44,MODERADO,ARROJADO,9,14.5,3,0.4455,0.1125,0.0,0.1228,0.0,0.0,0.4455,0,RENDA_FIXA,1,11.98,CONSERVADOR,0.0,TRIBUTADO,0.036,1
synth-cli-0171,rf-isento-1,2026-01-04,2004734.44,MODERADO,ARROJADO,9,14.5,3,0.4455,0.1125,0.0,0.1228,0.0,0.0,0.4455,0,RENDA_FIXA,1,11.3,CONSERVADOR,0.0,ISENTO,24.0,0
synth-cli-0172,firf-0,2026-01-03,715886.07,MODERADO,MODERADO,9,15.4,3,0.6396,0.0,0.1744,0.1311,0.0,0.0,0.6396,0,FUNDOS,2,12.61,CONSERVADOR,0.86,TRIBUTADO,1.0,0
synth-cli-0172,fundo-mm-3,2026-05-25,715886.07,MODERADO,MODERADO,9,15.4,3,0.6396,0.0,0.1744,0.1311,0.0,0.0,0.6396,0,FUNDOS,4,16.33,ARROJADO,1.5,TRIBUTADO,1.093,0
synth-cli-0172,rv-knri11,2026-04-04,715886.07,MODERADO,MODERADO,9,15.4,3,0.6396,0.0,0.1744,0.1311,0.0,0.0,0.6396,0,RENDA_VARIAVEL,3,11.32,MODERADO,0.0,ISENTO,0.067,1
synth-cli-0172,prev-1,2026-05-28,715886.07,MODERADO,MODERADO,9,15.4,3,0.6396,0.0,0.1744,0.1311,0.0,0.0,0.6396,0,PREVIDENCIA,3,10.58,MODERADO,0.86,INCENTIVADO,0.167,1
synth-cli-0172,rf-cdb-3,2026-01-01,715886.07,MODERADO,MODERADO,9,15.4,3,0.6396,0.0,0.1744,0.1311,0.0,0.0,0.6396,0,RENDA_FIXA,1,13.62,CONSERVADOR,0.0,TRIBUTADO,0.042,0
synth-cli-0172,firf-1,2026-02-27,715886.07,MODERADO,MODERADO,9,15.4,3,0.6396,0.0,0.1744,0.1311,0.0,0.0,0.6396,0,FUNDOS,2,12.07,CONSERVADOR,0.99,TRIBUTADO,1.0,0
synth-cli-0172,rf-cdb-1,2026-03-25,715886.07,MODERADO,MODERADO,9,15.4,3,0.6396,0.0,0.1744,0.1311,0.0,0.0,0.6396,0,RENDA_FIXA,1,11.46,CONSERVADOR,0.0,TRIBUTADO,0.056,1
synth-cli-0172,rv-bpac11,2026-05-05,715886.07,MODERADO,MODERADO,9,15.4,3,0.6396,0.0,0.1744,0.1311,0.0,0.0,0.6396,0,RENDA_VARIAVEL,4,19.32,ARROJADO,0.0,ISENTO,0.067,0
synth-cli-0172,rf-pub-1,2026-05-01,715886.07,MODERADO,MODERADO,9,15.4,3,0.6396,0.0,0.1744,0.1311,0.0,0.0,0.6396,0,RENDA_FIXA,3,12.55,MODERADO,0.0,INCENTIVADO,36.0,0
synth-cli-0172,rf-pub-2,2026-04-09,715886.07,MODERADO,MODERADO,9,15.4,3,0.6396,0.0,0.1744,0.1311,0.0,0.0,0.6396,0,RENDA_FIXA,3,13.26,MODERADO,0.0,INCENTIVADO,36.0,1
synth-cli-0172,firf-2,2026-05-04,715886.07,MODERADO,MODERADO,9,15.4,3,0.6396,0.0,0.1744,0.1311,0.0,0.0,0.6396,0,FUNDOS,2,11.76,CONSERVADOR,0.78,TRIBUTADO,1.0,0
synth-cli-0172,rf-cdb-2,2026-05-22,715886.07,MODERADO,MODERADO,9,15.4,3,0.6396,0.0,0.1744,0.1311,0.0,0.0,0.6396,0,RENDA_FIXA,1,13.08,CONSERVADOR,0.0,TRIBUTADO,0.101,0
synth-cli-0172,rv-btlg11,2026-03-20,715886.07,MODERADO,MODERADO,9,15.4,3,0.6396,0.0,0.1744,0.1311,0.0,0.0,0.6396,0,RENDA_VARIAVEL,3,11.31,MODERADO,0.0,ISENTO,0.067,1
synth-cli-0172,fundo-mm-4,2026-03-20,715886.07,MODERADO,MODERADO,9,15.4,3,0.6396,0.0,0.1744,0.1311,0.0,0.0,0.6396,0,FUNDOS,3,12.89,MODERADO,2.27,TRIBUTADO,1.604,1
synth-cli-0172,rv-ivvb11,2026-01-28,715886.07,MODERADO,MODERADO,9,15.4,3,0.6396,0.0,0.1744,0.1311,0.0,0.0,0.6396,0,RENDA_VARIAVEL,4,17.47,ARROJADO,0.0,ISENTO,0.067,0
synth-cli-0172,rf-cdb-4,2026-05-10,715886.07,MODERADO,MODERADO,9,15.4,3,0.6396,0.0,0.1744,0.1311,0.0,0.0,0.6396,0,RENDA_FIXA,1,11.98,CONSERVADOR,0.0,TRIBUTADO,0.036,0
synth-cli-0172,cambio-1,2026-03-08,715886.07,MODERADO,MODERADO,9,15.4,3,0.6396,0.0,0.1744,0.1311,0.0,0.0,0.6396,0,CAMBIO,4,10.47,ARROJADO,1.77,TRIBUTADO,1.0,0
synth-cli-0172,rf-isento-2,2026-01-19,715886.07,MODERADO,MODERADO,9,15.4,3,0.6396,0.0,0.1744,0.1311,0.0,0.0,0.6396,0,RENDA_FIXA,1,11.97,CONSERVADOR,0.0,ISENTO,24.0,1
synth-cli-0172,rf-pub-0,2026-04-07,715886.07,MODERADO,MODERADO,9,15.4,3,0.6396,0.0,0.1744,0.1311,0.0,0.0,0.6396,1,RENDA_FIXA,1,6.5,CONSERVADOR,0.0,TRIBUTADO,0.033,0
synth-cli-0172,prev-2,2026-02-07,715886.07,MODERADO,MODERADO,9,15.4,3,0.6396,0.0,0.1744,0.1311,0.0,0.0,0.6396,0,PREVIDENCIA,2,10.47,MODERADO,0.87,INCENTIVADO,0.167,1
synth-cli-0172,rf-cdb-0,2026-04-09,715886.07,MODERADO,MODERADO,9,15.4,3,0.6396,0.0,0.1744,0.1311,0.0,0.0,0.6396,0,RENDA_FIXA,1,12.74,CONSERVADOR,0.0,TRIBUTADO,0.036,1
synth-cli-0172,cambio-0,2026-04-03,715886.07,MODERADO,MODERADO,9,15.4,3,0.6396,0.0,0.1744,0.1311,0.0,0.0,0.6396,0,CAMBIO,4,11.55,ARROJADO,1.87,TRIBUTADO,1.0,0
synth-cli-0173,rf-isento-0,2026-01-27,1734272.24,ARROJADO,MODERADO,10,32.0,4,0.2447,0.2636,0.2635,0.0515,0.0,0.0,0.2636,0,RENDA_FIXA,1,11.04,CONSERVADOR,0.0,ISENTO,24.0,1
synth-cli-0173,cambio-0,2026-01-25,1734272.24,ARROJADO,MODERADO,10,32.0,4,0.2447,0.2636,0.2635,0.0515,0.0,0.0,0.2636,0,CAMBIO,4,11.55,ARROJADO,1.87,TRIBUTADO,1.0,0
synth-cli-0173,rf-cdb-1,2026-04-14,1734272.24,ARROJADO,MODERADO,10,32.0,4,0.2447,0.2636,0.2635,0.0515,0.0,0.0,0.2636,0,RENDA_FIXA,1,11.46,CONSERVADOR,0.0,TRIBUTADO,0.056,0
synth-cli-0173,rv-btlg11,2026-01-17,1734272.24,ARROJADO,MODERADO,10,32.0,4,0.2447,0.2636,0.2635,0.0515,0.0,0.0,0.2636,0,RENDA_VARIAVEL,3,11.31,MODERADO,0.0,ISENTO,0.067,0
synth-cli-0173,rv-knri11,2026-01-02,1734272.24,ARROJADO,MODERADO,10,32.0,4,0.2447,0.2636,0.2635,0.0515,0.0,0.0,0.2636,0,RENDA_VARIAVEL,3,11.32,MODERADO,0.0,ISENTO,0.067,1
synth-cli-0173,prev-2,2026-01-17,1734272.24,ARROJADO,MODERADO,10,32.0,4,0.2447,0.2636,0.2635,0.0515,0.0,0.0,0.2636,0,PREVIDENCIA,2,10.47,MODERADO,0.87,INCENTIVADO,0.167,0
synth-cli-0173,rf-isento-1,2026-05-03,1734272.24,ARROJADO,MODERADO,10,32.0,4,0.2447,0.2636,0.2635,0.0515,0.0,0.0,0.2636,0,RENDA_FIXA,1,11.3,CONSERVADOR,0.0,ISENTO,24.0,1
synth-cli-0173,rf-cdb-4,2026-01-13,1734272.24,ARROJADO,MODERADO,10,32.0,4,0.2447,0.2636,0.2635,0.0515,0.0,0.0,0.2636,0,RENDA_FIXA,1,11.98,CONSERVADOR,0.0,TRIBUTADO,0.036,0
synth-cli-0173,firf-0,2026-02-04,1734272.24,ARROJADO,MODERADO,10,32.0,4,0.2447,0.2636,0.2635,0.0515,0.0,0.0,0.2636,0,FUNDOS,2,12.61,CONSERVADOR,0.86,TRIBUTADO,1.0,1
synth-cli-0173,firf-1,2026-02-09,1734272.24,ARROJADO,MODERADO,10,32.0,4,0.2447,0.2636,0.2635,0.0515,0.0,0.0,0.2636,0,FUNDOS,2,12.07,CONSERVADOR,0.99,TRIBUTADO,1.0,0
synth-cli-0174,fundo-mm-0,2026-02-10,2418393.21,MODERADO,MODERADO,4,15.2,4,0.3912,0.0879,0.2476,0.0966,0.0,0.0,0.3912,0,FUNDOS,3,14.68,MODERADO,1.33,TRIBUTADO,1.589,1
synth-cli-0174,rf-cdb-1,2026-01-26,2418393.21,MODERADO,MODERADO,4,15.2,4,0.3912,0.0879,0.2476,0.0966,0.0,0.0,0.3912,1,RENDA_FIXA,1,11.46,CONSERVADOR,0.0,TRIBUTADO,0.056,0
synth-cli-0174,prev-2,2026-04-25,2418393.21,MODERADO,MODERADO,4,15.2,4,0.3912,0.0879,0.2476,0.0966,0.0,0.0,0.3912,0,PREVIDENCIA,2,10.47,MODERADO,0.87,INCENTIVADO,0.167,1
synth-cli-0174,fundo-mm-2,2026-05-24,2418393.21,MODERADO,MODERADO,4,15.2,4,0.3912,0.0879,0.2476,0.0966,0.0,0.0,0.3912,0,FUNDOS,3,15.29,MODERADO,1.51,TRIBUTADO,1.155,1
synth-cli-0174,firf-0,2026-02-14,2418393.21,MODERADO,MODERADO,4,15.2,4,0.3912,0.0879,0.2476,0.0966,0.0,0.0,0.3912,0,FUNDOS,2,12.61,CONSERVADOR,0.86,TRIBUTADO,1.0,0
synth-cli-0174,firf-1,2026-01-02,2418393.21,MODERADO,MODERADO,4,15.2,4,0.3912,0.0879,0.2476,0.0966,0.0,0.0,0.3912,0,FUNDOS,2,12.07,CONSERVADOR,0.99,TRIBUTADO,1.0,1
synth-cli-0174,rf-pub-0,2026-03-15,2418393.21,MODERADO,MODERADO,4,15.2,4,0.3912,0.0879,0.2476,0.0966,0.0,0.0,0.3912,0,RENDA_FIXA,1,6.5,CONSERVADOR,0.0,TRIBUTADO,0.033,1
synth-cli-0174,coe-0,2026-01-20,2418393.21,MODERADO,MODERADO,4,15.2,4,0.3912,0.0879,0.2476,0.0966,0.0,0.0,0.3912,0,ESTRUTURADOS,5,19.22,ARROJADO,0.0,TRIBUTADO,36.0,0
synth-cli-0174,firf-2,2026-05-23,2418393.21,MODERADO,MODERADO,4,15.2,4,0.3912,0.0879,0.2476,0.0966,0.0,0.0,0.3912,0,FUNDOS,2,11.76,CONSERVADOR,0.78,TRIBUTADO,1.0,0
synth-cli-0174,rf-cdb-3,2026-03-10,2418393.21,MODERADO,MODERADO,4,15.2,4,0.3912,0.0879,0.2476,0.0966,0.0,0.0,0.3912,0,RENDA_FIXA,1,13.62,CONSERVADOR,0.0,TRIBUTADO,0.042,1
synth-cli-0174,fundo-mm-4,2026-04-09,2418393.21,MODERADO,MODERADO,4,15.2,4,0.3912,0.0879,0.2476,0.0966,0.0,0.0,0.3912,0,FUNDOS,3,12.89,MODERADO,2.27,TRIBUTADO,1.604,0
synth-cli-0174,rv-ivvb11,2026-02-13,2418393.21,MODERADO,MODERADO,4,15.2,4,0.3912,0.0879,0.2476,0.0966,0.0,0.0,0.3912,0,RENDA_VARIAVEL,4,17.47,ARROJADO,0.0,ISENTO,0.067,0
synth-cli-0174,rv-knri11,2026-05-20,2418393.21,MODERADO,MODERADO,4,15.2,4,0.3912,0.0879,0.2476,0.0966,0.0,0.0,0.3912,0,RENDA_VARIAVEL,3,11.32,MODERADO,0.0,ISENTO,0.067,0
synth-cli-0174,prev-1,2026-04-28,2418393.21,MODERADO,MODERADO,4,15.2,4,0.3912,0.0879,0.2476,0.0966,0.0,0.0,0.3912,0,PREVIDENCIA,3,10.58,MODERADO,0.86,INCENTIVADO,0.167,1
synth-cli-0174,rf-cdb-4,2026-03-27,2418393.21,MODERADO,MODERADO,4,15.2,4,0.3912,0.0879,0.2476,0.0966,0.0,0.0,0.3912,0,RENDA_FIXA,1,11.98,CONSERVADOR,0.0,TRIBUTADO,0.036,0
synth-cli-0174,rf-pub-1,2026-04-03,2418393.21,MODERADO,MODERADO,4,15.2,4,0.3912,0.0879,0.2476,0.0966,0.0,0.0,0.3912,0,RENDA_FIXA,3,12.55,MODERADO,0.0,INCENTIVADO,36.0,0
synth-cli-0174,rf-isento-0,2026-03-05,2418393.21,MODERADO,MODERADO,4,15.2,4,0.3912,0.0879,0.2476,0.0966,0.0,0.0,0.3912,0,RENDA_FIXA,1,11.04,CONSERVADOR,0.0,ISENTO,24.0,0
synth-cli-0174,rv-btlg11,2026-05-08,2418393.21,MODERADO,MODERADO,4,15.2,4,0.3912,0.0879,0.2476,0.0966,0.0,0.0,0.3912,0,RENDA_VARIAVEL,3,11.31,MODERADO,0.0,ISENTO,0.067,1
synth-cli-0175,rf-isento-2,2026-01-06,3559367.32,ARROJADO,ARROJADO,15,22.2,6,0.198,0.22,0.304,0.0213,0.077,0.0244,0.304,0,RENDA_FIXA,1,11.97,CONSERVADOR,0.0,ISENTO,24.0,0
synth-cli-0175,firf-2,2026-02-25,3559367.32,ARROJADO,ARROJADO,15,22.2,6,0.198,0.22,0.304,0.0213,0.077,0.0244,0.304,0,FUNDOS,2,11.76,CONSERVADOR,0.78,TRIBUTADO,1.0,1
synth-cli-0175,rf-cdb-3,2026-04-19,3559367.32,ARROJADO,ARROJADO,15,22.2,6,0.198,0.22,0.304,0.0213,0.077,0.0244,0.304,0,RENDA_FIXA,1,13.62,CONSERVADOR,0.0,TRIBUTADO,0.042,0
synth-cli-0175,rf-isento-1,2026-01-18,3559367.32,ARROJADO,ARROJADO,15,22.2,6,0.198,0.22,0.304,0.0213,0.077,0.0244,0.304,0,RENDA_FIXA,1,11.3,CONSERVADOR,0.0,ISENTO,24.0,0
synth-cli-0175,rf-cdb-0,2026-04-21,3559367.32,ARROJADO,ARROJADO,15,22.2,6,0.198,0.22,0.304,0.0213,0.077,0.0244,0.304,0,RENDA_FIXA,1,12.74,CONSERVADOR,0.0,TRIBUTADO,0.036,0
synth-cli-0175,prev-0,2026-01-21,3559367.32,ARROJADO,ARROJADO,15,22.2,6,0.198,0.22,0.304,0.0213,0.077,0.0244,0.304,0,PREVIDENCIA,2,10.09,CONSERVADOR,0.96,INCENTIVADO,0.167,0
synth-cli-0175,firf-0,2026-02-10,3559367.32,ARROJADO,ARROJADO,15,22.2,6,0.198,0.22,0.304,0.0213,0.077,0.0244,0.304,1,FUNDOS,2,12.61,CONSERVADOR,0.86,TRIBUTADO,1.0,0
synth-cli-0175,coe-0,2026-02-17,3559367.32,ARROJADO,ARROJADO,15,22.2,6,0.198,0.22,0.304,0.0213,0.077,0.0244,0.304,0,ESTRUTURADOS,5,19.22,ARROJADO,0.0,TRIBUTADO,36.0,0
synth-cli-0175,cambio-0,2026-03-22,3559367.32,ARROJADO,ARROJADO,15,22.2,6,0.198,0.22,0.304,0.0213,0.077,0.0244,0.304,1,CAMBIO,4,11.55,ARROJADO,1.87,TRIBUTADO,1.0,0
synth-cli-0175,rv-bpac11,2026-03-21,3559367.32,ARROJADO,ARROJADO,15,22.2,6,0.198,0.22,0.304,0.0213,0.077,0.0244,0.304,0,RENDA_VARIAVEL,4,19.32,ARROJADO,0.0,ISENTO,0.067,0
synth-cli-0175,rf-pub-1,2026-05-05,3559367.32,ARROJADO,ARROJADO,15,22.2,6,0.198,0.22,0.304,0.0213,0.077,0.0244,0.304,0,RENDA_FIXA,3,12.55,MODERADO,0.0,INCENTIVADO,36.0,1
synth-cli-0175,rf-pub-0,2026-03-27,3559367.32,ARROJADO,ARROJADO,15,22.2,6,0.198,0.22,0.304,0.0213,0.077,0.0244,0.304,0,RENDA_FIXA,1,6.5,CONSERVADOR,0.0,TRIBUTADO,0.033,1
synth-cli-0176,coe-1,2026-03-01,374809.46,MODERADO,MODERADO,10,13.5,4,0.2698,0.0641,0.2818,0.1669,0.0,0.0,0.2818,0,ESTRUTURADOS,5,22.09,ARROJADO,0.0,TRIBUTADO,36.0,0
synth-cli-0176,fundo-mm-0,2026-02-13,374809.46,MODERADO,MODERADO,10,13.5,4,0.2698,0.0641,0.2818,0.1669,0.0,0.0,0.2818,0,FUNDOS,3,14.68,MODERADO,1.33,TRIBUTADO,1.589,0
synth-cli-0176,fundo-mm-2,2026-04-22,374809.46,MODERADO,MODERADO,10,13.5,4,0.2698,0.0641,0.2818,0.1669,0.0,0.0,0.2818,0,FUNDOS,3,15.29,MODERADO,1.51,TRIBUTADO,1.155,0
synth-cli-0176,rv-itsa4,2026-05-13,374809.46,MODERADO,MODERADO,10,13.5,4,0.2698,0.0641,0.2818,0.1669,0.0,0.0,0.2818,0,RENDA_VARIAVEL,4,15.45,ARROJADO,0.0,TRIBUTADO,0.067,0
synth-cli-0176,rf-cdb-3,2026-03-14,374809.46,MODERADO,MODERADO,10,13.5,4,0.2698,0.0641,0.2818,0.1669,0.0,0.0,0.2818,0,RENDA_FIXA,1,13.62,CONSERVADOR,0.0,TRIBUTADO,0.042,1
synth-cli-0176,rf-cdb-4,2026-05-16,374809.46,MODERADO,MODERADO,10,13.5,4,0.2698,0.0641,0.2818,0.1669,0.0,0.0,0.2818,0,RENDA_FIXA,1,11.98,CONSERVADOR,0.0,TRIBUTADO,0.036,1
synth-cli-0176,rv-btlg11,2026-01-22,374809.46,MODERADO,MODERADO,10,13.5,4,0.2698,0.0641,0.2818,0.1669,0.0,0.0,0.2818,0,RENDA_VARIAVEL,3,11.31,MODERADO,0.0,ISENTO,0.067,0
synth-cli-0176,firf-2,2026-05-11,374809.46,MODERADO,MODERADO,10,13.5,4,0.2698,0.0641,0.2818,0.1669,0.0,0.0,0.2818,0,FUNDOS,2,11.76,CONSERVADOR,0.78,TRIBUTADO,1.0,0
synth-cli-0177,cambio-0,2026-02-16,1513878.27,MODERADO,MODERADO,7,16.5,2,0.0,0.2502,0.5335,0.0,0.0,0.0,0.5335,0,CAMBIO,4,11.55,ARROJADO,1.87,TRIBUTADO,1.0,0
synth-cli-0177,prev-0,2026-01-01,1513878.27,MODERADO,MODERADO,7,16.5,2,0.0,0.2502,0.5335,0.0,0.0,0.0,0.5335,0,PREVIDENCIA,2,10.09,CONSERVADOR,0.96,INCENTIVADO,0.167,0
synth-cli-0177,rf-cdb-3,2026-04-03,1513878.27,MODERADO,MODERADO,7,16.5,2,0.0,0.2502,0.5335,0.0,0.0,0.0,0.5335,0,RENDA_FIXA,1,13.62,CONSERVADOR,0.0,TRIBUTADO,0.042,1
synth-cli-0177,rf-isento-0,2026-01-27,1513878.27,MODERADO,MODERADO,7,16.5,2,0.0,0.2502,0.5335,0.0,0.0,0.0,0.5335,0,RENDA_FIXA,1,11.04,CONSERVADOR,0.0,ISENTO,24.0,0
synth-cli-0177,prev-2,2026-01-22,1513878.27,MODERADO,MODERADO,7,16.5,2,0.0,0.2502,0.5335,0.0,0.0,0.0,0.5335,0,PREVIDENCIA,2,10.47,MODERADO,0.87,INCENTIVADO,0.167,1
synth-cli-0177,rf-pub-1,2026-05-11,1513878.27,MODERADO,MODERADO,7,16.5,2,0.0,0.2502,0.5335,0.0,0.0,0.0,0.5335,0,RENDA_FIXA,3,12.55,MODERADO,0.0,INCENTIVADO,36.0,1
synth-cli-0177,cambio-1,2026-01-02,1513878.27,MODERADO,MODERADO,7,16.5,2,0.0,0.2502,0.5335,0.0,0.0,0.0,0.5335,1,CAMBIO,4,10.47,ARROJADO,1.77,TRIBUTADO,1.0,0
synth-cli-0177,coe-0,2026-04-17,1513878.27,MODERADO,MODERADO,7,16.5,2,0.0,0.2502,0.5335,0.0,0.0,0.0,0.5335,0,ESTRUTURADOS,5,19.22,ARROJADO,0.0,TRIBUTADO,36.0,0
synth-cli-0177,fundo-mm-1,2026-03-03,1513878.27,MODERADO,MODERADO,7,16.5,2,0.0,0.2502,0.5335,0.0,0.0,0.0,0.5335,0,FUNDOS,4,15.74,ARROJADO,1.01,TRIBUTADO,1.806,0
synth-cli-0177,firf-1,2026-03-02,1513878.27,MODERADO,MODERADO,7,16.5,2,0.0,0.2502,0.5335,0.0,0.0,0.0,0.5335,0,FUNDOS,2,12.07,CONSERVADOR,0.99,TRIBUTADO,1.0,0
synth-cli-0177,rf-cdb-4,2026-02-28,1513878.27,MODERADO,MODERADO,7,16.5,2,0.0,0.2502,0.5335,0.0,0.0,0.0,0.5335,0,RENDA_FIXA,1,11.98,CONSERVADOR,0.0,TRIBUTADO,0.036,1
synth-cli-0177,rf-pub-2,2026-04-21,1513878.27,MODERADO,MODERADO,7,16.5,2,0.0,0.2502,0.5335,0.0,0.0,0.0,0.5335,0,RENDA_FIXA,3,13.26,MODERADO,0.0,INCENTIVADO,36.0,1
synth-cli-0177,firf-2,2026-02-02,1513878.27,MODERADO,MODERADO,7,16.5,2,0.0,0.2502,0.5335,0.0,0.0,0.0,0.5335,0,FUNDOS,2,11.76,CONSERVADOR,0.78,TRIBUTADO,1.0,0
synth-cli-0177,rf-isento-1,2026-01-16,1513878.27,MODERADO,MODERADO,7,16.5,2,0.0,0.2502,0.5335,0.0,0.0,0.0,0.5335,0,RENDA_FIXA,1,11.3,CONSERVADOR,0.0,ISENTO,24.0,1
synth-cli-0177,firf-0,2026-05-10,1513878.27,MODERADO,MODERADO,7,16.5,2,0.0,0.2502,0.5335,0.0,0.0,0.0,0.5335,0,FUNDOS,2,12.61,CONSERVADOR,0.86,TRIBUTADO,1.0,0
synth-cli-0177,rv-knri11,2026-02-24,1513878.27,MODERADO,MODERADO,7,16.5,2,0.0,0.2502,0.5335,0.0,0.0,0.0,0.5335,0,RENDA_VARIAVEL,3,11.32,MODERADO,0.0,ISENTO,0.067,0
synth-cli-0177,rf-isento-2,2026-04-22,1513878.27,MODERADO,MODERADO,7,16.5,2,0.0,0.2502,0.5335,0.0,0.0,0.0,0.5335,0,RENDA_FIXA,1,11.97,CONSERVADOR,0.0,ISENTO,24.0,1
synth-cli-0177,rf-cdb-0,2026-01-24,1513878.27,MODERADO,MODERADO,7,16.5,2,0.0,0.2502,0.5335,0.0,0.0,0.0,0.5335,0,RENDA_FIXA,1,12.74,CONSERVADOR,0.0,TRIBUTADO,0.036,1
synth-cli-0178,rv-knri11,2026-03-12,4332019.05,MODERADO,MODERADO,10,17.8,4,0.2967,0.0771,0.4777,0.1263,0.0,0.0,0.4777,0,RENDA_VARIAVEL,3,11.32,MODERADO,0.0,ISENTO,0.067,0
synth-cli-0178,rv-ivvb11,2026-02-07,4332019.05,MODERADO,MODERADO,10,17.8,4,0.2967,0.0771,0.4777,0.1263,0.0,0.0,0.4777,0,RENDA_VARIAVEL,4,17.47,ARROJADO,0.0,ISENTO,0.067,0
synth-cli-0178,prev-2,2026-05-03,4332019.05,MODERADO,MODERADO,10,17.8,4,0.2967,0.0771,0.4777,0.1263,0.0,0.0,0.4777,0,PREVIDENCIA,2,10.47,MODERADO,0.87,INCENTIVADO,0.167,1
synth-cli-0178,fundo-mm-4,2026-02-28,4332019.05,MODERADO,MODERADO,10,17.8,4,0.2967,0.0771,0.4777,0.1263,0.0,0.0,0.4777,0,FUNDOS,3,12.89,MODERADO,2.27,TRIBUTADO,1.604,1
synth-cli-0178,fundo-mm-1,2026-02-22,4332019.05,MODERADO,MODERADO,10,17.8,4,0.2967,0.0771,0.4777,0.1263,0.0,0.0,0.4777,0,FUNDOS,4,15.74,ARROJADO,1.01,TRIBUTADO,1.806,1
synth-cli-0178,rf-cdb-1,2026-01-08,4332019.05,MODERADO,MODERADO,10,17.8,4,0.2967,0.0771,0.4777,0.1263,0.0,0.0,0.4777,0,RENDA_FIXA,1,11.46,CONSERVADOR,0.0,TRIBUTADO,0.056,1
synth-cli-0178,rf-pub-0,2026-02-27,4332019.05,MODERADO,MODERADO,10,17.8,4,0.2967,0.0771,0.4777,0.1263,0.0,0.0,0.4777,0,RENDA_FIXA,1,6.5,CONSERVADOR,0.0,TRIBUTADO,0.033,0
synth-cli-0178,firf-2,2026-04-18,4332019.05,MODERADO,MODERADO,10,17.8,4,0.2967,0.0771,0.4777,0.1263,0.0,0.0,0.4777,0,FUNDOS,2,11.76,CONSERVADOR,0.78,TRIBUTADO,1.0,1
synth-cli-0178,rv-btlg11,2026-03-13,4332019.05,MODERADO,MODERADO,10,17.8,4,0.2967,0.0771,0.4777,0.1263,0.0,0.0,0.4777,0,RENDA_VARIAVEL,3,11.31,MODERADO,0.0,ISENTO,0.067,0
synth-cli-0178,rv-bpac11,2026-02-15,4332019.05,MODERADO,MODERADO,10,17.8,4,0.2967,0.0771,0.4777,0.1263,0.0,0.0,0.4777,0,RENDA_VARIAVEL,4,19.32,ARROJADO,0.0,ISENTO,0.067,0
synth-cli-0178,rf-cdb-2,2026-03-19,4332019.05,MODERADO,MODERADO,10,17.8,4,0.2967,0.0771,0.4777,0.1263,0.0,0.0,0.4777,0,RENDA_FIXA,1,13.08,CONSERVADOR,0.0,TRIBUTADO,0.101,1
synth-cli-0178,rf-isento-0,2026-02-28,4332019.05,MODERADO,MODERADO,10,17.8,4,0.2967,0.0771,0.4777,0.1263,0.0,0.0,0.4777,0,RENDA_FIXA,1,11.04,CONSERVADOR,0.0,ISENTO,24.0,1
synth-cli-0178,rf-cdb-0,2026-03-17,4332019.05,MODERADO,MODERADO,10,17.8,4,0.2967,0.0771,0.4777,0.1263,0.0,0.0,0.4777,0,RENDA_FIXA,1,12.74,CONSERVADOR,0.0,TRIBUTADO,0.036,0
synth-cli-0178,coe-1,2026-01-14,4332019.05,MODERADO,MODERADO,10,17.8,4,0.2967,0.0771,0.4777,0.1263,0.0,0.0,0.4777,0,ESTRUTURADOS,5,22.09,ARROJADO,0.0,TRIBUTADO,36.0,0
synth-cli-0178,firf-0,2026-01-08,4332019.05,MODERADO,MODERADO,10,17.8,4,0.2967,0.0771,0.4777,0.1263,0.0,0.0,0.4777,1,FUNDOS,2,12.61,CONSERVADOR,0.86,TRIBUTADO,1.0,0
synth-cli-0178,rv-itsa4,2026-03-27,4332019.05,MODERADO,MODERADO,10,17.8,4,0.2967,0.0771,0.4777,0.1263,0.0,0.0,0.4777,0,RENDA_VARIAVEL,4,15.45,ARROJADO,0.0,TRIBUTADO,0.067,0
synth-cli-0178,prev-1,2026-04-18,4332019.05,MODERADO,MODERADO,10,17.8,4,0.2967,0.0771,0.4777,0.1263,0.0,0.0,0.4777,0,PREVIDENCIA,3,10.58,MODERADO,0.86,INCENTIVADO,0.167,1
synth-cli-0178,rf-cdb-3,2026-04-22,4332019.05,MODERADO,MODERADO,10,17.8,4,0.2967,0.0771,0.4777,0.1263,0.0,0.0,0.4777,0,RENDA_FIXA,1,13.62,CONSERVADOR,0.0,TRIBUTADO,0.042,1
synth-cli-0178,fundo-mm-2,2026-02-03,4332019.05,MODERADO,MODERADO,10,17.8,4,0.2967,0.0771,0.4777,0.1263,0.0,0.0,0.4777,0,FUNDOS,3,15.29,MODERADO,1.51,TRIBUTADO,1.155,1
synth-cli-0178,firf-1,2026-04-27,4332019.05,MODERADO,MODERADO,10,17.8,4,0.2967,0.0771,0.4777,0.1263,0.0,0.0,0.4777,0,FUNDOS,2,12.07,CONSERVADOR,0.99,TRIBUTADO,1.0,1
synth-cli-0178,rf-pub-2,2026-02-04,4332019.05,MODERADO,MODERADO,10,17.8,4,0.2967,0.0771,0.4777,0.1263,0.0,0.0,0.4777,0,RENDA_FIXA,3,13.26,MODERADO,0.0,INCENTIVADO,36.0,1
synth-cli-0178,fundo-mm-0,2026-03-17,4332019.05,MODERADO,MODERADO,10,17.8,4,0.2967,0.0771,0.4777,0.1263,0.0,0.0,0.4777,1,FUNDOS,3,14.68,MODERADO,1.33,TRIBUTADO,1.589,0
synth-cli-0178,fundo-mm-3,2026-04-06,4332019.05,MODERADO,MODERADO,10,17.8,4,0.2967,0.0771,0.4777,0.1263,0.0,0.0,0.4777,0,FUNDOS,4,16.33,ARROJADO,1.5,TRIBUTADO,1.093,0
synth-cli-0179,rf-isento-2,2026-04-13,1207742.48,CONSERVADOR,CONSERVADOR,4,9.6,2,0.0,0.0,0.1304,0.7228,0.0,0.0,0.7228,0,RENDA_FIXA,1,11.97,CONSERVADOR,0.0,ISENTO,24.0,1
synth-cli-0179,rv-knri11,2026-01-15,1207742.48,CONSERVADOR,CONSERVADOR,4,9.6,2,0.0,0.0,0.1304,0.7228,0.0,0.0,0.7228,0,RENDA_VARIAVEL,3,11.32,MODERADO,0.0,ISENTO,0.067,0
synth-cli-0179,prev-2,2026-01-13,1207742.48,CONSERVADOR,CONSERVADOR,4,9.6,2,0.0,0.0,0.1304,0.7228,0.0,0.0,0.7228,0,PREVIDENCIA,2,10.47,MODERADO,0.87,INCENTIVADO,0.167,0
synth-cli-0179,fundo-mm-4,2026-04-08,1207742.48,CONSERVADOR,CONSERVADOR,4,9.6,2,0.0,0.0,0.1304,0.7228,0.0,0.0,0.7228,0,FUNDOS,3,12.89,MODERADO,2.27,TRIBUTADO,1.604,0
synth-cli-0179,prev-1,2026-05-25,1207742.48,CONSERVADOR,CONSERVADOR,4,9.6,2,0.0,0.0,0.1304,0.7228,0.0,0.0,0.7228,0,PREVIDENCIA,3,10.58,MODERADO,0.86,INCENTIVADO,0.167,0
synth-cli-0179,cambio-0,2026-01-12,1207742.48,CONSERVADOR,CONSERVADOR,4,9.6,2,0.0,0.0,0.1304,0.7228,0.0,0.0,0.7228,0,CAMBIO,4,11.55,ARROJADO,1.87,TRIBUTADO,1.0,0
synth-cli-0179,rv-itsa4,2026-04-18,1207742.48,CONSERVADOR,CONSERVADOR,4,9.6,2,0.0,0.0,0.1304,0.7228,0.0,0.0,0.7228,0,RENDA_VARIAVEL,4,15.45,ARROJADO,0.0,TRIBUTADO,0.067,0
synth-cli-0179,rv-bpac11,2026-02-06,1207742.48,CONSERVADOR,CONSERVADOR,4,9.6,2,0.0,0.0,0.1304,0.7228,0.0,0.0,0.7228,0,RENDA_VARIAVEL,4,19.32,ARROJADO,0.0,ISENTO,0.067,0
synth-cli-0179,fundo-mm-3,2026-03-11,1207742.48,CONSERVADOR,CONSERVADOR,4,9.6,2,0.0,0.0,0.1304,0.7228,0.0,0.0,0.7228,0,FUNDOS,4,16.33,ARROJADO,1.5,TRIBUTADO,1.093,0
synth-cli-0179,rf-pub-2,2026-01-13,1207742.48,CONSERVADOR,CONSERVADOR,4,9.6,2,0.0,0.0,0.1304,0.7228,0.0,0.0,0.7228,0,RENDA_FIXA,3,13.26,MODERADO,0.0,INCENTIVADO,36.0,0
synth-cli-0179,fundo-mm-2,2026-03-01,1207742.48,CONSERVADOR,CONSERVADOR,4,9.6,2,0.0,0.0,0.1304,0.7228,0.0,0.0,0.7228,0,FUNDOS,3,15.29,MODERADO,1.51,TRIBUTADO,1.155,0
synth-cli-0179,prev-0,2026-05-15,1207742.48,CONSERVADOR,CONSERVADOR,4,9.6,2,0.0,0.0,0.1304,0.7228,0.0,0.0,0.7228,1,PREVIDENCIA,2,10.09,CONSERVADOR,0.96,INCENTIVADO,0.167,0
synth-cli-0179,firf-1,2026-03-13,1207742.48,CONSERVADOR,CONSERVADOR,4,9.6,2,0.0,0.0,0.1304,0.7228,0.0,0.0,0.7228,0,FUNDOS,2,12.07,CONSERVADOR,0.99,TRIBUTADO,1.0,0
synth-cli-0179,coe-1,2026-01-17,1207742.48,CONSERVADOR,CONSERVADOR,4,9.6,2,0.0,0.0,0.1304,0.7228,0.0,0.0,0.7228,0,ESTRUTURADOS,5,22.09,ARROJADO,0.0,TRIBUTADO,36.0,0
synth-cli-0179,rf-cdb-3,2026-05-05,1207742.48,CONSERVADOR,CONSERVADOR,4,9.6,2,0.0,0.0,0.1304,0.7228,0.0,0.0,0.7228,0,RENDA_FIXA,1,13.62,CONSERVADOR,0.0,TRIBUTADO,0.042,1
synth-cli-0179,rf-pub-0,2026-04-15,1207742.48,CONSERVADOR,CONSERVADOR,4,9.6,2,0.0,0.0,0.1304,0.7228,0.0,0.0,0.7228,0,RENDA_FIXA,1,6.5,CONSERVADOR,0.0,TRIBUTADO,0.033,1
synth-cli-0179,rf-isento-0,2026-05-25,1207742.48,CONSERVADOR,CONSERVADOR,4,9.6,2,0.0,0.0,0.1304,0.7228,0.0,0.0,0.7228,0,RENDA_FIXA,1,11.04,CONSERVADOR,0.0,ISENTO,24.0,1
synth-cli-0179,cambio-1,2026-02-14,1207742.48,CONSERVADOR,CONSERVADOR,4,9.6,2,0.0,0.0,0.1304,0.7228,0.0,0.0,0.7228,0,CAMBIO,4,10.47,ARROJADO,1.77,TRIBUTADO,1.0,0
synth-cli-0179,coe-0,2026-05-10,1207742.48,CONSERVADOR,CONSERVADOR,4,9.6,2,0.0,0.0,0.1304,0.7228,0.0,0.0,0.7228,0,ESTRUTURADOS,5,19.22,ARROJADO,0.0,TRIBUTADO,36.0,0
synth-cli-0179,rf-pub-1,2026-01-06,1207742.48,CONSERVADOR,CONSERVADOR,4,9.6,2,0.0,0.0,0.1304,0.7228,0.0,0.0,0.7228,0,RENDA_FIXA,3,12.55,MODERADO,0.0,INCENTIVADO,36.0,0
synth-cli-0179,rf-cdb-0,2026-01-28,1207742.48,CONSERVADOR,CONSERVADOR,4,9.6,2,0.0,0.0,0.1304,0.7228,0.0,0.0,0.7228,0,RENDA_FIXA,1,12.74,CONSERVADOR,0.0,TRIBUTADO,0.036,1
synth-cli-0179,fundo-mm-1,2026-01-20,1207742.48,CONSERVADOR,CONSERVADOR,4,9.6,2,0.0,0.0,0.1304,0.7228,0.0,0.0,0.7228,0,FUNDOS,4,15.74,ARROJADO,1.01,TRIBUTADO,1.806,0
synth-cli-0179,firf-0,2026-04-24,1207742.48,CONSERVADOR,CONSERVADOR,4,9.6,2,0.0,0.0,0.1304,0.7228,0.0,0.0,0.7228,0,FUNDOS,2,12.61,CONSERVADOR,0.86,TRIBUTADO,1.0,0
synth-cli-0179,firf-2,2026-03-17,1207742.48,CONSERVADOR,CONSERVADOR,4,9.6,2,0.0,0.0,0.1304,0.7228,0.0,0.0,0.7228,0,FUNDOS,2,11.76,CONSERVADOR,0.78,TRIBUTADO,1.0,0
synth-cli-0179,rf-isento-1,2026-05-11,1207742.48,CONSERVADOR,CONSERVADOR,4,9.6,2,0.0,0.0,0.1304,0.7228,0.0,0.0,0.7228,0,RENDA_FIXA,1,11.3,CONSERVADOR,0.0,ISENTO,24.0,1
synth-cli-0180,firf-1,2026-02-01,987085.83,MODERADO,MODERADO,4,16.7,1,0.8649,0.0,0.0,0.0,0.0,0.0,0.8649,0,FUNDOS,2,12.07,CONSERVADOR,0.99,TRIBUTADO,1.0,1
synth-cli-0180,rv-ivvb11,2026-04-09,987085.83,MODERADO,MODERADO,4,16.7,1,0.8649,0.0,0.0,0.0,0.0,0.0,0.8649,0,RENDA_VARIAVEL,4,17.47,ARROJADO,0.0,ISENTO,0.067,0
synth-cli-0180,rf-cdb-2,2026-01-20,987085.83,MODERADO,MODERADO,4,16.7,1,0.8649,0.0,0.0,0.0,0.0,0.0,0.8649,1,RENDA_FIXA,1,13.08,CONSERVADOR,0.0,TRIBUTADO,0.101,0
synth-cli-0180,cambio-0,2026-04-16,987085.83,MODERADO,MODERADO,4,16.7,1,0.8649,0.0,0.0,0.0,0.0,0.0,0.8649,0,CAMBIO,4,11.55,ARROJADO,1.87,TRIBUTADO,1.0,0
synth-cli-0180,coe-1,2026-04-13,987085.83,MODERADO,MODERADO,4,16.7,1,0.8649,0.0,0.0,0.0,0.0,0.0,0.8649,0,ESTRUTURADOS,5,22.09,ARROJADO,0.0,TRIBUTADO,36.0,0
synth-cli-0180,rf-isento-1,2026-04-17,987085.83,MODERADO,MODERADO,4,16.7,1,0.8649,0.0,0.0,0.0,0.0,0.0,0.8649,0,RENDA_FIXA,1,11.3,CONSERVADOR,0.0,ISENTO,24.0,0
synth-cli-0180,fundo-mm-0,2026-02-27,987085.83,MODERADO,MODERADO,4,16.7,1,0.8649,0.0,0.0,0.0,0.0,0.0,0.8649,0,FUNDOS,3,14.68,MODERADO,1.33,TRIBUTADO,1.589,1
synth-cli-0180,fundo-mm-3,2026-03-17,987085.83,MODERADO,MODERADO,4,16.7,1,0.8649,0.0,0.0,0.0,0.0,0.0,0.8649,0,FUNDOS,4,16.33,ARROJADO,1.5,TRIBUTADO,1.093,0
synth-cli-0180,coe-0,2026-04-24,987085.83,MODERADO,MODERADO,4,16.7,1,0.8649,0.0,0.0,0.0,0.0,0.0,0.8649,0,ESTRUTURADOS,5,19.22,ARROJADO,0.0,TRIBUTADO,36.0,0
synth-cli-0180,cambio-1,2026-05-11,987085.83,MODERADO,MODERADO,4,16.7,1,0.8649,0.0,0.0,0.0,0.0,0.0,0.8649,0,CAMBIO,4,10.47,ARROJADO,1.77,TRIBUTADO,1.0,0
synth-cli-0180,firf-0,2026-02-12,987085.83,MODERADO,MODERADO,4,16.7,1,0.8649,0.0,0.0,0.0,0.0,0.0,0.8649,0,FUNDOS,2,12.61,CONSERVADOR,0.86,TRIBUTADO,1.0,1
synth-cli-0180,rv-knri11,2026-03-01,987085.83,MODERADO,MODERADO,4,16.7,1,0.8649,0.0,0.0,0.0,0.0,0.0,0.8649,0,RENDA_VARIAVEL,3,11.32,MODERADO,0.0,ISENTO,0.067,1
synth-cli-0180,rf-cdb-1,2026-04-13,987085.83,MODERADO,MODERADO,4,16.7,1,0.8649,0.0,0.0,0.0,0.0,0.0,0.8649,0,RENDA_FIXA,1,11.46,CONSERVADOR,0.0,TRIBUTADO,0.056,0
synth-cli-0180,rv-bpac11,2026-03-22,987085.83,MODERADO,MODERADO,4,16.7,1,0.8649,0.0,0.0,0.0,0.0,0.0,0.8649,0,RENDA_VARIAVEL,4,19.32,ARROJADO,0.0,ISENTO,0.067,0
synth-cli-0180,prev-2,2026-01-01,987085.83,MODERADO,MODERADO,4,16.7,1,0.8649,0.0,0.0,0.0,0.0,0.0,0.8649,0,PREVIDENCIA,2,10.47,MODERADO,0.87,INCENTIVADO,0.167,1
synth-cli-0180,prev-0,2026-02-25,987085.83,MODERADO,MODERADO,4,16.7,1,0.8649,0.0,0.0,0.0,0.0,0.0,0.8649,0,PREVIDENCIA,2,10.09,CONSERVADOR,0.96,INCENTIVADO,0.167,0
synth-cli-0180,rv-itsa4,2026-03-09,987085.83,MODERADO,MODERADO,4,16.7,1,0.8649,0.0,0.0,0.0,0.0,0.0,0.8649,0,RENDA_VARIAVEL,4,15.45,ARROJADO,0.0,TRIBUTADO,0.067,0
synth-cli-0180,rv-btlg11,2026-05-13,987085.83,MODERADO,MODERADO,4,16.7,1,0.8649,0.0,0.0,0.0,0.0,0.0,0.8649,0,RENDA_VARIAVEL,3,11.31,MODERADO,0.0,ISENTO,0.067,1
synth-cli-0180,rf-cdb-3,2026-05-10,987085.83,MODERADO,MODERADO,4,16.7,1,0.8649,0.0,0.0,0.0,0.0,0.0,0.8649,0,RENDA_FIXA,1,13.62,CONSERVADOR,0.0,TRIBUTADO,0.042,1
synth-cli-0180,rf-isento-0,2026-02-21,987085.83,MODERADO,MODERADO,4,16.7,1,0.8649,0.0,0.0,0.0,0.0,0.0,0.8649,1,RENDA_FIXA,1,11.04,CONSERVADOR,0.0,ISENTO,24.0,0
synth-cli-0180,rf-pub-1,2026-05-24,987085.83,MODERADO,MODERADO,4,16.7,1,0.8649,0.0,0.0,0.0,0.0,0.0,0.8649,0,RENDA_FIXA,3,12.55,MODERADO,0.0,INCENTIVADO,36.0,0
synth-cli-0180,rf-pub-2,2026-02-28,987085.83,MODERADO,MODERADO,4,16.7,1,0.8649,0.0,0.0,0.0,0.0,0.0,0.8649,0,RENDA_FIXA,3,13.26,MODERADO,0.0,INCENTIVADO,36.0,1
synth-cli-0180,rf-isento-2,2026-05-19,987085.83,MODERADO,MODERADO,4,16.7,1,0.8649,0.0,0.0,0.0,0.0,0.0,0.8649,0,RENDA_FIXA,1,11.97,CONSERVADOR,0.0,ISENTO,24.0,0
synth-cli-0180,prev-1,2026-01-22,987085.83,MODERADO,MODERADO,4,16.7,1,0.8649,0.0,0.0,0.0,0.0,0.0,0.8649,0,PREVIDENCIA,3,10.58,MODERADO,0.86,INCENTIVADO,0.167,1
synth-cli-0181,rf-pub-0,2026-03-04,5947829.62,AGRESSIVO,AGRESSIVO,14,38.2,2,0.0,0.0,0.7592,0.0,0.0,0.2279,0.7592,0,RENDA_FIXA,1,6.5,CONSERVADOR,0.0,TRIBUTADO,0.033,0
synth-cli-0181,firf-1,2026-05-23,5947829.62,AGRESSIVO,AGRESSIVO,14,38.2,2,0.0,0.0,0.7592,0.0,0.0,0.2279,0.7592,0,FUNDOS,2,12.07,CONSERVADOR,0.99,TRIBUTADO,1.0,0
synth-cli-0181,prev-0,2026-03-01,5947829.62,AGRESSIVO,AGRESSIVO,14,38.2,2,0.0,0.0,0.7592,0.0,0.0,0.2279,0.7592,0,PREVIDENCIA,2,10.09,CONSERVADOR,0.96,INCENTIVADO,0.167,1
synth-cli-0181,rf-isento-2,2026-04-28,5947829.62,AGRESSIVO,AGRESSIVO,14,38.2,2,0.0,0.0,0.7592,0.0,0.0,0.2279,0.7592,0,RENDA_FIXA,1,11.97,CONSERVADOR,0.0,ISENTO,24.0,1
synth-cli-0181,rv-knri11,2026-01-20,5947829.62,AGRESSIVO,AGRESSIVO,14,38.2,2,0.0,0.0,0.7592,0.0,0.0,0.2279,0.7592,0,RENDA_VARIAVEL,3,11.32,MODERADO,0.0,ISENTO,0.067,1
synth-cli-0181,fundo-mm-4,2026-04-25,5947829.62,AGRESSIVO,AGRESSIVO,14,38.2,2,0.0,0.0,0.7592,0.0,0.0,0.2279,0.7592,1,FUNDOS,3,12.89,MODERADO,2.27,TRIBUTADO,1.604,0
synth-cli-0181,cambio-1,2026-02-10,5947829.62,AGRESSIVO,AGRESSIVO,14,38.2,2,0.0,0.0,0.7592,0.0,0.0,0.2279,0.7592,0,CAMBIO,4,10.47,ARROJADO,1.77,TRIBUTADO,1.0,1
synth-cli-0181,coe-0,2026-01-22,5947829.62,AGRESSIVO,AGRESSIVO,14,38.2,2,0.0,0.0,0.7592,0.0,0.0,0.2279,0.7592,0,ESTRUTURADOS,5,19.22,ARROJADO,0.0,TRIBUTADO,36.0,1
synth-cli-0181,fundo-mm-1,2026-01-16,5947829.62,AGRESSIVO,AGRESSIVO,14,38.2,2,0.0,0.0,0.7592,0.0,0.0,0.2279,0.7592,0,FUNDOS,4,15.74,ARROJADO,1.01,TRIBUTADO,1.806,1
synth-cli-0181,coe-1,2026-02-02,5947829.62,AGRESSIVO,AGRESSIVO,14,38.2,2,0.0,0.0,0.7592,0.0,0.0,0.2279,0.7592,0,ESTRUTURADOS,5,22.09,ARROJADO,0.0,TRIBUTADO,36.0,1
synth-cli-0181,firf-2,2026-02-09,5947829.62,AGRESSIVO,AGRESSIVO,14,38.2,2,0.0,0.0,0.7592,0.0,0.0,0.2279,0.7592,0,FUNDOS,2,11.76,CONSERVADOR,0.78,TRIBUTADO,1.0,0
synth-cli-0181,rv-itsa4,2026-01-27,5947829.62,AGRESSIVO,AGRESSIVO,14,38.2,2,0.0,0.0,0.7592,0.0,0.0,0.2279,0.7592,0,RENDA_VARIAVEL,4,15.45,ARROJADO,0.0,TRIBUTADO,0.067,1
synth-cli-0181,rv-btlg11,2026-03-15,5947829.62,AGRESSIVO,AGRESSIVO,14,38.2,2,0.0,0.0,0.7592,0.0,0.0,0.2279,0.7592,0,RENDA_VARIAVEL,3,11.31,MODERADO,0.0,ISENTO,0.067,1
synth-cli-0181,rf-pub-2,2026-03-07,5947829.62,AGRESSIVO,AGRESSIVO,14,38.2,2,0.0,0.0,0.7592,0.0,0.0,0.2279,0.7592,0,RENDA_FIXA,3,13.26,MODERADO,0.0,INCENTIVADO,36.0,1
synth-cli-0181,cambio-0,2026-02-27,5947829.62,AGRESSIVO,AGRESSIVO,14,38.2,2,0.0,0.0,0.7592,0.0,0.0,0.2279,0.7592,0,CAMBIO,4,11.55,ARROJADO,1.87,TRIBUTADO,1.0,1
synth-cli-0181,prev-2,2026-05-04,5947829.62,AGRESSIVO,AGRESSIVO,14,38.2,2,0.0,0.0,0.7592,0.0,0.0,0.2279,0.7592,0,PREVIDENCIA,2,10.47,MODERADO,0.87,INCENTIVADO,0.167,1
synth-cli-0181,rf-isento-0,2026-01-01,5947829.62,AGRESSIVO,AGRESSIVO,14,38.2,2,0.0,0.0,0.7592,0.0,0.0,0.2279,0.7592,0,RENDA_FIXA,1,11.04,CONSERVADOR,0.0,ISENTO,24.0,0
synth-cli-0181,rf-isento-1,2026-03-28,5947829.62,AGRESSIVO,AGRESSIVO,14,38.2,2,0.0,0.0,0.7592,0.0,0.0,0.2279,0.7592,0,RENDA_FIXA,1,11.3,CONSERVADOR,0.0,ISENTO,24.0,0
synth-cli-0182,rv-btlg11,2026-05-17,13384791.97,AGRESSIVO,AGRESSIVO,17,46.5,5,0.0,0.2027,0.4555,0.0579,0.1279,0.0581,0.4555,0,RENDA_VARIAVEL,3,11.31,MODERADO,0.0,ISENTO,0.067,0
synth-cli-0182,coe-0,2026-01-20,13384791.97,AGRESSIVO,AGRESSIVO,17,46.5,5,0.0,0.2027,0.4555,0.0579,0.1279,0.0581,0.4555,0,ESTRUTURADOS,5,19.22,ARROJADO,0.0,TRIBUTADO,36.0,1
synth-cli-0182,rv-ivvb11,2026-03-12,13384791.97,AGRESSIVO,AGRESSIVO,17,46.5,5,0.0,0.2027,0.4555,0.0579,0.1279,0.0581,0.4555,0,RENDA_VARIAVEL,4,17.47,ARROJADO,0.0,ISENTO,0.067,1
synth-cli-0182,prev-1,2026-05-17,13384791.97,AGRESSIVO,AGRESSIVO,17,46.5,5,0.0,0.2027,0.4555,0.0579,0.1279,0.0581,0.4555,0,PREVIDENCIA,3,10.58,MODERADO,0.86,INCENTIVADO,0.167,1
synth-cli-0182,rf-cdb-3,2026-02-11,13384791.97,AGRESSIVO,AGRESSIVO,17,46.5,5,0.0,0.2027,0.4555,0.0579,0.1279,0.0581,0.4555,0,RENDA_FIXA,1,13.62,CONSERVADOR,0.0,TRIBUTADO,0.042,1
synth-cli-0182,rf-isento-1,2026-04-14,13384791.97,AGRESSIVO,AGRESSIVO,17,46.5,5,0.0,0.2027,0.4555,0.0579,0.1279,0.0581,0.4555,0,RENDA_FIXA,1,11.3,CONSERVADOR,0.0,ISENTO,24.0,1
synth-cli-0182,prev-0,2026-05-14,13384791.97,AGRESSIVO,AGRESSIVO,17,46.5,5,0.0,0.2027,0.4555,0.0579,0.1279,0.0581,0.4555,0,PREVIDENCIA,2,10.09,CONSERVADOR,0.96,INCENTIVADO,0.167,0
synth-cli-0182,rf-cdb-2,2026-04-18,13384791.97,AGRESSIVO,AGRESSIVO,17,46.5,5,0.0,0.2027,0.4555,0.0579,0.1279,0.0581,0.4555,0,RENDA_FIXA,1,13.08,CONSERVADOR,0.0,TRIBUTADO,0.101,0
synth-cli-0182,rf-cdb-1,2026-04-23,13384791.97,AGRESSIVO,AGRESSIVO,17,46.5,5,0.0,0.2027,0.4555,0.0579,0.1279,0.0581,0.4555,0,RENDA_FIXA,1,11.46,CONSERVADOR,0.0,TRIBUTADO,0.056,1
synth-cli-0182,fundo-mm-0,2026-03-24,13384791.97,AGRESSIVO,AGRESSIVO,17,46.5,5,0.0,0.2027,0.4555,0.0579,0.1279,0.0581,0.4555,0,FUNDOS,3,14.68,MODERADO,1.33,TRIBUTADO,1.589,1
synth-cli-0182,rf-pub-0,2026-05-14,13384791.97,AGRESSIVO,AGRESSIVO,17,46.5,5,0.0,0.2027,0.4555,0.0579,0.1279,0.0581,0.4555,0,RENDA_FIXA,1,6.5,CONSERVADOR,0.0,TRIBUTADO,0.033,0
synth-cli-0182,fundo-mm-3,2026-03-26,13384791.97,AGRESSIVO,AGRESSIVO,17,46.5,5,0.0,0.2027,0.4555,0.0579,0.1279,0.0581,0.4555,0,FUNDOS,4,16.33,ARROJADO,1.5,TRIBUTADO,1.093,0
synth-cli-0183,rf-pub-0,2026-02-03,1978510.94,MODERADO,MODERADO,10,18.3,4,0.4747,0.0935,0.1131,0.1229,0.0,0.0,0.4747,0,RENDA_FIXA,1,6.5,CONSERVADOR,0.0,TRIBUTADO,0.033,0
synth-cli-0183,firf-0,2026-02-21,1978510.94,MODERADO,MODERADO,10,18.3,4,0.4747,0.0935,0.1131,0.1229,0.0,0.0,0.4747,0,FUNDOS,2,12.61,CONSERVADOR,0.86,TRIBUTADO,1.0,0
synth-cli-0183,rf-cdb-4,2026-03-28,1978510.94,MODERADO,MODERADO,10,18.3,4,0.4747,0.0935,0.1131,0.1229,0.0,0.0,0.4747,0,RENDA_FIXA,1,11.98,CONSERVADOR,0.0,TRIBUTADO,0.036,0
synth-cli-0183,rf-isento-1,2026-02-01,1978510.94,MODERADO,MODERADO,10,18.3,4,0.4747,0.0935,0.1131,0.1229,0.0,0.0,0.4747,1,RENDA_FIXA,1,11.3,CONSERVADOR,0.0,ISENTO,24.0,0
synth-cli-0183,rv-bpac11,2026-04-02,1978510.94,MODERADO,MODERADO,10,18.3,4,0.4747,0.0935,0.1131,0.1229,0.0,0.0,0.4747,0,RENDA_VARIAVEL,4,19.32,ARROJADO,0.0,ISENTO,0.067,0
synth-cli-0183,rf-cdb-3,2026-04-18,1978510.94,MODERADO,MODERADO,10,18.3,4,0.4747,0.0935,0.1131,0.1229,0.0,0.0,0.4747,0,RENDA_FIXA,1,13.62,CONSERVADOR,0.0,TRIBUTADO,0.042,0
synth-cli-0183,rf-cdb-2,2026-03-28,1978510.94,MODERADO,MODERADO,10,18.3,4,0.4747,0.0935,0.1131,0.1229,0.0,0.0,0.4747,0,RENDA_FIXA,1,13.08,CONSERVADOR,0.0,TRIBUTADO,0.101,1
synth-cli-0183,rv-btlg11,2026-05-13,1978510.94,MODERADO,MODERADO,10,18.3,4,0.4747,0.0935,0.1131,0.1229,0.0,0.0,0.4747,0,RENDA_VARIAVEL,3,11.31,MODERADO,0.0,ISENTO,0.067,0
synth-cli-0183,fundo-mm-2,2026-02-16,1978510.94,MODERADO,MODERADO,10,18.3,4,0.4747,0.0935,0.1131,0.1229,0.0,0.0,0.4747,0,FUNDOS,3,15.29,MODERADO,1.51,TRIBUTADO,1.155,0
synth-cli-0183,rf-isento-2,2026-02-14,1978510.94,MODERADO,MODERADO,10,18.3,4,0.4747,0.0935,0.1131,0.1229,0.0,0.0,0.4747,0,RENDA_FIXA,1,11.97,CONSERVADOR,0.0,ISENTO,24.0,0
synth-cli-0183,rf-cdb-0,2026-03-21,1978510.94,MODERADO,MODERADO,10,18.3,4,0.4747,0.0935,0.1131,0.1229,0.0,0.0,0.4747,0,RENDA_FIXA,1,12.74,CONSERVADOR,0.0,TRIBUTADO,0.036,0
synth-cli-0183,coe-1,2026-01-05,1978510.94,MODERADO,MODERADO,10,18.3,4,0.4747,0.0935,0.1131,0.1229,0.0,0.0,0.4747,0,ESTRUTURADOS,5,22.09,ARROJADO,0.0,TRIBUTADO,36.0,0
